transaction_id,account_number,amount,transaction_type,description,occurred_at,counterparty_account_number
1,880334455004,474871,DEPOSIT,"월급 입금","2024-11-12T01:17:26.160Z",
2,941566778003,13000,WITHDRAWAL,"의료비 출금","2024-11-12T01:22:56.160Z",
3,941566778003,6500,PAYMENT,"온라인 쇼핑","2024-11-12T02:35:16.160Z",
4,210123987002,818218,TRANSFER,"월세 이체","2024-11-12T03:10:55.160Z",330111222333
5,880334455004,2387744,DEPOSIT,"배당금 입금","2024-11-12T03:25:44.160Z",
6,210123987002,896276,TRANSFER,"월세 이체","2024-11-12T05:27:50.160Z",660555444333
7,210123987002,1237570,TRANSFER,"월세 이체","2024-11-12T05:59:03.160Z",330111222333
8,210123987002,2394474,DEPOSIT,"월급 입금","2024-11-12T06:35:40.160Z",
9,210123987002,1155691,TRANSFER,"친구에게 송금","2024-11-12T07:15:50.160Z",550987654321
10,210123987002,306361,TRANSFER,"대출이자 납부","2024-11-12T07:46:15.160Z",330111222333
11,880334455004,2382030,DEPOSIT,"배당금 입금","2024-11-12T09:00:36.160Z",
12,941566778003,13000,WITHDRAWAL,"교육비 출금","2024-11-12T09:13:56.160Z",
13,880334455004,244334,DEPOSIT,"월급 입금","2024-11-12T09:15:41.160Z",
14,210123987002,2030273,DEPOSIT,"자금 이체","2024-11-12T09:50:14.160Z",
15,941566778003,13000,WITHDRAWAL,"교육비 출금","2024-11-12T11:45:53.160Z",
16,110456789001,1224026,TRANSFER,"대출이자 납부","2024-11-12T13:06:36.160Z",330111222333
17,941566778003,14300,WITHDRAWAL,"의료비 출금","2024-11-13T02:01:42.160Z",
18,210123987002,406359,TRANSFER,"대출이자 납부","2024-11-13T02:37:54.160Z",330111222333
19,941566778003,14300,WITHDRAWAL,"교육비 출금","2024-11-13T02:56:16.160Z",
20,941566778003,14300,WITHDRAWAL,"교육비 출금","2024-11-13T03:05:56.160Z",
21,210123987002,657686,WITHDRAWAL,"교육비 출금","2024-11-13T03:06:58.160Z",
22,110456789001,304637,TRANSFER,"친구에게 송금","2024-11-13T03:24:11.160Z",770123456789
23,941566778003,14300,WITHDRAWAL,"의료비 출금","2024-11-13T03:40:43.160Z",
24,880334455004,3673656,DEPOSIT,"배당금 입금","2024-11-13T04:37:26.160Z",
25,880334455004,433282,DEPOSIT,"배당금 입금","2024-11-13T06:17:12.160Z",
26,941566778003,14300,WITHDRAWAL,"교육비 출금","2024-11-13T06:44:11.160Z",
27,210123987002,500187,WITHDRAWAL,"경조사비","2024-11-13T07:58:12.160Z",
28,210123987002,64104,TRANSFER,"월세 이체","2024-11-13T08:09:03.160Z",660555444333
29,210123987002,195026,WITHDRAWAL,"의료비 출금","2024-11-13T09:53:25.160Z",
30,110456789001,261481,DEPOSIT,"배당금 입금","2024-11-13T09:54:22.160Z",
31,880334455004,1553932,DEPOSIT,"자금 이체","2024-11-13T10:11:40.160Z",
32,110456789001,1047770,TRANSFER,"친구에게 송금","2024-11-13T10:14:50.160Z",330111222333
33,110456789001,378157,PAYMENT,"교통비 결제","2024-11-13T12:10:10.160Z",
34,110456789001,544760,WITHDRAWAL,"경조사비","2024-11-13T12:17:05.160Z",
35,210123987002,128597,WITHDRAWAL,"생활비 출금","2024-11-13T12:17:27.160Z",
36,941566778003,14300,WITHDRAWAL,"교육비 출금","2024-11-13T12:23:29.160Z",
37,941566778003,14300,WITHDRAWAL,"의료비 출금","2024-11-13T12:30:39.160Z",
38,880334455004,1948883,DEPOSIT,"보너스 입금","2024-11-13T13:19:24.160Z",
39,110456789001,662995,TRANSFER,"월세 이체","2024-11-13T13:37:44.160Z",550987654321
40,210123987002,762966,WITHDRAWAL,"ATM 출금","2024-11-14T00:52:50.160Z",
41,110456789001,316625,TRANSFER,"월세 이체","2024-11-14T00:54:10.160Z",330111222333
42,110456789001,1728867,DEPOSIT,"배당금 입금","2024-11-14T02:00:06.160Z",
43,210123987002,274643,DEPOSIT,"보너스 입금","2024-11-14T03:31:20.160Z",
44,210123987002,2457176,DEPOSIT,"월급 입금","2024-11-14T04:51:18.160Z",
45,110456789001,4120803,DEPOSIT,"자금 이체","2024-11-14T06:24:00.160Z",
46,110456789001,39860,WITHDRAWAL,"교육비 출금","2024-11-14T07:09:30.160Z",
47,210123987002,189346,WITHDRAWAL,"교육비 출금","2024-11-14T07:12:54.160Z",
48,210123987002,704828,WITHDRAWAL,"교육비 출금","2024-11-14T07:21:27.160Z",
49,880334455004,2733438,DEPOSIT,"월급 입금","2024-11-14T07:44:41.160Z",
50,210123987002,368094,WITHDRAWAL,"ATM 출금","2024-11-14T07:57:51.160Z",
51,110456789001,771773,TRANSFER,"가족 송금","2024-11-14T07:59:30.160Z",770123456789
52,110456789001,1906012,DEPOSIT,"자금 이체","2024-11-14T08:39:51.160Z",
53,210123987002,508232,WITHDRAWAL,"교육비 출금","2024-11-14T09:53:47.160Z",
54,210123987002,316920,WITHDRAWAL,"생활비 출금","2024-11-14T10:31:25.160Z",
55,941566778003,7800,PAYMENT,"통신요금 납부","2024-11-14T12:04:34.160Z",
56,210123987002,767434,WITHDRAWAL,"의료비 출금","2024-11-14T12:23:19.160Z",
57,880334455004,1143271,DEPOSIT,"보너스 입금","2024-11-14T12:44:38.160Z",
58,880334455004,2022519,DEPOSIT,"배당금 입금","2024-11-14T12:55:02.160Z",
59,880334455004,1473456,DEPOSIT,"월급 입금","2024-11-14T13:23:22.160Z",
60,210123987002,1407260,TRANSFER,"대출이자 납부","2024-11-15T01:28:01.160Z",330111222333
61,941566778003,16900,WITHDRAWAL,"ATM 출금","2024-11-15T01:48:04.160Z",
62,110456789001,1503645,TRANSFER,"적금 이체","2024-11-15T01:48:09.160Z",330111222333
63,880334455004,1430024,DEPOSIT,"월급 입금","2024-11-15T02:04:16.160Z",
64,880334455004,4159793,DEPOSIT,"보너스 입금","2024-11-15T02:10:49.160Z",
65,110456789001,403157,TRANSFER,"월세 이체","2024-11-15T02:17:19.160Z",770123456789
66,941566778003,16900,WITHDRAWAL,"교육비 출금","2024-11-15T02:46:59.160Z",
67,110456789001,975128,TRANSFER,"적금 이체","2024-11-15T02:48:35.160Z",770123456789
68,941566778003,16900,WITHDRAWAL,"경조사비","2024-11-15T06:28:05.160Z",
69,110456789001,464476,WITHDRAWAL,"경조사비","2024-11-15T07:12:31.160Z",
70,941566778003,8450,PAYMENT,"공과금 납부","2024-11-15T07:37:09.160Z",
71,941566778003,8450,PAYMENT,"식비 결제","2024-11-15T08:39:00.160Z",
72,880334455004,2981880,DEPOSIT,"부업 수입","2024-11-15T10:23:27.160Z",
73,110456789001,3532188,DEPOSIT,"배당금 입금","2024-11-15T10:46:26.160Z",
74,880334455004,3963339,DEPOSIT,"보너스 입금","2024-11-15T11:13:35.160Z",
75,880334455004,3483354,DEPOSIT,"배당금 입금","2024-11-15T12:17:54.160Z",
76,941566778003,8450,PAYMENT,"식비 결제","2024-11-15T12:27:50.160Z",
77,941566778003,16900,WITHDRAWAL,"교육비 출금","2024-11-15T12:28:24.160Z",
78,110456789001,341058,PAYMENT,"공과금 납부","2024-11-15T13:30:14.160Z",
79,880334455004,4442082,DEPOSIT,"부업 수입","2024-11-15T13:46:23.160Z",
80,941566778003,5005,PAYMENT,"보험료 납부","2024-11-16T02:16:09.160Z",
81,941566778003,14300,WITHDRAWAL,"교육비 출금","2024-11-16T02:27:28.160Z",
82,880334455004,1929856,DEPOSIT,"부업 수입","2024-11-16T02:59:53.160Z",
83,880334455004,666953,DEPOSIT,"자금 이체","2024-11-16T03:15:22.160Z",
84,210123987002,358376,WITHDRAWAL,"생활비 출금","2024-11-16T04:52:11.160Z",
85,210123987002,1101058,DEPOSIT,"부업 수입","2024-11-16T05:04:33.160Z",
86,210123987002,246935,WITHDRAWAL,"생활비 출금","2024-11-16T05:23:56.160Z",
87,880334455004,1327652,DEPOSIT,"보너스 입금","2024-11-16T06:25:24.160Z",
88,941566778003,5005,PAYMENT,"카드대금 결제","2024-11-16T07:10:07.160Z",
89,210123987002,632141,DEPOSIT,"배당금 입금","2024-11-16T08:23:33.160Z",
90,941566778003,14300,WITHDRAWAL,"교육비 출금","2024-11-16T09:57:09.160Z",
91,210123987002,2909553,DEPOSIT,"월급 입금","2024-11-16T10:39:01.160Z",
92,880334455004,1771944,DEPOSIT,"자금 이체","2024-11-16T11:02:03.160Z",
93,880334455004,1845249,DEPOSIT,"월급 입금","2024-11-17T00:27:00.160Z",
94,210123987002,1000222,DEPOSIT,"부업 수입","2024-11-17T00:27:22.160Z",
95,210123987002,47300,WITHDRAWAL,"의료비 출금","2024-11-17T01:07:38.160Z",
96,210123987002,144407,TRANSFER,"적금 이체","2024-11-17T04:47:33.160Z",330111222333
97,110456789001,894866,TRANSFER,"월세 이체","2024-11-17T04:49:12.160Z",770123456789
98,110456789001,707697,TRANSFER,"가족 송금","2024-11-17T05:11:05.160Z",330111222333
99,941566778003,3185,PAYMENT,"공과금 납부","2024-11-17T07:34:02.160Z",
100,941566778003,9100,WITHDRAWAL,"경조사비","2024-11-17T07:54:48.160Z",
101,880334455004,450421,DEPOSIT,"월급 입금","2024-11-17T08:10:39.160Z",
102,880334455004,1879766,DEPOSIT,"배당금 입금","2024-11-17T08:27:32.160Z",
103,210123987002,416413,WITHDRAWAL,"교육비 출금","2024-11-17T08:28:09.160Z",
104,880334455004,2439725,DEPOSIT,"자금 이체","2024-11-17T09:17:39.160Z",
105,110456789001,2155861,DEPOSIT,"부업 수입","2024-11-17T10:32:27.160Z",
106,880334455004,254508,DEPOSIT,"자금 이체","2024-11-17T10:50:33.160Z",
107,110456789001,52431,WITHDRAWAL,"경조사비","2024-11-17T11:38:35.160Z",
108,210123987002,821597,TRANSFER,"월세 이체","2024-11-17T12:20:33.160Z",770123456789
109,210123987002,1344213,DEPOSIT,"부업 수입","2024-11-17T12:33:33.160Z",
110,110456789001,109418,PAYMENT,"보험료 납부","2024-11-17T12:34:21.160Z",
111,110456789001,1158535,DEPOSIT,"배당금 입금","2024-11-17T12:45:12.160Z",
112,880334455004,873213,DEPOSIT,"보너스 입금","2024-11-17T13:41:57.160Z",
113,880334455004,3012029,DEPOSIT,"월급 입금","2024-11-18T01:48:15.160Z",
114,880334455004,3133973,DEPOSIT,"월급 입금","2024-11-18T02:03:03.160Z",
115,210123987002,1862772,DEPOSIT,"배당금 입금","2024-11-18T02:22:57.160Z",
116,210123987002,797592,TRANSFER,"대출이자 납부","2024-11-18T02:53:44.160Z",330111222333
117,880334455004,3073423,DEPOSIT,"부업 수입","2024-11-18T04:14:58.160Z",
118,880334455004,2450157,DEPOSIT,"자금 이체","2024-11-18T04:21:45.160Z",
119,880334455004,561960,DEPOSIT,"배당금 입금","2024-11-18T04:23:55.160Z",
120,941566778003,6500,PAYMENT,"카드대금 결제","2024-11-18T05:01:47.160Z",
121,210123987002,2370309,DEPOSIT,"자금 이체","2024-11-18T05:23:46.160Z",
122,941566778003,13000,WITHDRAWAL,"의료비 출금","2024-11-18T05:33:43.160Z",
123,110456789001,1489562,DEPOSIT,"월급 입금","2024-11-18T06:47:00.160Z",
124,941566778003,13000,WITHDRAWAL,"ATM 출금","2024-11-18T06:52:03.160Z",
125,941566778003,6500,PAYMENT,"교통비 결제","2024-11-18T07:02:34.160Z",
126,210123987002,697034,TRANSFER,"대출이자 납부","2024-11-18T08:12:48.160Z",330111222333
127,210123987002,3060588,DEPOSIT,"자금 이체","2024-11-18T08:36:15.160Z",
128,210123987002,171918,TRANSFER,"적금 이체","2024-11-18T09:08:24.160Z",770123456789
129,210123987002,62432,WITHDRAWAL,"생활비 출금","2024-11-18T09:11:02.160Z",
130,941566778003,13000,WITHDRAWAL,"교육비 출금","2024-11-18T10:11:12.160Z",
131,941566778003,13000,WITHDRAWAL,"의료비 출금","2024-11-18T11:20:30.160Z",
132,880334455004,1430140,DEPOSIT,"배당금 입금","2024-11-18T12:14:07.160Z",
133,941566778003,6500,PAYMENT,"교통비 결제","2024-11-18T13:27:48.160Z",
134,210123987002,358634,WITHDRAWAL,"ATM 출금","2024-11-19T00:05:39.160Z",
135,210123987002,281463,WITHDRAWAL,"교육비 출금","2024-11-19T02:19:39.160Z",
136,941566778003,13000,WITHDRAWAL,"교육비 출금","2024-11-19T02:24:16.160Z",
137,210123987002,188977,DEPOSIT,"자금 이체","2024-11-19T03:47:02.160Z",
138,210123987002,139247,TRANSFER,"대출이자 납부","2024-11-19T04:22:03.160Z",770123456789
139,941566778003,13000,WITHDRAWAL,"생활비 출금","2024-11-19T06:58:08.160Z",
140,110456789001,566996,TRANSFER,"가족 송금","2024-11-19T08:27:09.160Z",770123456789
141,210123987002,156970,TRANSFER,"대출이자 납부","2024-11-19T08:53:40.160Z",770123456789
142,880334455004,1840641,DEPOSIT,"자금 이체","2024-11-19T09:12:03.160Z",
143,210123987002,3149547,DEPOSIT,"배당금 입금","2024-11-19T11:01:00.160Z",
144,941566778003,6500,PAYMENT,"공과금 납부","2024-11-19T11:44:31.160Z",
145,880334455004,3250668,DEPOSIT,"월급 입금","2024-11-19T13:07:22.160Z",
146,110456789001,327335,PAYMENT,"온라인 쇼핑","2024-11-19T13:07:25.160Z",
147,110456789001,287933,PAYMENT,"공과금 납부","2024-11-19T13:25:41.160Z",
148,210123987002,695368,TRANSFER,"적금 이체","2024-11-20T00:24:31.160Z",660555444333
149,941566778003,7150,PAYMENT,"통신요금 납부","2024-11-20T00:25:27.160Z",
150,941566778003,7150,PAYMENT,"공과금 납부","2024-11-20T00:32:46.160Z",
151,880334455004,2209585,DEPOSIT,"월급 입금","2024-11-20T00:38:19.160Z",
152,880334455004,3231565,DEPOSIT,"보너스 입금","2024-11-20T01:14:19.160Z",
153,880334455004,379868,DEPOSIT,"부업 수입","2024-11-20T02:19:22.160Z",
154,941566778003,14300,WITHDRAWAL,"경조사비","2024-11-20T02:51:23.160Z",
155,941566778003,7150,PAYMENT,"공과금 납부","2024-11-20T03:50:02.160Z",
156,941566778003,14300,WITHDRAWAL,"생활비 출금","2024-11-20T04:15:18.160Z",
157,110456789001,864682,TRANSFER,"친구에게 송금","2024-11-20T04:53:27.160Z",770123456789
158,880334455004,2583320,DEPOSIT,"월급 입금","2024-11-20T05:46:07.160Z",
159,110456789001,121967,WITHDRAWAL,"교육비 출금","2024-11-20T05:53:48.160Z",
160,941566778003,7150,PAYMENT,"온라인 쇼핑","2024-11-20T06:48:37.160Z",
161,210123987002,201772,TRANSFER,"대출이자 납부","2024-11-20T07:00:23.160Z",330111222333
162,941566778003,14300,WITHDRAWAL,"교육비 출금","2024-11-20T09:10:44.160Z",
163,110456789001,961627,TRANSFER,"대출이자 납부","2024-11-20T09:45:07.160Z",550987654321
164,941566778003,7150,PAYMENT,"카드대금 결제","2024-11-20T10:33:28.160Z",
165,110456789001,136639,PAYMENT,"교통비 결제","2024-11-20T12:09:18.160Z",
166,880334455004,2808312,DEPOSIT,"배당금 입금","2024-11-20T12:16:36.160Z",
167,210123987002,83519,WITHDRAWAL,"ATM 출금","2024-11-20T12:35:22.160Z",
168,880334455004,664375,DEPOSIT,"월급 입금","2024-11-21T00:18:05.160Z",
169,110456789001,1819308,DEPOSIT,"배당금 입금","2024-11-21T00:22:34.160Z",
170,941566778003,7800,PAYMENT,"보험료 납부","2024-11-21T00:25:35.160Z",
171,110456789001,155625,PAYMENT,"식비 결제","2024-11-21T01:36:55.160Z",
172,941566778003,7800,PAYMENT,"카드대금 결제","2024-11-21T02:17:40.160Z",
173,941566778003,15600,WITHDRAWAL,"ATM 출금","2024-11-21T02:30:08.160Z",
174,880334455004,690239,DEPOSIT,"자금 이체","2024-11-21T03:03:03.160Z",
175,110456789001,670930,WITHDRAWAL,"생활비 출금","2024-11-21T04:05:47.160Z",
176,210123987002,778982,TRANSFER,"대출이자 납부","2024-11-21T04:24:56.160Z",550987654321
177,941566778003,15600,WITHDRAWAL,"의료비 출금","2024-11-21T06:08:53.160Z",
178,210123987002,1025651,TRANSFER,"대출이자 납부","2024-11-21T06:14:36.160Z",770123456789
179,880334455004,3861894,DEPOSIT,"배당금 입금","2024-11-21T07:19:39.160Z",
180,110456789001,444624,WITHDRAWAL,"ATM 출금","2024-11-21T07:49:53.160Z",
181,941566778003,7800,PAYMENT,"카드대금 결제","2024-11-21T07:52:12.160Z",
182,110456789001,169793,TRANSFER,"친구에게 송금","2024-11-21T08:06:34.160Z",770123456789
183,880334455004,1122884,DEPOSIT,"배당금 입금","2024-11-21T08:38:25.160Z",
184,941566778003,7800,PAYMENT,"온라인 쇼핑","2024-11-21T08:46:46.160Z",
185,110456789001,433099,WITHDRAWAL,"경조사비","2024-11-21T09:20:53.160Z",
186,110456789001,794602,TRANSFER,"월세 이체","2024-11-21T10:04:08.160Z",550987654321
187,210123987002,109189,WITHDRAWAL,"의료비 출금","2024-11-21T11:25:43.160Z",
188,210123987002,755372,TRANSFER,"적금 이체","2024-11-21T11:26:11.160Z",660555444333
189,210123987002,2291079,DEPOSIT,"부업 수입","2024-11-21T12:32:42.160Z",
190,941566778003,7800,PAYMENT,"교통비 결제","2024-11-21T13:20:01.160Z",
191,941566778003,15600,WITHDRAWAL,"교육비 출금","2024-11-21T13:54:51.160Z",
192,880334455004,1823148,DEPOSIT,"배당금 입금","2024-11-21T13:56:52.160Z",
193,210123987002,885133,TRANSFER,"월세 이체","2024-11-22T00:25:28.160Z",550987654321
194,941566778003,16900,WITHDRAWAL,"의료비 출금","2024-11-22T02:17:35.160Z",
195,110456789001,269487,PAYMENT,"공과금 납부","2024-11-22T02:33:22.160Z",
196,110456789001,424982,WITHDRAWAL,"경조사비","2024-11-22T03:23:24.160Z",
197,110456789001,1448669,TRANSFER,"적금 이체","2024-11-22T03:45:26.160Z",770123456789
198,880334455004,4928028,DEPOSIT,"자금 이체","2024-11-22T04:53:18.160Z",
199,880334455004,998834,DEPOSIT,"자금 이체","2024-11-22T06:14:57.160Z",
200,941566778003,8450,PAYMENT,"카드대금 결제","2024-11-22T06:29:47.160Z",
201,210123987002,387737,TRANSFER,"친구에게 송금","2024-11-22T06:40:42.160Z",330111222333
202,941566778003,8450,PAYMENT,"교통비 결제","2024-11-22T06:57:06.160Z",
203,110456789001,751229,WITHDRAWAL,"의료비 출금","2024-11-22T08:14:27.160Z",
204,210123987002,1560783,DEPOSIT,"월급 입금","2024-11-22T08:47:12.160Z",
205,110456789001,285635,WITHDRAWAL,"ATM 출금","2024-11-22T09:22:48.160Z",
206,110456789001,2272815,DEPOSIT,"부업 수입","2024-11-22T09:40:22.160Z",
207,941566778003,8450,PAYMENT,"통신요금 납부","2024-11-22T09:48:06.160Z",
208,210123987002,1263361,DEPOSIT,"월급 입금","2024-11-22T10:04:07.160Z",
209,210123987002,132229,WITHDRAWAL,"생활비 출금","2024-11-22T10:15:27.160Z",
210,941566778003,16900,WITHDRAWAL,"의료비 출금","2024-11-22T13:24:39.160Z",
211,941566778003,16900,WITHDRAWAL,"ATM 출금","2024-11-22T13:44:38.160Z",
212,880334455004,3506369,DEPOSIT,"월급 입금","2024-11-23T00:01:55.160Z",
213,110456789001,662636,WITHDRAWAL,"교육비 출금","2024-11-23T01:11:04.160Z",
214,210123987002,1198226,DEPOSIT,"보너스 입금","2024-11-23T01:36:26.160Z",
215,210123987002,1132098,DEPOSIT,"배당금 입금","2024-11-23T04:07:04.160Z",
216,941566778003,5005,PAYMENT,"공과금 납부","2024-11-23T04:45:54.160Z",
217,110456789001,2006321,DEPOSIT,"부업 수입","2024-11-23T04:50:27.160Z",
218,880334455004,4142500,DEPOSIT,"부업 수입","2024-11-23T05:47:35.160Z",
219,110456789001,451549,DEPOSIT,"보너스 입금","2024-11-23T06:52:59.160Z",
220,110456789001,63810,PAYMENT,"온라인 쇼핑","2024-11-23T08:03:42.160Z",
221,941566778003,14300,WITHDRAWAL,"교육비 출금","2024-11-23T08:59:53.160Z",
222,880334455004,1295042,DEPOSIT,"월급 입금","2024-11-23T09:54:07.160Z",
223,880334455004,3634587,DEPOSIT,"부업 수입","2024-11-23T10:40:16.160Z",
224,880334455004,3555886,DEPOSIT,"보너스 입금","2024-11-23T11:21:28.160Z",
225,941566778003,5005,PAYMENT,"교통비 결제","2024-11-23T11:31:42.160Z",
226,110456789001,191266,PAYMENT,"통신요금 납부","2024-11-23T11:58:01.160Z",
227,110456789001,1367565,DEPOSIT,"자금 이체","2024-11-23T11:58:13.160Z",
228,110456789001,675834,WITHDRAWAL,"교육비 출금","2024-11-23T12:05:58.160Z",
229,110456789001,3326171,DEPOSIT,"보너스 입금","2024-11-23T12:09:43.160Z",
230,880334455004,4127390,DEPOSIT,"배당금 입금","2024-11-23T12:34:00.160Z",
231,110456789001,493650,WITHDRAWAL,"의료비 출금","2024-11-23T13:07:29.160Z",
232,880334455004,2295416,DEPOSIT,"부업 수입","2024-11-23T13:12:10.160Z",
233,880334455004,2224504,DEPOSIT,"부업 수입","2024-11-23T13:36:39.160Z",
234,210123987002,71175,WITHDRAWAL,"의료비 출금","2024-11-23T13:44:57.160Z",
235,110456789001,622635,TRANSFER,"적금 이체","2024-11-23T13:48:45.160Z",770123456789
236,110456789001,375673,TRANSFER,"적금 이체","2024-11-23T13:52:00.160Z",660555444333
237,880334455004,215179,DEPOSIT,"부업 수입","2024-11-24T00:36:02.160Z",
238,941566778003,3185,PAYMENT,"공과금 납부","2024-11-24T00:37:18.160Z",
239,880334455004,2708941,DEPOSIT,"자금 이체","2024-11-24T00:40:42.160Z",
240,880334455004,1042774,DEPOSIT,"부업 수입","2024-11-24T01:21:13.160Z",
241,880334455004,2140331,DEPOSIT,"배당금 입금","2024-11-24T01:32:06.160Z",
242,110456789001,1953618,DEPOSIT,"배당금 입금","2024-11-24T02:03:33.160Z",
243,210123987002,243819,TRANSFER,"친구에게 송금","2024-11-24T02:19:21.160Z",330111222333
244,210123987002,72585,WITHDRAWAL,"교육비 출금","2024-11-24T03:13:07.160Z",
245,880334455004,2291523,DEPOSIT,"자금 이체","2024-11-24T03:39:43.160Z",
246,110456789001,2664427,DEPOSIT,"자금 이체","2024-11-24T04:28:59.160Z",
247,210123987002,85896,TRANSFER,"적금 이체","2024-11-24T04:52:40.160Z",660555444333
248,210123987002,811211,TRANSFER,"적금 이체","2024-11-24T04:55:41.160Z",660555444333
249,941566778003,9100,WITHDRAWAL,"생활비 출금","2024-11-24T04:59:59.160Z",
250,210123987002,1647509,DEPOSIT,"보너스 입금","2024-11-24T07:01:54.160Z",
251,941566778003,9100,WITHDRAWAL,"교육비 출금","2024-11-24T07:12:05.160Z",
252,941566778003,9100,WITHDRAWAL,"의료비 출금","2024-11-24T07:18:10.160Z",
253,941566778003,9100,WITHDRAWAL,"생활비 출금","2024-11-24T07:24:45.160Z",
254,880334455004,2506565,DEPOSIT,"부업 수입","2024-11-24T07:37:01.160Z",
255,110456789001,423161,WITHDRAWAL,"경조사비","2024-11-24T08:50:31.160Z",
256,880334455004,452036,DEPOSIT,"보너스 입금","2024-11-24T09:01:13.160Z",
257,110456789001,297140,DEPOSIT,"보너스 입금","2024-11-24T09:17:32.160Z",
258,110456789001,465059,TRANSFER,"월세 이체","2024-11-24T09:21:41.160Z",770123456789
259,210123987002,418079,DEPOSIT,"월급 입금","2024-11-24T09:26:21.160Z",
260,941566778003,9100,WITHDRAWAL,"의료비 출금","2024-11-24T10:33:48.160Z",
261,110456789001,292266,TRANSFER,"월세 이체","2024-11-24T11:29:34.160Z",550987654321
262,880334455004,155857,DEPOSIT,"보너스 입금","2024-11-24T12:20:48.160Z",
263,941566778003,3185,PAYMENT,"통신요금 납부","2024-11-24T13:13:47.160Z",
264,210123987002,753333,DEPOSIT,"자금 이체","2024-11-24T13:16:57.160Z",
265,880334455004,433908,DEPOSIT,"자금 이체","2024-11-24T13:33:42.160Z",
266,110456789001,177526,TRANSFER,"친구에게 송금","2024-11-24T13:34:20.160Z",550987654321
267,210123987002,462452,TRANSFER,"가족 송금","2024-11-24T13:40:08.160Z",550987654321
268,210123987002,3541992,DEPOSIT,"월급 입금","2024-11-25T00:46:11.160Z",
269,941566778003,6500,PAYMENT,"보험료 납부","2024-11-25T01:03:23.160Z",
270,110456789001,3775575,DEPOSIT,"자금 이체","2024-11-25T03:17:11.160Z",
271,880334455004,3859198,DEPOSIT,"자금 이체","2024-11-25T05:31:52.160Z",
272,210123987002,43229,WITHDRAWAL,"의료비 출금","2024-11-25T06:22:53.160Z",
273,210123987002,3446799,DEPOSIT,"보너스 입금","2024-11-25T06:52:38.160Z",
274,210123987002,516359,WITHDRAWAL,"교육비 출금","2024-11-25T07:45:39.160Z",
275,880334455004,1322837,DEPOSIT,"자금 이체","2024-11-25T09:44:44.160Z",
276,210123987002,147553,WITHDRAWAL,"의료비 출금","2024-11-25T10:13:38.160Z",
277,941566778003,13000,WITHDRAWAL,"생활비 출금","2024-11-25T10:23:24.160Z",
278,110456789001,159740,PAYMENT,"교통비 결제","2024-11-25T10:44:08.160Z",
279,941566778003,6500,PAYMENT,"교통비 결제","2024-11-25T11:15:38.160Z",
280,880334455004,3315778,DEPOSIT,"배당금 입금","2024-11-25T11:30:59.160Z",
281,941566778003,13000,WITHDRAWAL,"교육비 출금","2024-11-25T12:35:03.160Z",
282,110456789001,6618,PAYMENT,"통신요금 납부","2024-11-25T13:11:01.160Z",
283,880334455004,406895,DEPOSIT,"자금 이체","2024-11-25T13:35:48.160Z",
284,880334455004,198907,DEPOSIT,"자금 이체","2024-11-26T00:46:22.160Z",
285,941566778003,6500,PAYMENT,"보험료 납부","2024-11-26T01:34:24.160Z",
286,880334455004,516209,DEPOSIT,"월급 입금","2024-11-26T01:46:37.160Z",
287,941566778003,13000,WITHDRAWAL,"의료비 출금","2024-11-26T02:19:23.160Z",
288,880334455004,1098598,DEPOSIT,"배당금 입금","2024-11-26T02:24:39.160Z",
289,110456789001,3431456,DEPOSIT,"월급 입금","2024-11-26T02:35:26.160Z",
290,941566778003,6500,PAYMENT,"온라인 쇼핑","2024-11-26T04:44:23.160Z",
291,941566778003,13000,WITHDRAWAL,"경조사비","2024-11-26T05:49:40.160Z",
292,210123987002,307899,WITHDRAWAL,"경조사비","2024-11-26T05:54:18.160Z",
293,210123987002,47413,TRANSFER,"가족 송금","2024-11-26T06:29:29.160Z",770123456789
294,880334455004,3586880,DEPOSIT,"배당금 입금","2024-11-26T08:09:24.160Z",
295,880334455004,1487831,DEPOSIT,"월급 입금","2024-11-26T08:23:35.160Z",
296,110456789001,323397,PAYMENT,"식비 결제","2024-11-26T08:23:44.160Z",
297,941566778003,13000,WITHDRAWAL,"의료비 출금","2024-11-26T08:42:34.160Z",
298,941566778003,13000,WITHDRAWAL,"의료비 출금","2024-11-26T08:42:35.160Z",
299,210123987002,650784,TRANSFER,"적금 이체","2024-11-26T08:47:29.160Z",770123456789
300,941566778003,13000,WITHDRAWAL,"ATM 출금","2024-11-26T09:22:34.160Z",
301,210123987002,1448928,DEPOSIT,"배당금 입금","2024-11-26T09:59:42.160Z",
302,210123987002,1787265,DEPOSIT,"배당금 입금","2024-11-26T11:00:26.160Z",
303,210123987002,1278650,TRANSFER,"가족 송금","2024-11-26T12:03:23.160Z",660555444333
304,880334455004,188560,DEPOSIT,"부업 수입","2024-11-26T12:29:56.160Z",
305,210123987002,1365552,DEPOSIT,"월급 입금","2024-11-26T12:39:36.160Z",
306,110456789001,25557,PAYMENT,"보험료 납부","2024-11-26T12:49:41.160Z",
307,941566778003,6500,PAYMENT,"교통비 결제","2024-11-26T12:51:15.160Z",
308,941566778003,6500,PAYMENT,"통신요금 납부","2024-11-26T12:59:38.160Z",
309,110456789001,958862,DEPOSIT,"월급 입금","2024-11-26T13:03:32.160Z",
310,110456789001,2842728,DEPOSIT,"부업 수입","2024-11-26T13:20:45.160Z",
311,110456789001,953347,TRANSFER,"대출이자 납부","2024-11-27T00:04:45.160Z",550987654321
312,880334455004,313952,DEPOSIT,"보너스 입금","2024-11-27T00:56:58.160Z",
313,210123987002,2930482,DEPOSIT,"월급 입금","2024-11-27T01:00:16.160Z",
314,110456789001,242919,PAYMENT,"식비 결제","2024-11-27T01:03:16.160Z",
315,210123987002,144120,WITHDRAWAL,"교육비 출금","2024-11-27T01:13:26.160Z",
316,880334455004,2282017,DEPOSIT,"월급 입금","2024-11-27T01:43:00.160Z",
317,941566778003,7150,PAYMENT,"공과금 납부","2024-11-27T02:20:25.160Z",
318,880334455004,743894,DEPOSIT,"보너스 입금","2024-11-27T02:54:25.160Z",
319,210123987002,245720,WITHDRAWAL,"의료비 출금","2024-11-27T03:14:45.160Z",
320,941566778003,14300,WITHDRAWAL,"ATM 출금","2024-11-27T04:09:30.160Z",
321,941566778003,7150,PAYMENT,"온라인 쇼핑","2024-11-27T05:35:36.160Z",
322,110456789001,427121,WITHDRAWAL,"교육비 출금","2024-11-27T05:44:06.160Z",
323,110456789001,181128,DEPOSIT,"배당금 입금","2024-11-27T06:34:56.160Z",
324,110456789001,345495,PAYMENT,"카드대금 결제","2024-11-27T07:14:27.160Z",
325,110456789001,3298332,DEPOSIT,"월급 입금","2024-11-27T07:24:21.160Z",
326,210123987002,2034109,DEPOSIT,"부업 수입","2024-11-27T08:04:44.160Z",
327,210123987002,453888,WITHDRAWAL,"교육비 출금","2024-11-27T08:47:54.160Z",
328,110456789001,1188499,DEPOSIT,"월급 입금","2024-11-27T09:48:05.160Z",
329,941566778003,7150,PAYMENT,"통신요금 납부","2024-11-27T09:58:01.160Z",
330,110456789001,332285,DEPOSIT,"자금 이체","2024-11-27T10:03:35.160Z",
331,110456789001,508027,WITHDRAWAL,"생활비 출금","2024-11-27T10:16:15.160Z",
332,210123987002,21289,WITHDRAWAL,"의료비 출금","2024-11-27T10:57:53.160Z",
333,210123987002,163714,WITHDRAWAL,"경조사비","2024-11-27T11:02:47.160Z",
334,880334455004,2798295,DEPOSIT,"배당금 입금","2024-11-27T11:32:53.160Z",
335,880334455004,2297328,DEPOSIT,"보너스 입금","2024-11-27T11:43:50.160Z",
336,880334455004,3691858,DEPOSIT,"월급 입금","2024-11-27T11:54:09.160Z",
337,210123987002,435638,TRANSFER,"친구에게 송금","2024-11-27T11:59:30.160Z",550987654321
338,880334455004,213001,DEPOSIT,"보너스 입금","2024-11-27T13:08:14.160Z",
339,941566778003,15600,WITHDRAWAL,"경조사비","2024-11-28T00:37:20.160Z",
340,110456789001,462696,TRANSFER,"월세 이체","2024-11-28T01:14:32.160Z",330111222333
341,941566778003,7800,PAYMENT,"공과금 납부","2024-11-28T02:32:06.160Z",
342,880334455004,4177149,DEPOSIT,"배당금 입금","2024-11-28T03:24:02.160Z",
343,880334455004,2186932,DEPOSIT,"자금 이체","2024-11-28T03:49:38.160Z",
344,941566778003,7800,PAYMENT,"교통비 결제","2024-11-28T05:17:44.160Z",
345,110456789001,288721,TRANSFER,"가족 송금","2024-11-28T05:55:20.160Z",660555444333
346,110456789001,3432383,DEPOSIT,"월급 입금","2024-11-28T05:56:04.160Z",
347,880334455004,475138,DEPOSIT,"부업 수입","2024-11-28T06:16:36.160Z",
348,110456789001,200600,PAYMENT,"통신요금 납부","2024-11-28T07:12:46.160Z",
349,210123987002,1188478,TRANSFER,"친구에게 송금","2024-11-28T07:36:31.160Z",550987654321
350,880334455004,4351639,DEPOSIT,"배당금 입금","2024-11-28T09:17:03.160Z",
351,210123987002,255691,WITHDRAWAL,"교육비 출금","2024-11-28T11:47:13.160Z",
352,941566778003,7800,PAYMENT,"카드대금 결제","2024-11-28T11:48:50.160Z",
353,110456789001,352822,PAYMENT,"카드대금 결제","2024-11-28T12:06:40.160Z",
354,110456789001,1236797,TRANSFER,"가족 송금","2024-11-28T12:49:39.160Z",770123456789
355,210123987002,148140,DEPOSIT,"부업 수입","2024-11-28T13:21:56.160Z",
356,941566778003,8450,PAYMENT,"통신요금 납부","2024-11-29T01:03:22.160Z",
357,110456789001,18147,PAYMENT,"공과금 납부","2024-11-29T01:53:42.160Z",
358,880334455004,2955518,DEPOSIT,"자금 이체","2024-11-29T02:53:56.160Z",
359,210123987002,73978,TRANSFER,"대출이자 납부","2024-11-29T03:18:50.160Z",660555444333
360,210123987002,2045910,DEPOSIT,"부업 수입","2024-11-29T03:22:55.160Z",
361,880334455004,543800,DEPOSIT,"월급 입금","2024-11-29T03:45:10.160Z",
362,110456789001,92844,TRANSFER,"적금 이체","2024-11-29T03:47:12.160Z",770123456789
363,880334455004,4293038,DEPOSIT,"배당금 입금","2024-11-29T03:51:00.160Z",
364,210123987002,1398399,TRANSFER,"월세 이체","2024-11-29T04:00:20.160Z",330111222333
365,941566778003,16900,WITHDRAWAL,"의료비 출금","2024-11-29T04:09:00.160Z",
366,110456789001,1327012,TRANSFER,"대출이자 납부","2024-11-29T04:37:32.160Z",770123456789
367,941566778003,8450,PAYMENT,"온라인 쇼핑","2024-11-29T05:43:30.160Z",
368,110456789001,1065475,TRANSFER,"가족 송금","2024-11-29T06:18:38.160Z",770123456789
369,110456789001,387874,PAYMENT,"교통비 결제","2024-11-29T07:03:57.160Z",
370,210123987002,173846,TRANSFER,"가족 송금","2024-11-29T08:19:27.160Z",330111222333
371,110456789001,395689,DEPOSIT,"월급 입금","2024-11-29T09:46:39.160Z",
372,880334455004,4763176,DEPOSIT,"자금 이체","2024-11-29T10:37:01.160Z",
373,880334455004,1521098,DEPOSIT,"자금 이체","2024-11-29T11:03:46.160Z",
374,110456789001,2011906,DEPOSIT,"배당금 입금","2024-11-29T11:35:45.160Z",
375,110456789001,105363,PAYMENT,"온라인 쇼핑","2024-11-30T00:22:19.160Z",
376,941566778003,5005,PAYMENT,"온라인 쇼핑","2024-11-30T00:29:56.160Z",
377,210123987002,2307009,DEPOSIT,"월급 입금","2024-11-30T01:06:08.160Z",
378,880334455004,727208,DEPOSIT,"부업 수입","2024-11-30T02:51:55.160Z",
379,210123987002,3055951,DEPOSIT,"월급 입금","2024-11-30T02:59:39.160Z",
380,210123987002,403457,WITHDRAWAL,"의료비 출금","2024-11-30T03:44:02.160Z",
381,941566778003,14300,WITHDRAWAL,"교육비 출금","2024-11-30T04:15:09.160Z",
382,110456789001,218666,WITHDRAWAL,"생활비 출금","2024-11-30T04:15:14.160Z",
383,110456789001,1303641,TRANSFER,"대출이자 납부","2024-11-30T05:45:49.160Z",770123456789
384,210123987002,558768,TRANSFER,"친구에게 송금","2024-11-30T06:16:03.160Z",660555444333
385,941566778003,5005,PAYMENT,"통신요금 납부","2024-11-30T06:56:43.160Z",
386,880334455004,808467,DEPOSIT,"배당금 입금","2024-11-30T07:16:59.160Z",
387,941566778003,5005,PAYMENT,"공과금 납부","2024-11-30T07:18:38.160Z",
388,210123987002,1079988,TRANSFER,"가족 송금","2024-11-30T08:30:17.160Z",550987654321
389,210123987002,575179,WITHDRAWAL,"의료비 출금","2024-11-30T08:38:42.160Z",
390,210123987002,551177,TRANSFER,"친구에게 송금","2024-11-30T09:10:58.160Z",660555444333
391,110456789001,515014,WITHDRAWAL,"생활비 출금","2024-11-30T09:13:10.160Z",
392,110456789001,1664930,DEPOSIT,"자금 이체","2024-11-30T10:27:46.160Z",
393,880334455004,3391123,DEPOSIT,"자금 이체","2024-11-30T11:00:50.160Z",
394,110456789001,112240,PAYMENT,"온라인 쇼핑","2024-11-30T11:26:22.160Z",
395,941566778003,14300,WITHDRAWAL,"생활비 출금","2024-11-30T12:31:56.160Z",
396,880334455004,290858,DEPOSIT,"배당금 입금","2024-11-30T12:39:53.160Z",
397,880334455004,2775773,DEPOSIT,"부업 수입","2024-11-30T12:41:53.160Z",
398,880334455004,941907,DEPOSIT,"자금 이체","2024-11-30T13:22:48.160Z",
399,210123987002,123799,TRANSFER,"친구에게 송금","2024-11-30T13:23:21.160Z",770123456789
400,110456789001,270365,PAYMENT,"식비 결제","2024-11-30T13:48:12.160Z",
401,210123987002,4147578,DEPOSIT,"보너스 입금","2024-11-30T13:55:19.160Z",
402,880334455004,1770326,DEPOSIT,"배당금 입금","2024-12-01T01:14:54.160Z",
403,110456789001,257985,WITHDRAWAL,"교육비 출금","2024-12-01T01:59:15.160Z",
404,110456789001,93186,PAYMENT,"공과금 납부","2024-12-01T04:47:35.160Z",
405,880334455004,2341585,DEPOSIT,"부업 수입","2024-12-01T04:49:28.160Z",
406,880334455004,2406965,DEPOSIT,"배당금 입금","2024-12-01T05:03:47.160Z",
407,110456789001,719662,TRANSFER,"가족 송금","2024-12-01T05:07:24.160Z",660555444333
408,941566778003,3429,PAYMENT,"공과금 납부","2024-12-01T07:02:02.160Z",
409,110456789001,1335901,DEPOSIT,"보너스 입금","2024-12-01T08:13:24.160Z",
410,110456789001,806915,TRANSFER,"대출이자 납부","2024-12-01T08:13:26.160Z",550987654321
411,210123987002,109576,WITHDRAWAL,"생활비 출금","2024-12-01T09:36:16.160Z",
412,941566778003,3429,PAYMENT,"공과금 납부","2024-12-01T09:40:04.160Z",
413,210123987002,1607341,DEPOSIT,"자금 이체","2024-12-01T10:17:25.160Z",
414,941566778003,3429,PAYMENT,"공과금 납부","2024-12-01T11:06:58.160Z",
415,941566778003,9799,WITHDRAWAL,"생활비 출금","2024-12-01T11:30:28.160Z",
416,110456789001,114583,PAYMENT,"온라인 쇼핑","2024-12-01T11:40:09.160Z",
417,941566778003,3429,PAYMENT,"식비 결제","2024-12-01T12:02:17.160Z",
418,210123987002,325830,WITHDRAWAL,"ATM 출금","2024-12-01T12:08:23.160Z",
419,110456789001,2433016,DEPOSIT,"월급 입금","2024-12-01T12:39:18.160Z",
420,941566778003,3429,PAYMENT,"카드대금 결제","2024-12-01T13:40:17.160Z",
421,210123987002,972473,TRANSFER,"대출이자 납부","2024-12-02T02:11:57.160Z",770123456789
422,110456789001,3417109,DEPOSIT,"자금 이체","2024-12-02T02:34:03.160Z",
423,210123987002,313467,WITHDRAWAL,"교육비 출금","2024-12-02T03:11:31.160Z",
424,110456789001,427572,TRANSFER,"월세 이체","2024-12-02T04:05:58.160Z",550987654321
425,210123987002,388049,TRANSFER,"적금 이체","2024-12-02T04:34:12.160Z",550987654321
426,941566778003,7000,PAYMENT,"통신요금 납부","2024-12-02T05:06:02.160Z",
427,210123987002,15289,WITHDRAWAL,"의료비 출금","2024-12-02T07:47:16.160Z",
428,210123987002,679311,WITHDRAWAL,"경조사비","2024-12-02T08:16:06.160Z",
429,110456789001,306696,PAYMENT,"식비 결제","2024-12-02T09:00:38.160Z",
430,941566778003,7000,PAYMENT,"보험료 납부","2024-12-02T09:03:14.160Z",
431,880334455004,2000382,DEPOSIT,"부업 수입","2024-12-02T09:52:14.160Z",
432,880334455004,1348144,DEPOSIT,"월급 입금","2024-12-02T10:41:12.160Z",
433,880334455004,2030708,DEPOSIT,"자금 이체","2024-12-02T10:49:27.160Z",
434,941566778003,14000,WITHDRAWAL,"경조사비","2024-12-02T10:58:16.160Z",
435,110456789001,239987,WITHDRAWAL,"경조사비","2024-12-02T12:11:50.160Z",
436,941566778003,14000,WITHDRAWAL,"교육비 출금","2024-12-02T13:00:06.160Z",
437,880334455004,744185,DEPOSIT,"월급 입금","2024-12-02T13:16:55.160Z",
438,880334455004,1143073,DEPOSIT,"배당금 입금","2024-12-02T13:20:47.160Z",
439,941566778003,14000,WITHDRAWAL,"생활비 출금","2024-12-03T00:49:54.160Z",
440,210123987002,668096,WITHDRAWAL,"ATM 출금","2024-12-03T01:09:37.160Z",
441,880334455004,1390442,DEPOSIT,"부업 수입","2024-12-03T01:27:45.160Z",
442,880334455004,3981363,DEPOSIT,"보너스 입금","2024-12-03T03:56:56.160Z",
443,210123987002,514019,WITHDRAWAL,"ATM 출금","2024-12-03T05:07:29.160Z",
444,941566778003,14000,WITHDRAWAL,"교육비 출금","2024-12-03T06:14:14.160Z",
445,110456789001,226074,WITHDRAWAL,"경조사비","2024-12-03T06:46:23.160Z",
446,110456789001,109502,PAYMENT,"공과금 납부","2024-12-03T07:01:39.160Z",
447,941566778003,7000,PAYMENT,"공과금 납부","2024-12-03T09:28:49.160Z",
448,110456789001,31238,PAYMENT,"보험료 납부","2024-12-03T10:39:59.160Z",
449,880334455004,1439932,DEPOSIT,"월급 입금","2024-12-03T10:45:33.160Z",
450,210123987002,542223,WITHDRAWAL,"ATM 출금","2024-12-03T11:08:58.160Z",
451,210123987002,2105874,DEPOSIT,"월급 입금","2024-12-03T11:32:03.160Z",
452,110456789001,2378683,DEPOSIT,"보너스 입금","2024-12-03T11:42:43.160Z",
453,880334455004,2853040,DEPOSIT,"배당금 입금","2024-12-03T12:05:39.160Z",
454,941566778003,7000,PAYMENT,"온라인 쇼핑","2024-12-03T12:17:44.160Z",
455,941566778003,7000,PAYMENT,"온라인 쇼핑","2024-12-03T13:40:08.160Z",
456,941566778003,14000,WITHDRAWAL,"경조사비","2024-12-03T13:51:33.160Z",
457,210123987002,148302,WITHDRAWAL,"의료비 출금","2024-12-03T13:55:26.160Z",
458,110456789001,449465,DEPOSIT,"부업 수입","2024-12-04T00:56:17.160Z",
459,880334455004,930355,DEPOSIT,"자금 이체","2024-12-04T03:07:34.160Z",
460,210123987002,737266,WITHDRAWAL,"의료비 출금","2024-12-04T03:49:21.160Z",
461,110456789001,94800,PAYMENT,"온라인 쇼핑","2024-12-04T04:36:31.160Z",
462,880334455004,2119647,DEPOSIT,"부업 수입","2024-12-04T04:38:53.160Z",
463,210123987002,551898,TRANSFER,"대출이자 납부","2024-12-04T04:52:06.160Z",330111222333
464,110456789001,1314718,TRANSFER,"월세 이체","2024-12-04T05:18:56.160Z",330111222333
465,110456789001,1234302,TRANSFER,"가족 송금","2024-12-04T05:48:18.160Z",660555444333
466,110456789001,2902655,DEPOSIT,"자금 이체","2024-12-04T06:36:39.160Z",
467,880334455004,3219814,DEPOSIT,"자금 이체","2024-12-04T08:08:24.160Z",
468,880334455004,254475,DEPOSIT,"월급 입금","2024-12-04T09:10:09.160Z",
469,941566778003,15400,WITHDRAWAL,"생활비 출금","2024-12-04T09:22:17.160Z",
470,110456789001,1063744,DEPOSIT,"보너스 입금","2024-12-04T09:30:59.160Z",
471,941566778003,7700,PAYMENT,"온라인 쇼핑","2024-12-04T10:08:26.160Z",
472,110456789001,344325,TRANSFER,"가족 송금","2024-12-04T10:09:23.160Z",550987654321
473,880334455004,4602960,DEPOSIT,"월급 입금","2024-12-04T11:30:30.160Z",
474,941566778003,15400,WITHDRAWAL,"교육비 출금","2024-12-04T12:14:58.160Z",
475,941566778003,15400,WITHDRAWAL,"경조사비","2024-12-04T12:24:21.160Z",
476,110456789001,893692,TRANSFER,"월세 이체","2024-12-04T12:45:05.160Z",330111222333
477,210123987002,799897,DEPOSIT,"보너스 입금","2024-12-04T12:59:58.160Z",
478,110456789001,1027950,TRANSFER,"월세 이체","2024-12-04T13:09:59.160Z",770123456789
479,210123987002,829954,DEPOSIT,"부업 수입","2024-12-04T13:11:07.160Z",
480,941566778003,15400,WITHDRAWAL,"교육비 출금","2024-12-04T13:26:17.160Z",
481,880334455004,2302111,DEPOSIT,"자금 이체","2024-12-05T00:07:18.160Z",
482,941566778003,16800,WITHDRAWAL,"생활비 출금","2024-12-05T00:43:46.160Z",
483,941566778003,16800,WITHDRAWAL,"의료비 출금","2024-12-05T01:14:46.160Z",
484,110456789001,4452721,DEPOSIT,"보너스 입금","2024-12-05T02:39:59.160Z",
485,880334455004,2144487,DEPOSIT,"월급 입금","2024-12-05T02:48:24.160Z",
486,110456789001,1381131,TRANSFER,"대출이자 납부","2024-12-05T02:57:03.160Z",770123456789
487,210123987002,144228,WITHDRAWAL,"생활비 출금","2024-12-05T03:19:53.160Z",
488,110456789001,147871,PAYMENT,"카드대금 결제","2024-12-05T04:59:51.160Z",
489,110456789001,446555,WITHDRAWAL,"교육비 출금","2024-12-05T05:34:45.160Z",
490,110456789001,4533401,DEPOSIT,"월급 입금","2024-12-05T05:38:17.160Z",
491,210123987002,680727,WITHDRAWAL,"의료비 출금","2024-12-05T06:21:12.160Z",
492,941566778003,8400,PAYMENT,"통신요금 납부","2024-12-05T06:40:10.160Z",
493,880334455004,2434021,DEPOSIT,"부업 수입","2024-12-05T06:56:53.160Z",
494,110456789001,216160,PAYMENT,"공과금 납부","2024-12-05T07:54:32.160Z",
495,110456789001,3470179,DEPOSIT,"보너스 입금","2024-12-05T08:35:53.160Z",
496,880334455004,3120999,DEPOSIT,"자금 이체","2024-12-05T09:34:26.160Z",
497,941566778003,8400,PAYMENT,"공과금 납부","2024-12-05T11:02:40.160Z",
498,110456789001,738972,WITHDRAWAL,"교육비 출금","2024-12-05T12:17:08.160Z",
499,210123987002,228974,DEPOSIT,"월급 입금","2024-12-05T12:26:46.160Z",
500,210123987002,87545,TRANSFER,"가족 송금","2024-12-05T12:31:13.160Z",770123456789
501,941566778003,16800,WITHDRAWAL,"교육비 출금","2024-12-05T13:09:34.160Z",
502,210123987002,293782,WITHDRAWAL,"교육비 출금","2024-12-06T00:02:34.160Z",
503,941566778003,9100,PAYMENT,"식비 결제","2024-12-06T01:20:36.160Z",
504,941566778003,18200,WITHDRAWAL,"교육비 출금","2024-12-06T01:26:48.160Z",
505,210123987002,242946,WITHDRAWAL,"교육비 출금","2024-12-06T01:29:52.160Z",
506,210123987002,1817334,TRANSFER,"가족 송금","2024-12-06T02:20:26.160Z",550987654321
507,210123987002,1683591,DEPOSIT,"월급 입금","2024-12-06T02:35:25.160Z",
508,941566778003,9100,PAYMENT,"카드대금 결제","2024-12-06T03:05:56.160Z",
509,210123987002,1773523,TRANSFER,"대출이자 납부","2024-12-06T03:49:22.160Z",660555444333
510,110456789001,5011737,DEPOSIT,"부업 수입","2024-12-06T03:53:18.160Z",
511,880334455004,2924656,DEPOSIT,"배당금 입금","2024-12-06T04:06:49.160Z",
512,210123987002,480937,WITHDRAWAL,"경조사비","2024-12-06T05:02:53.160Z",
513,941566778003,9100,PAYMENT,"교통비 결제","2024-12-06T05:28:26.160Z",
514,880334455004,4609672,DEPOSIT,"보너스 입금","2024-12-06T05:44:07.160Z",
515,210123987002,932284,TRANSFER,"적금 이체","2024-12-06T06:48:53.160Z",550987654321
516,880334455004,2743539,DEPOSIT,"월급 입금","2024-12-06T09:03:47.160Z",
517,110456789001,2980488,DEPOSIT,"배당금 입금","2024-12-06T09:17:26.160Z",
518,880334455004,5238863,DEPOSIT,"배당금 입금","2024-12-06T11:46:38.160Z",
519,110456789001,322983,DEPOSIT,"보너스 입금","2024-12-06T12:23:30.160Z",
520,210123987002,612774,TRANSFER,"친구에게 송금","2024-12-06T13:56:57.160Z",770123456789
521,941566778003,5390,PAYMENT,"공과금 납부","2024-12-07T00:12:33.160Z",
522,110456789001,211151,PAYMENT,"통신요금 납부","2024-12-07T00:49:05.160Z",
523,880334455004,4545475,DEPOSIT,"배당금 입금","2024-12-07T01:19:51.160Z",
524,110456789001,39474,PAYMENT,"공과금 납부","2024-12-07T02:11:39.160Z",
525,210123987002,3815629,DEPOSIT,"부업 수입","2024-12-07T02:20:27.160Z",
526,880334455004,2518853,DEPOSIT,"월급 입금","2024-12-07T02:42:24.160Z",
527,880334455004,387075,DEPOSIT,"보너스 입금","2024-12-07T03:27:34.160Z",
528,210123987002,259372,WITHDRAWAL,"교육비 출금","2024-12-07T05:30:42.160Z",
529,880334455004,1940887,DEPOSIT,"자금 이체","2024-12-07T05:37:27.160Z",
530,880334455004,1636798,DEPOSIT,"부업 수입","2024-12-07T05:41:07.160Z",
531,941566778003,5390,PAYMENT,"통신요금 납부","2024-12-07T06:58:43.160Z",
532,880334455004,252842,DEPOSIT,"배당금 입금","2024-12-07T08:01:19.160Z",
533,110456789001,1015984,DEPOSIT,"배당금 입금","2024-12-07T08:08:44.160Z",
534,210123987002,313750,WITHDRAWAL,"의료비 출금","2024-12-07T08:33:56.160Z",
535,941566778003,5390,PAYMENT,"보험료 납부","2024-12-07T09:00:39.160Z",
536,880334455004,172184,DEPOSIT,"배당금 입금","2024-12-07T09:03:31.160Z",
537,110456789001,631387,WITHDRAWAL,"교육비 출금","2024-12-07T09:18:19.160Z",
538,880334455004,3195887,DEPOSIT,"부업 수입","2024-12-07T09:51:48.160Z",
539,941566778003,5390,PAYMENT,"교통비 결제","2024-12-07T11:11:07.160Z",
540,210123987002,1219037,TRANSFER,"가족 송금","2024-12-07T12:10:11.160Z",660555444333
541,210123987002,103828,WITHDRAWAL,"의료비 출금","2024-12-07T12:48:11.160Z",
542,110456789001,1468064,DEPOSIT,"보너스 입금","2024-12-07T13:31:42.160Z",
543,110456789001,679084,WITHDRAWAL,"생활비 출금","2024-12-07T13:33:24.160Z",
544,210123987002,547846,TRANSFER,"월세 이체","2024-12-08T00:02:31.160Z",550987654321
545,880334455004,1598148,DEPOSIT,"배당금 입금","2024-12-08T01:59:41.160Z",
546,941566778003,9799,WITHDRAWAL,"경조사비","2024-12-08T02:11:22.160Z",
547,941566778003,3429,PAYMENT,"식비 결제","2024-12-08T02:45:06.160Z",
548,110456789001,178813,PAYMENT,"공과금 납부","2024-12-08T03:22:22.160Z",
549,880334455004,2766855,DEPOSIT,"보너스 입금","2024-12-08T05:09:10.160Z",
550,110456789001,374864,WITHDRAWAL,"경조사비","2024-12-08T05:29:02.160Z",
551,110456789001,264296,TRANSFER,"월세 이체","2024-12-08T06:30:54.160Z",330111222333
552,880334455004,121984,DEPOSIT,"보너스 입금","2024-12-08T06:57:22.160Z",
553,880334455004,2467672,DEPOSIT,"월급 입금","2024-12-08T07:29:27.160Z",
554,880334455004,2680827,DEPOSIT,"월급 입금","2024-12-08T10:00:15.160Z",
555,210123987002,210216,WITHDRAWAL,"교육비 출금","2024-12-08T10:21:59.160Z",
556,210123987002,2036001,DEPOSIT,"배당금 입금","2024-12-08T10:46:56.160Z",
557,941566778003,9799,WITHDRAWAL,"ATM 출금","2024-12-08T11:18:16.160Z",
558,110456789001,287644,WITHDRAWAL,"의료비 출금","2024-12-08T11:57:44.160Z",
559,110456789001,4000,PAYMENT,"식비 결제","2024-12-08T13:01:28.160Z",
560,941566778003,9799,WITHDRAWAL,"경조사비","2024-12-08T13:05:31.160Z",
561,110456789001,769863,TRANSFER,"가족 송금","2024-12-08T13:26:44.160Z",770123456789
562,210123987002,2145120,DEPOSIT,"자금 이체","2024-12-08T13:32:54.160Z",
563,210123987002,892042,DEPOSIT,"부업 수입","2024-12-08T13:34:21.160Z",
564,880334455004,1033423,DEPOSIT,"보너스 입금","2024-12-08T13:37:58.160Z",
565,210123987002,267543,TRANSFER,"월세 이체","2024-12-08T13:51:29.160Z",330111222333
566,110456789001,628135,WITHDRAWAL,"교육비 출금","2024-12-09T02:32:32.160Z",
567,110456789001,399659,TRANSFER,"적금 이체","2024-12-09T04:04:33.160Z",770123456789
568,210123987002,892910,DEPOSIT,"배당금 입금","2024-12-09T04:32:27.160Z",
569,941566778003,7000,PAYMENT,"온라인 쇼핑","2024-12-09T05:37:41.160Z",
570,941566778003,14000,WITHDRAWAL,"교육비 출금","2024-12-09T05:58:53.160Z",
571,210123987002,1293072,TRANSFER,"대출이자 납부","2024-12-09T06:27:41.160Z",660555444333
572,880334455004,130659,DEPOSIT,"보너스 입금","2024-12-09T07:19:28.160Z",
573,941566778003,14000,WITHDRAWAL,"생활비 출금","2024-12-09T07:42:42.160Z",
574,941566778003,7000,PAYMENT,"온라인 쇼핑","2024-12-09T08:46:48.160Z",
575,880334455004,3817748,DEPOSIT,"배당금 입금","2024-12-09T09:02:24.160Z",
576,110456789001,576724,TRANSFER,"대출이자 납부","2024-12-09T09:08:12.160Z",330111222333
577,880334455004,648121,DEPOSIT,"부업 수입","2024-12-09T09:35:05.160Z",
578,941566778003,14000,WITHDRAWAL,"생활비 출금","2024-12-09T10:32:37.160Z",
579,110456789001,460987,TRANSFER,"대출이자 납부","2024-12-09T11:57:35.160Z",660555444333
580,210123987002,774215,DEPOSIT,"보너스 입금","2024-12-09T12:49:16.160Z",
581,880334455004,2448075,DEPOSIT,"부업 수입","2024-12-10T00:04:37.160Z",
582,210123987002,643374,TRANSFER,"가족 송금","2024-12-10T00:53:00.160Z",660555444333
583,941566778003,14000,WITHDRAWAL,"교육비 출금","2024-12-10T02:33:06.160Z",
584,880334455004,2016556,DEPOSIT,"월급 입금","2024-12-10T02:41:33.160Z",
585,210123987002,2957542,DEPOSIT,"월급 입금","2024-12-10T02:54:59.160Z",
586,210123987002,2950904,DEPOSIT,"보너스 입금","2024-12-10T04:39:55.160Z",
587,941566778003,14000,WITHDRAWAL,"ATM 출금","2024-12-10T05:50:25.160Z",
588,210123987002,3329535,DEPOSIT,"배당금 입금","2024-12-10T06:31:54.160Z",
589,110456789001,49454,PAYMENT,"카드대금 결제","2024-12-10T09:06:20.160Z",
590,210123987002,3010591,DEPOSIT,"자금 이체","2024-12-10T09:14:43.160Z",
591,110456789001,990849,DEPOSIT,"월급 입금","2024-12-10T09:32:29.160Z",
592,110456789001,920968,DEPOSIT,"배당금 입금","2024-12-10T09:36:12.160Z",
593,210123987002,354993,TRANSFER,"월세 이체","2024-12-10T09:43:27.160Z",550987654321
594,941566778003,14000,WITHDRAWAL,"경조사비","2024-12-10T10:05:10.160Z",
595,880334455004,1377202,DEPOSIT,"부업 수입","2024-12-10T10:25:47.160Z",
596,210123987002,2768602,DEPOSIT,"배당금 입금","2024-12-10T10:44:34.160Z",
597,210123987002,3916719,DEPOSIT,"부업 수입","2024-12-10T12:40:26.160Z",
598,210123987002,400326,WITHDRAWAL,"생활비 출금","2024-12-10T13:45:38.160Z",
599,210123987002,3455024,DEPOSIT,"월급 입금","2024-12-10T13:49:52.160Z",
600,210123987002,551004,DEPOSIT,"부업 수입","2024-12-11T00:42:11.160Z",
601,110456789001,3549266,DEPOSIT,"배당금 입금","2024-12-11T00:51:11.160Z",
602,941566778003,7700,PAYMENT,"식비 결제","2024-12-11T02:55:33.160Z",
603,110456789001,377549,DEPOSIT,"부업 수입","2024-12-11T03:23:22.160Z",
604,941566778003,7700,PAYMENT,"교통비 결제","2024-12-11T04:20:07.160Z",
605,110456789001,495947,WITHDRAWAL,"ATM 출금","2024-12-11T04:33:29.160Z",
606,880334455004,1086620,DEPOSIT,"월급 입금","2024-12-11T06:52:34.160Z",
607,880334455004,828648,DEPOSIT,"부업 수입","2024-12-11T07:12:47.160Z",
608,880334455004,3201019,DEPOSIT,"배당금 입금","2024-12-11T07:45:36.160Z",
609,880334455004,3001630,DEPOSIT,"보너스 입금","2024-12-11T08:23:46.160Z",
610,110456789001,1140131,TRANSFER,"월세 이체","2024-12-11T09:36:18.160Z",770123456789
611,110456789001,195058,PAYMENT,"온라인 쇼핑","2024-12-11T09:39:31.160Z",
612,110456789001,119541,PAYMENT,"온라인 쇼핑","2024-12-11T10:45:11.160Z",
613,941566778003,7700,PAYMENT,"공과금 납부","2024-12-11T11:43:18.160Z",
614,110456789001,487858,WITHDRAWAL,"의료비 출금","2024-12-11T12:24:50.160Z",
615,880334455004,4280214,DEPOSIT,"월급 입금","2024-12-11T12:25:22.160Z",
616,110456789001,240923,PAYMENT,"카드대금 결제","2024-12-11T12:28:35.160Z",
617,210123987002,265114,TRANSFER,"적금 이체","2024-12-11T13:37:35.160Z",330111222333
618,110456789001,160270,TRANSFER,"적금 이체","2024-12-11T13:43:37.160Z",330111222333
619,110456789001,1306865,TRANSFER,"친구에게 송금","2024-12-11T13:58:52.160Z",550987654321
620,210123987002,1243945,DEPOSIT,"자금 이체","2024-12-12T01:44:32.160Z",
621,941566778003,16800,WITHDRAWAL,"ATM 출금","2024-12-12T02:19:16.160Z",
622,210123987002,4676210,DEPOSIT,"월급 입금","2024-12-12T03:55:35.160Z",
623,110456789001,527650,DEPOSIT,"자금 이체","2024-12-12T03:58:18.160Z",
624,210123987002,1009527,DEPOSIT,"부업 수입","2024-12-12T04:25:44.160Z",
625,941566778003,16800,WITHDRAWAL,"교육비 출금","2024-12-12T05:06:16.160Z",
626,880334455004,2693239,DEPOSIT,"배당금 입금","2024-12-12T05:37:34.160Z",
627,880334455004,2582932,DEPOSIT,"부업 수입","2024-12-12T06:26:13.160Z",
628,880334455004,3435238,DEPOSIT,"자금 이체","2024-12-12T06:32:57.160Z",
629,110456789001,345491,WITHDRAWAL,"ATM 출금","2024-12-12T07:56:58.160Z",
630,210123987002,115636,TRANSFER,"월세 이체","2024-12-12T10:04:52.160Z",770123456789
631,880334455004,4566843,DEPOSIT,"배당금 입금","2024-12-12T10:22:03.160Z",
632,110456789001,350241,WITHDRAWAL,"생활비 출금","2024-12-12T10:53:56.160Z",
633,210123987002,2314420,DEPOSIT,"자금 이체","2024-12-12T10:54:32.160Z",
634,210123987002,257339,WITHDRAWAL,"ATM 출금","2024-12-12T10:57:54.160Z",
635,110456789001,605243,WITHDRAWAL,"ATM 출금","2024-12-12T11:10:28.160Z",
636,941566778003,16800,WITHDRAWAL,"ATM 출금","2024-12-12T12:34:18.160Z",
637,880334455004,2634790,DEPOSIT,"자금 이체","2024-12-12T12:38:53.160Z",
638,880334455004,3886747,DEPOSIT,"월급 입금","2024-12-12T13:09:57.160Z",
639,210123987002,46837,WITHDRAWAL,"ATM 출금","2024-12-12T13:55:02.160Z",
640,210123987002,5408530,DEPOSIT,"부업 수입","2024-12-13T00:52:11.160Z",
641,110456789001,342663,PAYMENT,"카드대금 결제","2024-12-13T00:54:16.160Z",
642,880334455004,4884594,DEPOSIT,"배당금 입금","2024-12-13T01:09:31.160Z",
643,941566778003,9100,PAYMENT,"보험료 납부","2024-12-13T02:19:01.160Z",
644,110456789001,709502,WITHDRAWAL,"경조사비","2024-12-13T02:35:01.160Z",
645,110456789001,735086,WITHDRAWAL,"의료비 출금","2024-12-13T03:13:16.160Z",
646,880334455004,3080480,DEPOSIT,"자금 이체","2024-12-13T05:55:58.160Z",
647,110456789001,1138233,TRANSFER,"가족 송금","2024-12-13T09:27:11.160Z",660555444333
648,110456789001,3488896,DEPOSIT,"보너스 입금","2024-12-13T10:12:41.160Z",
649,110456789001,1345145,TRANSFER,"월세 이체","2024-12-13T11:04:01.160Z",550987654321
650,210123987002,1007532,TRANSFER,"월세 이체","2024-12-13T11:12:54.160Z",330111222333
651,110456789001,353181,WITHDRAWAL,"의료비 출금","2024-12-13T11:16:09.160Z",
652,210123987002,846511,WITHDRAWAL,"교육비 출금","2024-12-13T11:58:48.160Z",
653,880334455004,4176172,DEPOSIT,"자금 이체","2024-12-13T12:00:44.160Z",
654,110456789001,2874352,DEPOSIT,"부업 수입","2024-12-13T12:30:06.160Z",
655,210123987002,499414,WITHDRAWAL,"생활비 출금","2024-12-13T13:06:11.160Z",
656,941566778003,18200,WITHDRAWAL,"경조사비","2024-12-13T13:24:21.160Z",
657,941566778003,9100,PAYMENT,"식비 결제","2024-12-13T13:43:18.160Z",
658,941566778003,15400,WITHDRAWAL,"경조사비","2024-12-14T00:01:19.160Z",
659,210123987002,3825666,DEPOSIT,"보너스 입금","2024-12-14T00:03:58.160Z",
660,110456789001,639814,WITHDRAWAL,"교육비 출금","2024-12-14T00:15:11.160Z",
661,210123987002,109907,TRANSFER,"가족 송금","2024-12-14T00:48:13.160Z",330111222333
662,880334455004,3176957,DEPOSIT,"월급 입금","2024-12-14T00:51:57.160Z",
663,210123987002,863362,DEPOSIT,"부업 수입","2024-12-14T01:32:06.160Z",
664,880334455004,1768819,DEPOSIT,"배당금 입금","2024-12-14T03:18:47.160Z",
665,880334455004,2526527,DEPOSIT,"월급 입금","2024-12-14T03:25:41.160Z",
666,210123987002,321053,TRANSFER,"월세 이체","2024-12-14T05:33:11.160Z",660555444333
667,880334455004,1240488,DEPOSIT,"보너스 입금","2024-12-14T05:56:54.160Z",
668,941566778003,15400,WITHDRAWAL,"생활비 출금","2024-12-14T06:57:33.160Z",
669,941566778003,5390,PAYMENT,"온라인 쇼핑","2024-12-14T07:01:21.160Z",
670,210123987002,753431,WITHDRAWAL,"경조사비","2024-12-14T07:14:22.160Z",
671,880334455004,3572781,DEPOSIT,"월급 입금","2024-12-14T07:34:36.160Z",
672,880334455004,4082589,DEPOSIT,"월급 입금","2024-12-14T09:16:56.160Z",
673,210123987002,299185,WITHDRAWAL,"생활비 출금","2024-12-14T09:39:34.160Z",
674,210123987002,2416872,DEPOSIT,"배당금 입금","2024-12-14T09:52:00.160Z",
675,110456789001,240669,PAYMENT,"통신요금 납부","2024-12-14T11:05:13.160Z",
676,210123987002,290378,DEPOSIT,"자금 이체","2024-12-14T11:05:39.160Z",
677,941566778003,5390,PAYMENT,"식비 결제","2024-12-14T11:44:53.160Z",
678,941566778003,5390,PAYMENT,"통신요금 납부","2024-12-14T11:53:36.160Z",
679,210123987002,508321,TRANSFER,"월세 이체","2024-12-14T13:20:03.160Z",550987654321
680,880334455004,525221,DEPOSIT,"보너스 입금","2024-12-15T00:41:12.160Z",
681,210123987002,1008725,DEPOSIT,"부업 수입","2024-12-15T01:06:41.160Z",
682,941566778003,3429,PAYMENT,"보험료 납부","2024-12-15T02:20:27.160Z",
683,110456789001,201506,TRANSFER,"친구에게 송금","2024-12-15T02:55:39.160Z",660555444333
684,210123987002,391455,DEPOSIT,"월급 입금","2024-12-15T03:24:50.160Z",
685,210123987002,2478723,DEPOSIT,"부업 수입","2024-12-15T03:25:00.160Z",
686,880334455004,1369305,DEPOSIT,"부업 수입","2024-12-15T03:50:15.160Z",
687,880334455004,2123058,DEPOSIT,"월급 입금","2024-12-15T03:50:58.160Z",
688,110456789001,866579,DEPOSIT,"부업 수입","2024-12-15T03:59:48.160Z",
689,210123987002,640845,TRANSFER,"대출이자 납부","2024-12-15T04:54:41.160Z",550987654321
690,110456789001,352403,WITHDRAWAL,"생활비 출금","2024-12-15T05:17:29.160Z",
691,880334455004,194199,DEPOSIT,"월급 입금","2024-12-15T05:22:53.160Z",
692,110456789001,660743,TRANSFER,"친구에게 송금","2024-12-15T05:43:23.160Z",660555444333
693,880334455004,1584316,DEPOSIT,"자금 이체","2024-12-15T05:56:56.160Z",
694,210123987002,482114,WITHDRAWAL,"생활비 출금","2024-12-15T05:57:27.160Z",
695,880334455004,2361761,DEPOSIT,"자금 이체","2024-12-15T06:02:57.160Z",
696,110456789001,124842,WITHDRAWAL,"경조사비","2024-12-15T06:18:04.160Z",
697,110456789001,190386,PAYMENT,"온라인 쇼핑","2024-12-15T07:12:29.160Z",
698,110456789001,74613,DEPOSIT,"부업 수입","2024-12-15T08:08:34.160Z",
699,880334455004,881986,DEPOSIT,"부업 수입","2024-12-15T08:33:34.160Z",
700,880334455004,510996,DEPOSIT,"자금 이체","2024-12-15T08:40:24.160Z",
701,880334455004,2890272,DEPOSIT,"자금 이체","2024-12-15T10:08:13.160Z",
702,941566778003,9799,WITHDRAWAL,"의료비 출금","2024-12-15T11:07:40.160Z",
703,210123987002,439117,WITHDRAWAL,"교육비 출금","2024-12-15T11:08:02.160Z",
704,880334455004,2471694,DEPOSIT,"배당금 입금","2024-12-15T11:12:38.160Z",
705,110456789001,368355,TRANSFER,"가족 송금","2024-12-15T11:44:03.160Z",330111222333
706,210123987002,627309,TRANSFER,"대출이자 납부","2024-12-15T11:52:03.160Z",770123456789
707,210123987002,2728534,DEPOSIT,"보너스 입금","2024-12-15T12:00:20.160Z",
708,941566778003,3429,PAYMENT,"온라인 쇼핑","2024-12-15T13:35:02.160Z",
709,210123987002,630064,TRANSFER,"친구에게 송금","2024-12-15T13:46:36.160Z",330111222333
710,210123987002,622205,WITHDRAWAL,"교육비 출금","2024-12-16T00:33:06.160Z",
711,210123987002,409389,WITHDRAWAL,"경조사비","2024-12-16T01:01:07.160Z",
712,210123987002,1079207,DEPOSIT,"월급 입금","2024-12-16T02:16:40.160Z",
713,110456789001,1191553,TRANSFER,"대출이자 납부","2024-12-16T03:27:05.160Z",550987654321
714,110456789001,2824360,DEPOSIT,"배당금 입금","2024-12-16T03:30:38.160Z",
715,880334455004,2898259,DEPOSIT,"월급 입금","2024-12-16T04:19:06.160Z",
716,941566778003,7000,PAYMENT,"카드대금 결제","2024-12-16T04:31:06.160Z",
717,941566778003,7000,PAYMENT,"공과금 납부","2024-12-16T04:38:35.160Z",
718,110456789001,92253,PAYMENT,"카드대금 결제","2024-12-16T05:02:30.160Z",
719,210123987002,2985090,DEPOSIT,"보너스 입금","2024-12-16T06:58:36.160Z",
720,880334455004,1564500,DEPOSIT,"월급 입금","2024-12-16T07:47:40.160Z",
721,880334455004,1164149,DEPOSIT,"배당금 입금","2024-12-16T07:50:10.160Z",
722,880334455004,3572175,DEPOSIT,"자금 이체","2024-12-16T07:58:08.160Z",
723,941566778003,14000,WITHDRAWAL,"ATM 출금","2024-12-16T08:52:00.160Z",
724,941566778003,7000,PAYMENT,"통신요금 납부","2024-12-16T09:12:36.160Z",
725,210123987002,897869,TRANSFER,"대출이자 납부","2024-12-16T09:19:50.160Z",550987654321
726,210123987002,109883,TRANSFER,"적금 이체","2024-12-16T09:30:36.160Z",550987654321
727,941566778003,7000,PAYMENT,"식비 결제","2024-12-16T11:50:28.160Z",
728,941566778003,7000,PAYMENT,"식비 결제","2024-12-16T11:54:41.160Z",
729,880334455004,2804893,DEPOSIT,"배당금 입금","2024-12-16T12:44:49.160Z",
730,941566778003,14000,WITHDRAWAL,"ATM 출금","2024-12-17T00:54:13.160Z",
731,941566778003,14000,WITHDRAWAL,"교육비 출금","2024-12-17T01:10:28.160Z",
732,110456789001,137453,DEPOSIT,"보너스 입금","2024-12-17T01:35:45.160Z",
733,941566778003,7000,PAYMENT,"공과금 납부","2024-12-17T01:49:17.160Z",
734,110456789001,2158176,DEPOSIT,"배당금 입금","2024-12-17T02:56:47.160Z",
735,880334455004,3986671,DEPOSIT,"배당금 입금","2024-12-17T03:24:44.160Z",
736,880334455004,668389,DEPOSIT,"보너스 입금","2024-12-17T06:12:19.160Z",
737,941566778003,7000,PAYMENT,"카드대금 결제","2024-12-17T06:54:15.160Z",
738,110456789001,304491,WITHDRAWAL,"ATM 출금","2024-12-17T06:59:28.160Z",
739,210123987002,467010,WITHDRAWAL,"생활비 출금","2024-12-17T07:22:35.160Z",
740,210123987002,827997,TRANSFER,"적금 이체","2024-12-17T08:05:45.160Z",660555444333
741,110456789001,687752,WITHDRAWAL,"ATM 출금","2024-12-17T08:06:33.160Z",
742,110456789001,3641781,DEPOSIT,"월급 입금","2024-12-17T08:43:09.160Z",
743,880334455004,2453524,DEPOSIT,"월급 입금","2024-12-17T08:49:18.160Z",
744,941566778003,7000,PAYMENT,"식비 결제","2024-12-17T09:03:54.160Z",
745,941566778003,7000,PAYMENT,"보험료 납부","2024-12-17T09:11:53.160Z",
746,110456789001,135272,WITHDRAWAL,"경조사비","2024-12-17T09:16:04.160Z",
747,110456789001,389487,WITHDRAWAL,"의료비 출금","2024-12-17T10:37:02.160Z",
748,110456789001,352991,TRANSFER,"적금 이체","2024-12-17T10:38:19.160Z",550987654321
749,941566778003,7000,PAYMENT,"공과금 납부","2024-12-17T11:04:01.160Z",
750,210123987002,17572,WITHDRAWAL,"생활비 출금","2024-12-17T11:06:49.160Z",
751,880334455004,1284591,DEPOSIT,"배당금 입금","2024-12-17T11:29:34.160Z",
752,941566778003,7000,PAYMENT,"교통비 결제","2024-12-17T11:46:15.160Z",
753,880334455004,1002621,DEPOSIT,"보너스 입금","2024-12-17T12:49:55.160Z",
754,110456789001,923947,DEPOSIT,"부업 수입","2024-12-17T13:39:23.160Z",
755,110456789001,148794,WITHDRAWAL,"경조사비","2024-12-17T13:40:54.160Z",
756,210123987002,381043,WITHDRAWAL,"ATM 출금","2024-12-17T13:41:09.160Z",
757,110456789001,617421,WITHDRAWAL,"의료비 출금","2024-12-18T00:40:24.160Z",
758,210123987002,282488,WITHDRAWAL,"경조사비","2024-12-18T02:43:07.160Z",
759,210123987002,543732,TRANSFER,"적금 이체","2024-12-18T02:58:38.160Z",550987654321
760,210123987002,1318534,TRANSFER,"가족 송금","2024-12-18T03:46:27.160Z",660555444333
761,880334455004,4275555,DEPOSIT,"배당금 입금","2024-12-18T04:04:37.160Z",
762,880334455004,4060472,DEPOSIT,"부업 수입","2024-12-18T04:46:54.160Z",
763,880334455004,2768740,DEPOSIT,"보너스 입금","2024-12-18T04:56:26.160Z",
764,110456789001,630080,TRANSFER,"대출이자 납부","2024-12-18T05:20:42.160Z",770123456789
765,210123987002,234954,WITHDRAWAL,"교육비 출금","2024-12-18T05:55:32.160Z",
766,880334455004,195946,DEPOSIT,"자금 이체","2024-12-18T06:02:16.160Z",
767,941566778003,15400,WITHDRAWAL,"의료비 출금","2024-12-18T06:10:36.160Z",
768,110456789001,497713,WITHDRAWAL,"의료비 출금","2024-12-18T07:33:52.160Z",
769,210123987002,464595,TRANSFER,"친구에게 송금","2024-12-18T08:39:37.160Z",770123456789
770,941566778003,7700,PAYMENT,"공과금 납부","2024-12-18T09:03:57.160Z",
771,110456789001,457811,PAYMENT,"공과금 납부","2024-12-18T09:11:23.160Z",
772,941566778003,7700,PAYMENT,"보험료 납부","2024-12-18T10:32:22.160Z",
773,210123987002,1234106,TRANSFER,"적금 이체","2024-12-18T10:40:04.160Z",660555444333
774,110456789001,260758,PAYMENT,"카드대금 결제","2024-12-18T10:40:08.160Z",
775,941566778003,7700,PAYMENT,"교통비 결제","2024-12-18T10:57:25.160Z",
776,210123987002,437377,DEPOSIT,"배당금 입금","2024-12-18T11:03:22.160Z",
777,210123987002,4321474,DEPOSIT,"배당금 입금","2024-12-18T12:31:27.160Z",
778,941566778003,15400,WITHDRAWAL,"ATM 출금","2024-12-18T12:57:27.160Z",
779,110456789001,3569626,DEPOSIT,"월급 입금","2024-12-18T13:12:41.160Z",
780,941566778003,7700,PAYMENT,"식비 결제","2024-12-18T13:37:20.160Z",
781,110456789001,353643,DEPOSIT,"배당금 입금","2024-12-19T00:51:00.160Z",
782,941566778003,8400,PAYMENT,"통신요금 납부","2024-12-19T00:53:20.160Z",
783,210123987002,2594353,DEPOSIT,"배당금 입금","2024-12-19T00:59:58.160Z",
784,110456789001,222789,PAYMENT,"공과금 납부","2024-12-19T01:13:32.160Z",
785,110456789001,775381,WITHDRAWAL,"생활비 출금","2024-12-19T02:10:56.160Z",
786,210123987002,968639,TRANSFER,"친구에게 송금","2024-12-19T02:24:45.160Z",660555444333
787,880334455004,92214,DEPOSIT,"자금 이체","2024-12-19T05:19:41.160Z",
788,210123987002,814895,WITHDRAWAL,"경조사비","2024-12-19T06:33:25.160Z",
789,880334455004,91647,DEPOSIT,"자금 이체","2024-12-19T07:15:59.160Z",
790,210123987002,1108996,TRANSFER,"친구에게 송금","2024-12-19T07:55:40.160Z",550987654321
791,941566778003,8400,PAYMENT,"교통비 결제","2024-12-19T08:01:42.160Z",
792,110456789001,125157,WITHDRAWAL,"ATM 출금","2024-12-19T08:52:55.160Z",
793,941566778003,8400,PAYMENT,"공과금 납부","2024-12-19T09:20:40.160Z",
794,210123987002,463521,TRANSFER,"월세 이체","2024-12-19T09:28:01.160Z",660555444333
795,941566778003,16800,WITHDRAWAL,"ATM 출금","2024-12-19T09:28:54.160Z",
796,110456789001,510629,WITHDRAWAL,"교육비 출금","2024-12-19T09:34:56.160Z",
797,941566778003,8400,PAYMENT,"식비 결제","2024-12-19T10:20:03.160Z",
798,941566778003,16800,WITHDRAWAL,"ATM 출금","2024-12-19T10:21:56.160Z",
799,880334455004,2595843,DEPOSIT,"부업 수입","2024-12-19T10:38:31.160Z",
800,941566778003,16800,WITHDRAWAL,"교육비 출금","2024-12-19T10:52:46.160Z",
801,880334455004,479692,DEPOSIT,"월급 입금","2024-12-19T12:12:02.160Z",
802,210123987002,148122,TRANSFER,"친구에게 송금","2024-12-19T12:37:14.160Z",770123456789
803,880334455004,3876988,DEPOSIT,"보너스 입금","2024-12-19T13:24:08.160Z",
804,110456789001,359979,WITHDRAWAL,"ATM 출금","2024-12-19T13:25:13.160Z",
805,880334455004,1926791,DEPOSIT,"배당금 입금","2024-12-20T00:03:12.160Z",
806,210123987002,381618,WITHDRAWAL,"의료비 출금","2024-12-20T00:38:50.160Z",
807,880334455004,2982640,DEPOSIT,"자금 이체","2024-12-20T01:32:36.160Z",
808,210123987002,1621236,TRANSFER,"대출이자 납부","2024-12-20T01:34:47.160Z",660555444333
809,941566778003,9100,PAYMENT,"공과금 납부","2024-12-20T02:04:41.160Z",
810,210123987002,1620441,DEPOSIT,"부업 수입","2024-12-20T04:10:47.160Z",
811,880334455004,877883,DEPOSIT,"배당금 입금","2024-12-20T06:21:04.160Z",
812,210123987002,2674555,DEPOSIT,"배당금 입금","2024-12-20T10:01:00.160Z",
813,210123987002,549767,TRANSFER,"월세 이체","2024-12-20T10:31:46.160Z",660555444333
814,880334455004,2527741,DEPOSIT,"배당금 입금","2024-12-20T11:44:46.160Z",
815,941566778003,18200,WITHDRAWAL,"ATM 출금","2024-12-20T12:01:40.160Z",
816,210123987002,4322630,DEPOSIT,"배당금 입금","2024-12-20T13:51:25.160Z",
817,210123987002,1196049,TRANSFER,"친구에게 송금","2024-12-21T00:33:50.160Z",660555444333
818,941566778003,5390,PAYMENT,"교통비 결제","2024-12-21T00:34:52.160Z",
819,880334455004,901921,DEPOSIT,"배당금 입금","2024-12-21T01:41:14.160Z",
820,880334455004,2320202,DEPOSIT,"부업 수입","2024-12-21T02:49:51.160Z",
821,880334455004,2966109,DEPOSIT,"배당금 입금","2024-12-21T03:02:20.160Z",
822,210123987002,584669,WITHDRAWAL,"ATM 출금","2024-12-21T03:23:57.160Z",
823,110456789001,20450,PAYMENT,"교통비 결제","2024-12-21T04:21:41.160Z",
824,941566778003,5390,PAYMENT,"카드대금 결제","2024-12-21T04:40:19.160Z",
825,880334455004,3052245,DEPOSIT,"부업 수입","2024-12-21T05:10:11.160Z",
826,941566778003,5390,PAYMENT,"공과금 납부","2024-12-21T05:33:03.160Z",
827,210123987002,3920299,DEPOSIT,"월급 입금","2024-12-21T08:53:40.160Z",
828,880334455004,3758319,DEPOSIT,"보너스 입금","2024-12-21T09:35:02.160Z",
829,110456789001,952119,DEPOSIT,"보너스 입금","2024-12-21T10:27:01.160Z",
830,880334455004,4376961,DEPOSIT,"월급 입금","2024-12-21T11:03:54.160Z",
831,941566778003,5390,PAYMENT,"공과금 납부","2024-12-21T11:19:58.160Z",
832,941566778003,5390,PAYMENT,"온라인 쇼핑","2024-12-21T12:10:03.160Z",
833,880334455004,542966,DEPOSIT,"자금 이체","2024-12-21T12:20:11.160Z",
834,110456789001,194969,WITHDRAWAL,"생활비 출금","2024-12-21T12:25:06.160Z",
835,210123987002,551062,WITHDRAWAL,"ATM 출금","2024-12-21T12:34:34.160Z",
836,110456789001,694526,TRANSFER,"적금 이체","2024-12-22T01:08:41.160Z",770123456789
837,110456789001,2207721,DEPOSIT,"보너스 입금","2024-12-22T01:41:14.160Z",
838,110456789001,201366,PAYMENT,"카드대금 결제","2024-12-22T02:39:41.160Z",
839,210123987002,108643,WITHDRAWAL,"의료비 출금","2024-12-22T03:34:54.160Z",
840,210123987002,1063326,DEPOSIT,"부업 수입","2024-12-22T04:21:33.160Z",
841,880334455004,1869019,DEPOSIT,"월급 입금","2024-12-22T04:53:26.160Z",
842,880334455004,856308,DEPOSIT,"자금 이체","2024-12-22T05:00:38.160Z",
843,110456789001,397573,WITHDRAWAL,"경조사비","2024-12-22T05:36:20.160Z",
844,941566778003,9799,WITHDRAWAL,"경조사비","2024-12-22T05:39:33.160Z",
845,210123987002,1964211,DEPOSIT,"자금 이체","2024-12-22T06:16:02.160Z",
846,210123987002,2450651,DEPOSIT,"배당금 입금","2024-12-22T06:55:32.160Z",
847,880334455004,472008,DEPOSIT,"배당금 입금","2024-12-22T06:56:02.160Z",
848,880334455004,530522,DEPOSIT,"배당금 입금","2024-12-22T07:55:27.160Z",
849,880334455004,251261,DEPOSIT,"자금 이체","2024-12-22T09:21:57.160Z",
850,941566778003,3429,PAYMENT,"공과금 납부","2024-12-22T09:36:26.160Z",
851,210123987002,526648,TRANSFER,"대출이자 납부","2024-12-22T11:49:32.160Z",330111222333
852,880334455004,2569144,DEPOSIT,"자금 이체","2024-12-22T12:27:41.160Z",
853,210123987002,583133,TRANSFER,"친구에게 송금","2024-12-22T13:05:10.160Z",550987654321
854,210123987002,2135910,DEPOSIT,"자금 이체","2024-12-22T13:10:19.160Z",
855,941566778003,9799,WITHDRAWAL,"의료비 출금","2024-12-22T13:54:18.160Z",
856,941566778003,9799,WITHDRAWAL,"생활비 출금","2024-12-22T13:58:33.160Z",
857,110456789001,20282,WITHDRAWAL,"교육비 출금","2024-12-23T01:32:57.160Z",
858,110456789001,2206243,DEPOSIT,"자금 이체","2024-12-23T03:19:20.160Z",
859,880334455004,1866883,DEPOSIT,"자금 이체","2024-12-23T04:43:15.160Z",
860,941566778003,14000,WITHDRAWAL,"ATM 출금","2024-12-23T04:54:01.160Z",
861,210123987002,1136048,TRANSFER,"가족 송금","2024-12-23T04:58:36.160Z",330111222333
862,110456789001,232277,PAYMENT,"보험료 납부","2024-12-23T05:13:26.160Z",
863,110456789001,57667,WITHDRAWAL,"ATM 출금","2024-12-23T06:37:55.160Z",
864,941566778003,7000,PAYMENT,"온라인 쇼핑","2024-12-23T07:41:45.160Z",
865,210123987002,165207,TRANSFER,"대출이자 납부","2024-12-23T07:53:51.160Z",770123456789
866,880334455004,3334896,DEPOSIT,"부업 수입","2024-12-23T09:15:58.160Z",
867,110456789001,358923,TRANSFER,"친구에게 송금","2024-12-23T10:26:04.160Z",330111222333
868,110456789001,3972346,DEPOSIT,"보너스 입금","2024-12-23T11:25:26.160Z",
869,110456789001,1392584,TRANSFER,"친구에게 송금","2024-12-23T12:28:10.160Z",660555444333
870,210123987002,3908884,DEPOSIT,"보너스 입금","2024-12-24T00:40:02.160Z",
871,941566778003,14000,WITHDRAWAL,"ATM 출금","2024-12-24T00:46:40.160Z",
872,210123987002,2463256,DEPOSIT,"배당금 입금","2024-12-24T01:05:22.160Z",
873,210123987002,3277059,DEPOSIT,"월급 입금","2024-12-24T01:27:20.160Z",
874,941566778003,14000,WITHDRAWAL,"교육비 출금","2024-12-24T01:42:08.160Z",
875,110456789001,1170844,DEPOSIT,"부업 수입","2024-12-24T03:15:28.160Z",
876,210123987002,1036901,TRANSFER,"대출이자 납부","2024-12-24T03:18:48.160Z",660555444333
877,210123987002,35648,WITHDRAWAL,"ATM 출금","2024-12-24T03:31:09.160Z",
878,941566778003,7000,PAYMENT,"공과금 납부","2024-12-24T04:39:23.160Z",
879,210123987002,1124735,TRANSFER,"월세 이체","2024-12-24T06:39:24.160Z",660555444333
880,110456789001,106463,WITHDRAWAL,"경조사비","2024-12-24T07:00:44.160Z",
881,110456789001,390417,PAYMENT,"보험료 납부","2024-12-24T07:59:12.160Z",
882,941566778003,14000,WITHDRAWAL,"생활비 출금","2024-12-24T08:05:09.160Z",
883,880334455004,3378961,DEPOSIT,"자금 이체","2024-12-24T08:05:24.160Z",
884,941566778003,7000,PAYMENT,"식비 결제","2024-12-24T08:08:19.160Z",
885,941566778003,7000,PAYMENT,"교통비 결제","2024-12-24T08:11:52.160Z",
886,941566778003,14000,WITHDRAWAL,"생활비 출금","2024-12-24T09:21:47.160Z",
887,941566778003,14000,WITHDRAWAL,"교육비 출금","2024-12-24T10:13:58.160Z",
888,210123987002,697035,WITHDRAWAL,"의료비 출금","2024-12-24T10:42:16.160Z",
889,110456789001,100678,WITHDRAWAL,"의료비 출금","2024-12-24T11:57:47.160Z",
890,210123987002,628050,WITHDRAWAL,"의료비 출금","2024-12-24T12:33:12.160Z",
891,210123987002,3058578,DEPOSIT,"부업 수입","2024-12-24T13:32:58.160Z",
892,941566778003,7000,PAYMENT,"교통비 결제","2024-12-24T13:52:53.160Z",
893,941566778003,7700,PAYMENT,"식비 결제","2024-12-25T00:26:33.160Z",
894,880334455004,1013027,DEPOSIT,"월급 입금","2024-12-25T00:31:25.160Z",
895,210123987002,197124,WITHDRAWAL,"ATM 출금","2024-12-25T00:51:52.160Z",
896,110456789001,599123,DEPOSIT,"월급 입금","2024-12-25T01:12:04.160Z",
897,210123987002,4613700,DEPOSIT,"자금 이체","2024-12-25T01:23:36.160Z",
898,880334455004,1998370,DEPOSIT,"보너스 입금","2024-12-25T01:42:06.160Z",
899,941566778003,7700,PAYMENT,"카드대금 결제","2024-12-25T01:50:06.160Z",
900,941566778003,15400,WITHDRAWAL,"의료비 출금","2024-12-25T01:54:51.160Z",
901,110456789001,1181739,TRANSFER,"대출이자 납부","2024-12-25T02:22:42.160Z",550987654321
902,941566778003,15400,WITHDRAWAL,"경조사비","2024-12-25T03:14:32.160Z",
903,880334455004,1401935,DEPOSIT,"부업 수입","2024-12-25T03:56:21.160Z",
904,880334455004,2460247,DEPOSIT,"자금 이체","2024-12-25T04:12:17.160Z",
905,110456789001,371030,PAYMENT,"온라인 쇼핑","2024-12-25T04:54:54.160Z",
906,110456789001,246412,PAYMENT,"카드대금 결제","2024-12-25T05:41:24.160Z",
907,880334455004,1703252,DEPOSIT,"배당금 입금","2024-12-25T05:51:18.160Z",
908,210123987002,914124,DEPOSIT,"배당금 입금","2024-12-25T06:14:26.160Z",
909,880334455004,486879,DEPOSIT,"자금 이체","2024-12-25T08:38:12.160Z",
910,210123987002,625635,WITHDRAWAL,"생활비 출금","2024-12-25T09:11:52.160Z",
911,110456789001,409427,PAYMENT,"통신요금 납부","2024-12-25T11:36:05.160Z",
912,210123987002,3000380,DEPOSIT,"배당금 입금","2024-12-25T12:45:44.160Z",
913,210123987002,481426,TRANSFER,"친구에게 송금","2024-12-25T13:21:13.160Z",550987654321
914,110456789001,1785874,DEPOSIT,"보너스 입금","2024-12-25T13:55:56.160Z",
915,110456789001,1999861,DEPOSIT,"자금 이체","2024-12-26T00:10:45.160Z",
916,941566778003,16800,WITHDRAWAL,"의료비 출금","2024-12-26T01:20:24.160Z",
917,210123987002,454849,WITHDRAWAL,"의료비 출금","2024-12-26T01:42:23.160Z",
918,210123987002,705355,WITHDRAWAL,"교육비 출금","2024-12-26T03:45:32.160Z",
919,880334455004,2950874,DEPOSIT,"자금 이체","2024-12-26T04:15:34.160Z",
920,110456789001,702437,WITHDRAWAL,"의료비 출금","2024-12-26T04:16:38.160Z",
921,941566778003,16800,WITHDRAWAL,"의료비 출금","2024-12-26T04:57:08.160Z",
922,941566778003,16800,WITHDRAWAL,"의료비 출금","2024-12-26T05:13:06.160Z",
923,110456789001,48984,PAYMENT,"통신요금 납부","2024-12-26T05:51:49.160Z",
924,210123987002,493795,WITHDRAWAL,"의료비 출금","2024-12-26T07:58:57.160Z",
925,880334455004,768441,DEPOSIT,"자금 이체","2024-12-26T09:14:50.160Z",
926,880334455004,1204071,DEPOSIT,"배당금 입금","2024-12-26T10:04:27.160Z",
927,210123987002,165881,WITHDRAWAL,"생활비 출금","2024-12-26T10:07:38.160Z",
928,210123987002,529936,WITHDRAWAL,"ATM 출금","2024-12-26T11:35:11.160Z",
929,110456789001,125686,TRANSFER,"가족 송금","2024-12-26T11:43:10.160Z",550987654321
930,210123987002,108968,TRANSFER,"월세 이체","2024-12-26T12:40:45.160Z",660555444333
931,880334455004,4356691,DEPOSIT,"배당금 입금","2024-12-26T12:51:19.160Z",
932,880334455004,1825204,DEPOSIT,"월급 입금","2024-12-26T13:33:07.160Z",
933,210123987002,140818,WITHDRAWAL,"의료비 출금","2024-12-26T13:33:13.160Z",
934,210123987002,2409784,DEPOSIT,"부업 수입","2024-12-26T13:57:26.160Z",
935,110456789001,299378,PAYMENT,"통신요금 납부","2024-12-27T00:38:21.160Z",
936,110456789001,3125289,DEPOSIT,"부업 수입","2024-12-27T01:25:35.160Z",
937,880334455004,1896056,DEPOSIT,"자금 이체","2024-12-27T01:33:05.160Z",
938,880334455004,1237790,DEPOSIT,"보너스 입금","2024-12-27T01:40:14.160Z",
939,941566778003,9100,PAYMENT,"카드대금 결제","2024-12-27T01:51:19.160Z",
940,941566778003,18200,WITHDRAWAL,"ATM 출금","2024-12-27T04:16:13.160Z",
941,110456789001,1703407,TRANSFER,"가족 송금","2024-12-27T06:15:06.160Z",770123456789
942,941566778003,18200,WITHDRAWAL,"의료비 출금","2024-12-27T06:59:17.160Z",
943,941566778003,9100,PAYMENT,"카드대금 결제","2024-12-27T07:10:52.160Z",
944,880334455004,5009538,DEPOSIT,"자금 이체","2024-12-27T08:10:33.160Z",
945,210123987002,484851,TRANSFER,"대출이자 납부","2024-12-27T08:30:48.160Z",660555444333
946,210123987002,230514,WITHDRAWAL,"생활비 출금","2024-12-27T09:10:55.160Z",
947,880334455004,4286840,DEPOSIT,"보너스 입금","2024-12-27T09:39:12.160Z",
948,941566778003,18200,WITHDRAWAL,"의료비 출금","2024-12-27T10:11:44.160Z",
949,941566778003,18200,WITHDRAWAL,"경조사비","2024-12-27T10:34:28.160Z",
950,210123987002,113101,WITHDRAWAL,"교육비 출금","2024-12-27T10:52:06.160Z",
951,941566778003,18200,WITHDRAWAL,"생활비 출금","2024-12-27T11:17:57.160Z",
952,941566778003,9100,PAYMENT,"카드대금 결제","2024-12-27T11:20:57.160Z",
953,210123987002,440710,TRANSFER,"적금 이체","2024-12-27T12:10:36.160Z",330111222333
954,210123987002,58323,WITHDRAWAL,"의료비 출금","2024-12-27T13:21:16.160Z",
955,880334455004,3392525,DEPOSIT,"부업 수입","2024-12-27T13:28:26.160Z",
956,941566778003,9100,PAYMENT,"교통비 결제","2024-12-27T13:31:13.160Z",
957,110456789001,3184332,DEPOSIT,"보너스 입금","2024-12-27T13:47:21.160Z",
958,880334455004,4079984,DEPOSIT,"보너스 입금","2024-12-28T00:52:56.160Z",
959,110456789001,515854,WITHDRAWAL,"경조사비","2024-12-28T01:56:23.160Z",
960,110456789001,295413,WITHDRAWAL,"ATM 출금","2024-12-28T02:11:45.160Z",
961,210123987002,1141122,TRANSFER,"대출이자 납부","2024-12-28T02:51:45.160Z",550987654321
962,880334455004,991071,DEPOSIT,"월급 입금","2024-12-28T03:31:42.160Z",
963,110456789001,1886103,DEPOSIT,"자금 이체","2024-12-28T03:39:48.160Z",
964,210123987002,1235512,TRANSFER,"적금 이체","2024-12-28T04:02:08.160Z",550987654321
965,210123987002,680504,WITHDRAWAL,"교육비 출금","2024-12-28T04:17:02.160Z",
966,941566778003,15400,WITHDRAWAL,"의료비 출금","2024-12-28T04:20:25.160Z",
967,880334455004,1956253,DEPOSIT,"부업 수입","2024-12-28T04:59:10.160Z",
968,880334455004,4509216,DEPOSIT,"부업 수입","2024-12-28T07:12:19.160Z",
969,941566778003,5390,PAYMENT,"보험료 납부","2024-12-28T07:52:37.160Z",
970,110456789001,395267,TRANSFER,"적금 이체","2024-12-28T08:07:01.160Z",770123456789
971,941566778003,15400,WITHDRAWAL,"경조사비","2024-12-28T09:42:25.160Z",
972,880334455004,4503892,DEPOSIT,"자금 이체","2024-12-28T09:50:16.160Z",
973,880334455004,3201104,DEPOSIT,"보너스 입금","2024-12-28T10:29:12.160Z",
974,880334455004,469829,DEPOSIT,"부업 수입","2024-12-28T11:07:26.160Z",
975,880334455004,2744449,DEPOSIT,"자금 이체","2024-12-28T12:10:55.160Z",
976,941566778003,15400,WITHDRAWAL,"ATM 출금","2024-12-28T13:21:56.160Z",
977,110456789001,1496276,TRANSFER,"월세 이체","2024-12-28T13:36:39.160Z",770123456789
978,210123987002,2433247,DEPOSIT,"부업 수입","2024-12-29T00:00:56.160Z",
979,941566778003,3429,PAYMENT,"온라인 쇼핑","2024-12-29T00:07:18.160Z",
980,110456789001,52349,PAYMENT,"보험료 납부","2024-12-29T01:09:05.160Z",
981,110456789001,173447,WITHDRAWAL,"경조사비","2024-12-29T02:16:12.160Z",
982,210123987002,443067,WITHDRAWAL,"의료비 출금","2024-12-29T04:35:10.160Z",
983,210123987002,170281,DEPOSIT,"부업 수입","2024-12-29T04:48:32.160Z",
984,110456789001,338587,WITHDRAWAL,"생활비 출금","2024-12-29T06:19:24.160Z",
985,210123987002,967781,DEPOSIT,"보너스 입금","2024-12-29T07:52:52.160Z",
986,941566778003,9799,WITHDRAWAL,"생활비 출금","2024-12-29T09:06:44.160Z",
987,941566778003,9799,WITHDRAWAL,"교육비 출금","2024-12-29T09:31:45.160Z",
988,210123987002,440649,WITHDRAWAL,"ATM 출금","2024-12-29T10:05:47.160Z",
989,880334455004,1990539,DEPOSIT,"월급 입금","2024-12-29T10:47:03.160Z",
990,210123987002,163229,WITHDRAWAL,"경조사비","2024-12-29T10:50:40.160Z",
991,210123987002,130856,TRANSFER,"적금 이체","2024-12-29T11:43:34.160Z",660555444333
992,941566778003,3429,PAYMENT,"통신요금 납부","2024-12-29T11:45:43.160Z",
993,941566778003,3429,PAYMENT,"공과금 납부","2024-12-29T13:20:25.160Z",
994,880334455004,981750,DEPOSIT,"부업 수입","2024-12-30T00:43:18.160Z",
995,210123987002,652321,WITHDRAWAL,"의료비 출금","2024-12-30T00:45:44.160Z",
996,210123987002,684318,WITHDRAWAL,"의료비 출금","2024-12-30T01:06:34.160Z",
997,210123987002,849544,DEPOSIT,"자금 이체","2024-12-30T01:15:48.160Z",
998,110456789001,675673,TRANSFER,"월세 이체","2024-12-30T05:57:20.160Z",660555444333
999,941566778003,7000,PAYMENT,"카드대금 결제","2024-12-30T06:02:40.160Z",
1000,941566778003,7000,PAYMENT,"교통비 결제","2024-12-30T09:09:52.160Z",
1001,210123987002,837380,TRANSFER,"월세 이체","2024-12-30T09:46:23.160Z",770123456789
1002,210123987002,1003679,DEPOSIT,"자금 이체","2024-12-30T13:29:03.160Z",
1003,880334455004,4112373,DEPOSIT,"부업 수입","2024-12-31T01:26:31.160Z",
1004,941566778003,14000,WITHDRAWAL,"의료비 출금","2024-12-31T01:29:34.160Z",
1005,880334455004,1556898,DEPOSIT,"자금 이체","2024-12-31T02:28:14.160Z",
1006,941566778003,14000,WITHDRAWAL,"생활비 출금","2024-12-31T02:38:50.160Z",
1007,880334455004,3272774,DEPOSIT,"부업 수입","2024-12-31T03:17:11.160Z",
1008,941566778003,14000,WITHDRAWAL,"경조사비","2024-12-31T04:18:41.160Z",
1009,210123987002,595234,TRANSFER,"대출이자 납부","2024-12-31T04:43:27.160Z",770123456789
1010,880334455004,2945035,DEPOSIT,"부업 수입","2024-12-31T05:37:45.160Z",
1011,110456789001,644688,WITHDRAWAL,"경조사비","2024-12-31T06:54:18.160Z",
1012,210123987002,576060,TRANSFER,"월세 이체","2024-12-31T07:25:32.160Z",770123456789
1013,110456789001,373146,PAYMENT,"카드대금 결제","2024-12-31T07:39:09.160Z",
1014,210123987002,78938,DEPOSIT,"월급 입금","2024-12-31T08:18:07.160Z",
1015,110456789001,23710,WITHDRAWAL,"교육비 출금","2024-12-31T08:48:03.160Z",
1016,941566778003,7000,PAYMENT,"온라인 쇼핑","2024-12-31T09:41:39.160Z",
1017,941566778003,14000,WITHDRAWAL,"의료비 출금","2024-12-31T10:02:24.160Z",
1018,110456789001,153076,WITHDRAWAL,"교육비 출금","2024-12-31T10:32:16.160Z",
1019,941566778003,7000,PAYMENT,"공과금 납부","2024-12-31T10:37:54.160Z",
1020,110456789001,563969,TRANSFER,"대출이자 납부","2024-12-31T11:22:35.160Z",550987654321
1021,210123987002,106468,TRANSFER,"월세 이체","2024-12-31T12:42:23.160Z",660555444333
1022,110456789001,404256,PAYMENT,"통신요금 납부","2024-12-31T12:47:06.160Z",
1023,941566778003,7000,PAYMENT,"교통비 결제","2024-12-31T12:53:28.160Z",
1024,210123987002,692181,TRANSFER,"월세 이체","2024-12-31T12:57:10.160Z",550987654321
1025,210123987002,82264,DEPOSIT,"부업 수입","2025-01-01T01:34:19.160Z",
1026,110456789001,2604765,DEPOSIT,"자금 이체","2025-01-01T01:54:01.160Z",
1027,941566778003,7150,PAYMENT,"통신요금 납부","2025-01-01T03:36:04.160Z",
1028,880334455004,999727,DEPOSIT,"부업 수입","2025-01-01T03:42:18.160Z",
1029,110456789001,339881,PAYMENT,"보험료 납부","2025-01-01T06:22:29.160Z",
1030,941566778003,14300,WITHDRAWAL,"의료비 출금","2025-01-01T06:27:11.160Z",
1031,210123987002,939601,TRANSFER,"가족 송금","2025-01-01T07:08:07.160Z",330111222333
1032,880334455004,3871675,DEPOSIT,"월급 입금","2025-01-01T07:38:21.160Z",
1033,941566778003,14300,WITHDRAWAL,"생활비 출금","2025-01-01T09:07:55.160Z",
1034,210123987002,397132,TRANSFER,"가족 송금","2025-01-01T09:26:44.160Z",550987654321
1035,941566778003,7150,PAYMENT,"온라인 쇼핑","2025-01-01T09:29:22.160Z",
1036,210123987002,440461,DEPOSIT,"배당금 입금","2025-01-01T11:14:16.160Z",
1037,210123987002,3191888,DEPOSIT,"배당금 입금","2025-01-01T11:26:30.160Z",
1038,110456789001,2327883,DEPOSIT,"배당금 입금","2025-01-01T11:59:02.160Z",
1039,880334455004,1819187,DEPOSIT,"배당금 입금","2025-01-01T12:54:15.160Z",
1040,880334455004,2713020,DEPOSIT,"월급 입금","2025-01-01T12:57:02.160Z",
1041,880334455004,1228522,DEPOSIT,"부업 수입","2025-01-01T13:03:58.160Z",
1042,941566778003,7150,PAYMENT,"카드대금 결제","2025-01-01T13:52:44.160Z",
1043,941566778003,15600,WITHDRAWAL,"생활비 출금","2025-01-02T00:50:12.160Z",
1044,210123987002,300819,WITHDRAWAL,"경조사비","2025-01-02T00:53:51.160Z",
1045,210123987002,2517477,DEPOSIT,"자금 이체","2025-01-02T01:06:18.160Z",
1046,880334455004,1382942,DEPOSIT,"부업 수입","2025-01-02T01:22:49.160Z",
1047,880334455004,4543023,DEPOSIT,"보너스 입금","2025-01-02T01:43:42.160Z",
1048,210123987002,1482911,TRANSFER,"친구에게 송금","2025-01-02T01:45:17.160Z",550987654321
1049,110456789001,556183,WITHDRAWAL,"생활비 출금","2025-01-02T01:46:18.160Z",
1050,880334455004,2889769,DEPOSIT,"자금 이체","2025-01-02T02:00:30.160Z",
1051,210123987002,246289,TRANSFER,"친구에게 송금","2025-01-02T02:09:46.160Z",330111222333
1052,941566778003,7800,PAYMENT,"카드대금 결제","2025-01-02T02:13:25.160Z",
1053,941566778003,7800,PAYMENT,"온라인 쇼핑","2025-01-02T05:21:09.160Z",
1054,880334455004,1626831,DEPOSIT,"자금 이체","2025-01-02T06:24:29.160Z",
1055,941566778003,15600,WITHDRAWAL,"생활비 출금","2025-01-02T08:08:21.160Z",
1056,210123987002,1476441,TRANSFER,"대출이자 납부","2025-01-02T08:09:06.160Z",770123456789
1057,110456789001,446861,PAYMENT,"카드대금 결제","2025-01-02T09:30:19.160Z",
1058,110456789001,143067,PAYMENT,"카드대금 결제","2025-01-02T10:24:40.160Z",
1059,110456789001,166320,PAYMENT,"보험료 납부","2025-01-02T11:09:29.160Z",
1060,110456789001,565242,WITHDRAWAL,"의료비 출금","2025-01-02T12:48:30.160Z",
1061,110456789001,663650,TRANSFER,"가족 송금","2025-01-02T12:59:23.160Z",770123456789
1062,941566778003,7800,PAYMENT,"카드대금 결제","2025-01-02T13:20:49.160Z",
1063,880334455004,3582289,DEPOSIT,"부업 수입","2025-01-02T13:42:34.160Z",
1064,880334455004,3770433,DEPOSIT,"보너스 입금","2025-01-03T05:09:47.160Z",
1065,210123987002,877251,TRANSFER,"친구에게 송금","2025-01-03T06:44:23.160Z",660555444333
1066,210123987002,223688,WITHDRAWAL,"생활비 출금","2025-01-03T08:06:20.160Z",
1067,880334455004,4967475,DEPOSIT,"월급 입금","2025-01-03T08:17:21.160Z",
1068,880334455004,2012023,DEPOSIT,"부업 수입","2025-01-03T08:58:17.160Z",
1069,941566778003,16900,WITHDRAWAL,"ATM 출금","2025-01-03T09:01:45.160Z",
1070,941566778003,8450,PAYMENT,"보험료 납부","2025-01-03T09:50:18.160Z",
1071,880334455004,515832,DEPOSIT,"월급 입금","2025-01-03T09:52:51.160Z",
1072,210123987002,757272,TRANSFER,"친구에게 송금","2025-01-03T11:32:44.160Z",770123456789
1073,941566778003,8450,PAYMENT,"통신요금 납부","2025-01-03T12:09:54.160Z",
1074,110456789001,3774244,DEPOSIT,"월급 입금","2025-01-03T13:04:15.160Z",
1075,941566778003,14300,WITHDRAWAL,"생활비 출금","2025-01-04T00:22:40.160Z",
1076,110456789001,14444,WITHDRAWAL,"의료비 출금","2025-01-04T01:09:53.160Z",
1077,941566778003,5005,PAYMENT,"공과금 납부","2025-01-04T01:30:43.160Z",
1078,941566778003,14300,WITHDRAWAL,"의료비 출금","2025-01-04T03:12:27.160Z",
1079,880334455004,987946,DEPOSIT,"부업 수입","2025-01-04T03:20:26.160Z",
1080,210123987002,182293,WITHDRAWAL,"교육비 출금","2025-01-04T03:41:14.160Z",
1081,941566778003,14300,WITHDRAWAL,"생활비 출금","2025-01-04T04:00:22.160Z",
1082,880334455004,2949432,DEPOSIT,"자금 이체","2025-01-04T04:18:43.160Z",
1083,210123987002,116105,WITHDRAWAL,"의료비 출금","2025-01-04T05:46:51.160Z",
1084,210123987002,477075,TRANSFER,"대출이자 납부","2025-01-04T06:55:11.160Z",330111222333
1085,941566778003,5005,PAYMENT,"공과금 납부","2025-01-04T07:25:19.160Z",
1086,941566778003,5005,PAYMENT,"공과금 납부","2025-01-04T08:12:54.160Z",
1087,941566778003,5005,PAYMENT,"통신요금 납부","2025-01-04T09:05:58.160Z",
1088,110456789001,1292964,TRANSFER,"월세 이체","2025-01-04T09:06:39.160Z",330111222333
1089,210123987002,691707,WITHDRAWAL,"ATM 출금","2025-01-04T09:21:50.160Z",
1090,941566778003,5005,PAYMENT,"온라인 쇼핑","2025-01-04T09:40:24.160Z",
1091,880334455004,2987314,DEPOSIT,"배당금 입금","2025-01-04T10:45:50.160Z",
1092,210123987002,2393288,DEPOSIT,"자금 이체","2025-01-04T12:29:01.160Z",
1093,941566778003,5005,PAYMENT,"카드대금 결제","2025-01-04T13:09:27.160Z",
1094,110456789001,74025,WITHDRAWAL,"ATM 출금","2025-01-04T13:10:04.160Z",
1095,880334455004,2453181,DEPOSIT,"배당금 입금","2025-01-05T00:52:43.160Z",
1096,941566778003,3185,PAYMENT,"공과금 납부","2025-01-05T01:29:41.160Z",
1097,880334455004,2234544,DEPOSIT,"배당금 입금","2025-01-05T01:46:44.160Z",
1098,210123987002,753581,TRANSFER,"가족 송금","2025-01-05T02:01:46.160Z",550987654321
1099,110456789001,159972,PAYMENT,"카드대금 결제","2025-01-05T02:11:43.160Z",
1100,941566778003,9100,WITHDRAWAL,"경조사비","2025-01-05T02:13:08.160Z",
1101,880334455004,2579672,DEPOSIT,"자금 이체","2025-01-05T04:39:04.160Z",
1102,941566778003,9100,WITHDRAWAL,"생활비 출금","2025-01-05T04:56:03.160Z",
1103,110456789001,256877,DEPOSIT,"자금 이체","2025-01-05T05:19:17.160Z",
1104,941566778003,9100,WITHDRAWAL,"교육비 출금","2025-01-05T05:21:17.160Z",
1105,110456789001,132149,WITHDRAWAL,"ATM 출금","2025-01-05T05:47:59.160Z",
1106,210123987002,419521,TRANSFER,"적금 이체","2025-01-05T07:13:45.160Z",330111222333
1107,880334455004,367916,DEPOSIT,"보너스 입금","2025-01-05T07:28:44.160Z",
1108,210123987002,2596973,DEPOSIT,"부업 수입","2025-01-05T07:57:11.160Z",
1109,110456789001,118706,PAYMENT,"교통비 결제","2025-01-05T08:13:27.160Z",
1110,941566778003,9100,WITHDRAWAL,"의료비 출금","2025-01-05T08:14:29.160Z",
1111,880334455004,591898,DEPOSIT,"보너스 입금","2025-01-05T08:30:53.160Z",
1112,941566778003,3185,PAYMENT,"통신요금 납부","2025-01-05T09:20:16.160Z",
1113,880334455004,1387961,DEPOSIT,"배당금 입금","2025-01-05T09:30:13.160Z",
1114,880334455004,146460,DEPOSIT,"보너스 입금","2025-01-05T10:18:45.160Z",
1115,880334455004,1332101,DEPOSIT,"보너스 입금","2025-01-05T10:52:27.160Z",
1116,110456789001,837102,DEPOSIT,"부업 수입","2025-01-05T11:54:39.160Z",
1117,941566778003,3185,PAYMENT,"식비 결제","2025-01-05T11:57:29.160Z",
1118,941566778003,3185,PAYMENT,"식비 결제","2025-01-05T11:58:10.160Z",
1119,941566778003,3185,PAYMENT,"보험료 납부","2025-01-05T12:39:10.160Z",
1120,210123987002,182473,WITHDRAWAL,"ATM 출금","2025-01-05T12:48:02.160Z",
1121,110456789001,762544,DEPOSIT,"보너스 입금","2025-01-05T13:15:04.160Z",
1122,110456789001,351849,PAYMENT,"통신요금 납부","2025-01-06T00:19:19.160Z",
1123,210123987002,403173,WITHDRAWAL,"경조사비","2025-01-06T01:38:19.160Z",
1124,210123987002,2140000,DEPOSIT,"부업 수입","2025-01-06T02:07:17.160Z",
1125,880334455004,1537724,DEPOSIT,"월급 입금","2025-01-06T06:29:17.160Z",
1126,941566778003,13000,WITHDRAWAL,"생활비 출금","2025-01-06T07:05:26.160Z",
1127,941566778003,6500,PAYMENT,"카드대금 결제","2025-01-06T07:27:21.160Z",
1128,210123987002,2903078,DEPOSIT,"배당금 입금","2025-01-06T08:36:42.160Z",
1129,941566778003,13000,WITHDRAWAL,"생활비 출금","2025-01-06T09:03:15.160Z",
1130,210123987002,1012291,DEPOSIT,"부업 수입","2025-01-06T09:05:20.160Z",
1131,210123987002,101737,WITHDRAWAL,"경조사비","2025-01-06T09:55:26.160Z",
1132,880334455004,1957401,DEPOSIT,"부업 수입","2025-01-06T10:40:08.160Z",
1133,941566778003,6500,PAYMENT,"통신요금 납부","2025-01-06T11:21:05.160Z",
1134,210123987002,2274087,DEPOSIT,"월급 입금","2025-01-06T13:02:29.160Z",
1135,880334455004,831836,DEPOSIT,"월급 입금","2025-01-06T13:05:50.160Z",
1136,941566778003,13000,WITHDRAWAL,"생활비 출금","2025-01-06T13:43:07.160Z",
1137,110456789001,3455413,DEPOSIT,"배당금 입금","2025-01-06T13:44:24.160Z",
1138,210123987002,193287,DEPOSIT,"자금 이체","2025-01-06T13:58:21.160Z",
1139,210123987002,182917,WITHDRAWAL,"경조사비","2025-01-07T03:30:04.160Z",
1140,941566778003,6500,PAYMENT,"식비 결제","2025-01-07T04:59:59.160Z",
1141,880334455004,3648106,DEPOSIT,"월급 입금","2025-01-07T05:38:02.160Z",
1142,941566778003,6500,PAYMENT,"온라인 쇼핑","2025-01-07T05:38:24.160Z",
1143,110456789001,1191751,TRANSFER,"대출이자 납부","2025-01-07T05:38:57.160Z",550987654321
1144,941566778003,6500,PAYMENT,"통신요금 납부","2025-01-07T05:58:04.160Z",
1145,210123987002,1148275,TRANSFER,"대출이자 납부","2025-01-07T06:02:48.160Z",770123456789
1146,110456789001,254318,PAYMENT,"카드대금 결제","2025-01-07T06:55:38.160Z",
1147,880334455004,2274238,DEPOSIT,"보너스 입금","2025-01-07T08:07:56.160Z",
1148,210123987002,1300581,DEPOSIT,"자금 이체","2025-01-07T08:24:13.160Z",
1149,880334455004,2354117,DEPOSIT,"배당금 입금","2025-01-07T08:43:21.160Z",
1150,210123987002,30845,WITHDRAWAL,"ATM 출금","2025-01-07T09:36:08.160Z",
1151,880334455004,744554,DEPOSIT,"배당금 입금","2025-01-07T10:06:12.160Z",
1152,880334455004,141950,DEPOSIT,"자금 이체","2025-01-07T10:20:19.160Z",
1153,880334455004,933224,DEPOSIT,"배당금 입금","2025-01-07T10:22:27.160Z",
1154,110456789001,1250060,TRANSFER,"친구에게 송금","2025-01-07T11:27:34.160Z",550987654321
1155,110456789001,369362,PAYMENT,"교통비 결제","2025-01-07T11:32:43.160Z",
1156,110456789001,2420574,DEPOSIT,"월급 입금","2025-01-07T11:39:03.160Z",
1157,210123987002,84811,DEPOSIT,"자금 이체","2025-01-07T11:51:44.160Z",
1158,110456789001,1071298,TRANSFER,"월세 이체","2025-01-07T12:10:58.160Z",660555444333
1159,880334455004,705038,DEPOSIT,"배당금 입금","2025-01-07T12:16:45.160Z",
1160,210123987002,593946,WITHDRAWAL,"경조사비","2025-01-07T12:53:41.160Z",
1161,110456789001,349481,WITHDRAWAL,"경조사비","2025-01-07T13:16:03.160Z",
1162,210123987002,326858,TRANSFER,"가족 송금","2025-01-07T13:32:10.160Z",660555444333
1163,110456789001,356593,WITHDRAWAL,"생활비 출금","2025-01-08T00:51:42.160Z",
1164,110456789001,1314330,TRANSFER,"가족 송금","2025-01-08T02:14:08.160Z",330111222333
1165,880334455004,3391904,DEPOSIT,"배당금 입금","2025-01-08T03:38:24.160Z",
1166,210123987002,453126,WITHDRAWAL,"생활비 출금","2025-01-08T04:03:42.160Z",
1167,941566778003,14300,WITHDRAWAL,"경조사비","2025-01-08T04:04:09.160Z",
1168,210123987002,520698,WITHDRAWAL,"생활비 출금","2025-01-08T04:41:17.160Z",
1169,941566778003,14300,WITHDRAWAL,"경조사비","2025-01-08T05:05:38.160Z",
1170,941566778003,7150,PAYMENT,"보험료 납부","2025-01-08T05:21:04.160Z",
1171,941566778003,7150,PAYMENT,"보험료 납부","2025-01-08T05:58:56.160Z",
1172,110456789001,1144847,TRANSFER,"친구에게 송금","2025-01-08T06:07:11.160Z",550987654321
1173,880334455004,3242613,DEPOSIT,"부업 수입","2025-01-08T06:25:55.160Z",
1174,880334455004,1594967,DEPOSIT,"배당금 입금","2025-01-08T06:59:44.160Z",
1175,110456789001,96534,PAYMENT,"온라인 쇼핑","2025-01-08T07:04:40.160Z",
1176,110456789001,1545733,DEPOSIT,"부업 수입","2025-01-08T07:23:47.160Z",
1177,110456789001,564638,WITHDRAWAL,"생활비 출금","2025-01-08T07:27:17.160Z",
1178,110456789001,237939,TRANSFER,"대출이자 납부","2025-01-08T09:59:37.160Z",660555444333
1179,941566778003,7150,PAYMENT,"통신요금 납부","2025-01-08T10:49:16.160Z",
1180,210123987002,2824606,DEPOSIT,"자금 이체","2025-01-08T11:12:39.160Z",
1181,210123987002,989926,TRANSFER,"친구에게 송금","2025-01-08T12:05:54.160Z",330111222333
1182,110456789001,3344011,DEPOSIT,"배당금 입금","2025-01-08T12:14:45.160Z",
1183,880334455004,3862633,DEPOSIT,"월급 입금","2025-01-08T13:06:08.160Z",
1184,210123987002,601442,WITHDRAWAL,"교육비 출금","2025-01-08T13:50:24.160Z",
1185,941566778003,15600,WITHDRAWAL,"의료비 출금","2025-01-09T00:57:55.160Z",
1186,880334455004,4098122,DEPOSIT,"보너스 입금","2025-01-09T01:28:39.160Z",
1187,880334455004,3074098,DEPOSIT,"배당금 입금","2025-01-09T02:15:56.160Z",
1188,210123987002,378468,WITHDRAWAL,"교육비 출금","2025-01-09T03:32:28.160Z",
1189,941566778003,15600,WITHDRAWAL,"ATM 출금","2025-01-09T05:47:05.160Z",
1190,210123987002,596863,TRANSFER,"가족 송금","2025-01-09T06:47:30.160Z",770123456789
1191,210123987002,187401,TRANSFER,"적금 이체","2025-01-09T07:08:03.160Z",330111222333
1192,210123987002,3375806,DEPOSIT,"배당금 입금","2025-01-09T07:14:26.160Z",
1193,880334455004,2201530,DEPOSIT,"배당금 입금","2025-01-09T08:13:14.160Z",
1194,110456789001,573039,WITHDRAWAL,"ATM 출금","2025-01-09T08:15:01.160Z",
1195,880334455004,3158476,DEPOSIT,"부업 수입","2025-01-09T10:32:45.160Z",
1196,880334455004,1951512,DEPOSIT,"보너스 입금","2025-01-09T10:35:19.160Z",
1197,110456789001,1556417,TRANSFER,"친구에게 송금","2025-01-09T10:44:39.160Z",550987654321
1198,880334455004,4103159,DEPOSIT,"월급 입금","2025-01-09T10:55:47.160Z",
1199,110456789001,144487,TRANSFER,"적금 이체","2025-01-09T13:10:04.160Z",330111222333
1200,210123987002,3856711,DEPOSIT,"배당금 입금","2025-01-10T00:52:05.160Z",
1201,210123987002,308094,WITHDRAWAL,"교육비 출금","2025-01-10T01:00:39.160Z",
1202,210123987002,3986602,DEPOSIT,"보너스 입금","2025-01-10T01:02:21.160Z",
1203,941566778003,8450,PAYMENT,"교통비 결제","2025-01-10T01:43:23.160Z",
1204,941566778003,16900,WITHDRAWAL,"의료비 출금","2025-01-10T01:47:30.160Z",
1205,210123987002,251538,TRANSFER,"월세 이체","2025-01-10T02:58:33.160Z",550987654321
1206,941566778003,8450,PAYMENT,"카드대금 결제","2025-01-10T03:49:06.160Z",
1207,880334455004,3952117,DEPOSIT,"월급 입금","2025-01-10T04:32:54.160Z",
1208,110456789001,98481,PAYMENT,"교통비 결제","2025-01-10T08:19:23.160Z",
1209,110456789001,1210226,DEPOSIT,"자금 이체","2025-01-10T10:28:04.160Z",
1210,941566778003,8450,PAYMENT,"통신요금 납부","2025-01-10T11:07:19.160Z",
1211,110456789001,726819,TRANSFER,"대출이자 납부","2025-01-10T12:08:17.160Z",550987654321
1212,210123987002,1295262,DEPOSIT,"자금 이체","2025-01-10T12:24:38.160Z",
1213,110456789001,2792874,DEPOSIT,"월급 입금","2025-01-10T13:40:52.160Z",
1214,110456789001,48616,WITHDRAWAL,"의료비 출금","2025-01-11T01:08:18.160Z",
1215,110456789001,4073665,DEPOSIT,"보너스 입금","2025-01-11T02:11:54.160Z",
1216,210123987002,117493,TRANSFER,"적금 이체","2025-01-11T02:36:38.160Z",330111222333
1217,110456789001,518318,TRANSFER,"월세 이체","2025-01-11T02:45:54.160Z",550987654321
1218,941566778003,14300,WITHDRAWAL,"생활비 출금","2025-01-11T02:54:45.160Z",
1219,941566778003,14300,WITHDRAWAL,"교육비 출금","2025-01-11T04:31:28.160Z",
1220,880334455004,3410721,DEPOSIT,"보너스 입금","2025-01-11T04:48:22.160Z",
1221,880334455004,236766,DEPOSIT,"배당금 입금","2025-01-11T05:23:49.160Z",
1222,880334455004,2107241,DEPOSIT,"월급 입금","2025-01-11T06:37:01.160Z",
1223,210123987002,76198,TRANSFER,"적금 이체","2025-01-11T07:05:16.160Z",770123456789
1224,210123987002,736573,TRANSFER,"가족 송금","2025-01-11T07:20:04.160Z",330111222333
1225,941566778003,14300,WITHDRAWAL,"의료비 출금","2025-01-11T07:52:35.160Z",
1226,110456789001,3413247,DEPOSIT,"부업 수입","2025-01-11T10:13:08.160Z",
1227,210123987002,758455,TRANSFER,"대출이자 납부","2025-01-11T11:42:54.160Z",660555444333
1228,941566778003,14300,WITHDRAWAL,"의료비 출금","2025-01-11T12:49:13.160Z",
1229,110456789001,56786,PAYMENT,"교통비 결제","2025-01-11T13:11:47.160Z",
1230,210123987002,686433,TRANSFER,"대출이자 납부","2025-01-11T13:16:22.160Z",660555444333
1231,880334455004,3843993,DEPOSIT,"자금 이체","2025-01-11T13:43:43.160Z",
1232,880334455004,1440614,DEPOSIT,"보너스 입금","2025-01-11T13:55:01.160Z",
1233,880334455004,200628,DEPOSIT,"부업 수입","2025-01-12T00:33:31.160Z",
1234,110456789001,176034,PAYMENT,"보험료 납부","2025-01-12T00:59:20.160Z",
1235,880334455004,2445216,DEPOSIT,"자금 이체","2025-01-12T01:03:51.160Z",
1236,210123987002,2046129,DEPOSIT,"보너스 입금","2025-01-12T01:31:30.160Z",
1237,941566778003,3185,PAYMENT,"식비 결제","2025-01-12T01:54:59.160Z",
1238,880334455004,2560541,DEPOSIT,"자금 이체","2025-01-12T02:06:10.160Z",
1239,880334455004,680811,DEPOSIT,"부업 수입","2025-01-12T02:50:31.160Z",
1240,880334455004,1108974,DEPOSIT,"배당금 입금","2025-01-12T04:44:21.160Z",
1241,880334455004,1460883,DEPOSIT,"자금 이체","2025-01-12T06:53:31.160Z",
1242,880334455004,2224978,DEPOSIT,"보너스 입금","2025-01-12T07:15:39.160Z",
1243,880334455004,530291,DEPOSIT,"자금 이체","2025-01-12T07:25:49.160Z",
1244,941566778003,9100,WITHDRAWAL,"의료비 출금","2025-01-12T07:59:48.160Z",
1245,210123987002,447898,DEPOSIT,"월급 입금","2025-01-12T09:37:25.160Z",
1246,110456789001,255848,WITHDRAWAL,"경조사비","2025-01-12T11:15:41.160Z",
1247,941566778003,9100,WITHDRAWAL,"의료비 출금","2025-01-12T11:35:49.160Z",
1248,880334455004,2172531,DEPOSIT,"월급 입금","2025-01-12T11:54:16.160Z",
1249,880334455004,1829137,DEPOSIT,"월급 입금","2025-01-12T12:02:01.160Z",
1250,941566778003,9100,WITHDRAWAL,"경조사비","2025-01-12T12:55:59.160Z",
1251,941566778003,13000,WITHDRAWAL,"생활비 출금","2025-01-13T00:56:03.160Z",
1252,880334455004,3732577,DEPOSIT,"보너스 입금","2025-01-13T01:31:38.160Z",
1253,110456789001,451242,WITHDRAWAL,"교육비 출금","2025-01-13T03:34:40.160Z",
1254,210123987002,538553,WITHDRAWAL,"생활비 출금","2025-01-13T05:04:55.160Z",
1255,110456789001,617706,TRANSFER,"적금 이체","2025-01-13T05:23:45.160Z",550987654321
1256,110456789001,352022,WITHDRAWAL,"경조사비","2025-01-13T06:34:12.160Z",
1257,210123987002,573346,TRANSFER,"대출이자 납부","2025-01-13T07:19:58.160Z",660555444333
1258,110456789001,133102,PAYMENT,"공과금 납부","2025-01-13T07:25:08.160Z",
1259,941566778003,6500,PAYMENT,"공과금 납부","2025-01-13T07:48:39.160Z",
1260,210123987002,1488886,DEPOSIT,"보너스 입금","2025-01-13T07:54:32.160Z",
1261,941566778003,6500,PAYMENT,"보험료 납부","2025-01-13T11:48:54.160Z",
1262,110456789001,15928,PAYMENT,"보험료 납부","2025-01-13T11:51:37.160Z",
1263,941566778003,6500,PAYMENT,"공과금 납부","2025-01-13T11:53:20.160Z",
1264,941566778003,6500,PAYMENT,"온라인 쇼핑","2025-01-13T12:15:12.160Z",
1265,941566778003,13000,WITHDRAWAL,"ATM 출금","2025-01-13T12:40:49.160Z",
1266,941566778003,6500,PAYMENT,"식비 결제","2025-01-13T12:45:30.160Z",
1267,110456789001,50688,TRANSFER,"대출이자 납부","2025-01-13T12:57:51.160Z",330111222333
1268,210123987002,2997239,DEPOSIT,"월급 입금","2025-01-14T00:29:47.160Z",
1269,880334455004,2822735,DEPOSIT,"자금 이체","2025-01-14T01:26:59.160Z",
1270,210123987002,2043962,DEPOSIT,"배당금 입금","2025-01-14T02:47:24.160Z",
1271,941566778003,13000,WITHDRAWAL,"ATM 출금","2025-01-14T02:54:33.160Z",
1272,880334455004,3564083,DEPOSIT,"보너스 입금","2025-01-14T03:25:23.160Z",
1273,210123987002,495453,WITHDRAWAL,"생활비 출금","2025-01-14T04:02:48.160Z",
1274,880334455004,1498948,DEPOSIT,"배당금 입금","2025-01-14T04:45:55.160Z",
1275,880334455004,2807927,DEPOSIT,"보너스 입금","2025-01-14T05:05:56.160Z",
1276,110456789001,350280,PAYMENT,"통신요금 납부","2025-01-14T05:26:08.160Z",
1277,941566778003,13000,WITHDRAWAL,"경조사비","2025-01-14T06:02:33.160Z",
1278,941566778003,6500,PAYMENT,"교통비 결제","2025-01-14T06:12:15.160Z",
1279,880334455004,3606961,DEPOSIT,"부업 수입","2025-01-14T06:18:17.160Z",
1280,941566778003,13000,WITHDRAWAL,"ATM 출금","2025-01-14T07:47:02.160Z",
1281,941566778003,6500,PAYMENT,"온라인 쇼핑","2025-01-14T07:54:35.160Z",
1282,880334455004,3106089,DEPOSIT,"부업 수입","2025-01-14T08:28:11.160Z",
1283,210123987002,33496,WITHDRAWAL,"경조사비","2025-01-14T09:46:19.160Z",
1284,210123987002,917096,TRANSFER,"대출이자 납부","2025-01-14T10:16:37.160Z",330111222333
1285,210123987002,669902,DEPOSIT,"보너스 입금","2025-01-14T11:06:12.160Z",
1286,210123987002,571970,WITHDRAWAL,"의료비 출금","2025-01-14T11:34:31.160Z",
1287,880334455004,2044392,DEPOSIT,"월급 입금","2025-01-14T12:08:08.160Z",
1288,110456789001,135473,PAYMENT,"온라인 쇼핑","2025-01-14T12:16:01.160Z",
1289,880334455004,822149,DEPOSIT,"부업 수입","2025-01-14T12:44:26.160Z",
1290,210123987002,1174789,TRANSFER,"대출이자 납부","2025-01-14T13:55:37.160Z",550987654321
1291,880334455004,1312100,DEPOSIT,"보너스 입금","2025-01-15T00:30:05.160Z",
1292,210123987002,1409233,DEPOSIT,"배당금 입금","2025-01-15T02:33:32.160Z",
1293,941566778003,14300,WITHDRAWAL,"ATM 출금","2025-01-15T03:04:32.160Z",
1294,880334455004,2922809,DEPOSIT,"배당금 입금","2025-01-15T03:32:55.160Z",
1295,210123987002,1561246,DEPOSIT,"부업 수입","2025-01-15T05:01:24.160Z",
1296,880334455004,4287038,DEPOSIT,"자금 이체","2025-01-15T05:03:30.160Z",
1297,210123987002,664087,TRANSFER,"적금 이체","2025-01-15T05:12:18.160Z",550987654321
1298,941566778003,14300,WITHDRAWAL,"생활비 출금","2025-01-15T05:40:13.160Z",
1299,880334455004,534003,DEPOSIT,"배당금 입금","2025-01-15T05:53:06.160Z",
1300,941566778003,7150,PAYMENT,"식비 결제","2025-01-15T06:09:19.160Z",
1301,941566778003,14300,WITHDRAWAL,"의료비 출금","2025-01-15T07:01:19.160Z",
1302,210123987002,1061723,TRANSFER,"대출이자 납부","2025-01-15T07:14:44.160Z",660555444333
1303,880334455004,2498869,DEPOSIT,"월급 입금","2025-01-15T07:20:10.160Z",
1304,210123987002,3895503,DEPOSIT,"월급 입금","2025-01-15T07:55:20.160Z",
1305,880334455004,2003629,DEPOSIT,"보너스 입금","2025-01-15T08:16:55.160Z",
1306,941566778003,7150,PAYMENT,"보험료 납부","2025-01-15T08:24:22.160Z",
1307,110456789001,1542031,DEPOSIT,"월급 입금","2025-01-15T09:36:57.160Z",
1308,210123987002,556767,WITHDRAWAL,"교육비 출금","2025-01-15T09:54:03.160Z",
1309,110456789001,1326701,TRANSFER,"친구에게 송금","2025-01-15T09:57:27.160Z",330111222333
1310,880334455004,1720916,DEPOSIT,"자금 이체","2025-01-15T10:10:31.160Z",
1311,880334455004,2451135,DEPOSIT,"부업 수입","2025-01-15T10:19:12.160Z",
1312,110456789001,65766,PAYMENT,"통신요금 납부","2025-01-15T10:52:49.160Z",
1313,880334455004,4137935,DEPOSIT,"부업 수입","2025-01-15T11:02:28.160Z",
1314,941566778003,14300,WITHDRAWAL,"생활비 출금","2025-01-15T11:26:09.160Z",
1315,941566778003,14300,WITHDRAWAL,"경조사비","2025-01-15T12:17:38.160Z",
1316,941566778003,14300,WITHDRAWAL,"경조사비","2025-01-15T12:34:28.160Z",
1317,210123987002,440565,WITHDRAWAL,"생활비 출금","2025-01-15T12:57:55.160Z",
1318,880334455004,2601667,DEPOSIT,"월급 입금","2025-01-15T13:01:23.160Z",
1319,880334455004,3381697,DEPOSIT,"월급 입금","2025-01-15T13:41:50.160Z",
1320,941566778003,14300,WITHDRAWAL,"ATM 출금","2025-01-15T13:53:58.160Z",
1321,880334455004,2926258,DEPOSIT,"자금 이체","2025-01-16T01:48:43.160Z",
1322,941566778003,15600,WITHDRAWAL,"교육비 출금","2025-01-16T03:52:13.160Z",
1323,110456789001,426949,PAYMENT,"공과금 납부","2025-01-16T04:05:06.160Z",
1324,941566778003,15600,WITHDRAWAL,"의료비 출금","2025-01-16T04:15:15.160Z",
1325,941566778003,7800,PAYMENT,"교통비 결제","2025-01-16T04:48:05.160Z",
1326,941566778003,7800,PAYMENT,"온라인 쇼핑","2025-01-16T05:13:29.160Z",
1327,941566778003,15600,WITHDRAWAL,"경조사비","2025-01-16T05:31:06.160Z",
1328,110456789001,222033,PAYMENT,"온라인 쇼핑","2025-01-16T05:32:21.160Z",
1329,880334455004,2366036,DEPOSIT,"월급 입금","2025-01-16T06:54:55.160Z",
1330,210123987002,918029,DEPOSIT,"자금 이체","2025-01-16T07:06:07.160Z",
1331,110456789001,673275,DEPOSIT,"자금 이체","2025-01-16T07:18:47.160Z",
1332,941566778003,15600,WITHDRAWAL,"교육비 출금","2025-01-16T07:20:08.160Z",
1333,880334455004,1331099,DEPOSIT,"부업 수입","2025-01-16T07:26:42.160Z",
1334,110456789001,593393,TRANSFER,"가족 송금","2025-01-16T09:21:38.160Z",660555444333
1335,210123987002,4431738,DEPOSIT,"자금 이체","2025-01-16T09:26:25.160Z",
1336,880334455004,4057103,DEPOSIT,"배당금 입금","2025-01-16T09:51:34.160Z",
1337,210123987002,25377,WITHDRAWAL,"의료비 출금","2025-01-16T10:01:00.160Z",
1338,110456789001,2133496,DEPOSIT,"자금 이체","2025-01-16T10:07:18.160Z",
1339,110456789001,3549638,DEPOSIT,"월급 입금","2025-01-16T10:14:37.160Z",
1340,880334455004,4335536,DEPOSIT,"보너스 입금","2025-01-16T11:15:13.160Z",
1341,941566778003,15600,WITHDRAWAL,"생활비 출금","2025-01-16T11:21:25.160Z",
1342,880334455004,991708,DEPOSIT,"부업 수입","2025-01-16T11:51:09.160Z",
1343,880334455004,3252260,DEPOSIT,"자금 이체","2025-01-16T12:47:21.160Z",
1344,110456789001,428498,PAYMENT,"교통비 결제","2025-01-16T13:03:27.160Z",
1345,880334455004,3310817,DEPOSIT,"월급 입금","2025-01-16T13:43:01.160Z",
1346,941566778003,16900,WITHDRAWAL,"ATM 출금","2025-01-17T00:53:22.160Z",
1347,110456789001,788343,WITHDRAWAL,"ATM 출금","2025-01-17T01:38:51.160Z",
1348,110456789001,327763,DEPOSIT,"부업 수입","2025-01-17T02:00:17.160Z",
1349,110456789001,236880,WITHDRAWAL,"생활비 출금","2025-01-17T02:15:34.160Z",
1350,210123987002,861913,TRANSFER,"적금 이체","2025-01-17T02:18:11.160Z",550987654321
1351,110456789001,3304438,DEPOSIT,"부업 수입","2025-01-17T03:31:28.160Z",
1352,880334455004,1550432,DEPOSIT,"월급 입금","2025-01-17T05:36:19.160Z",
1353,210123987002,453719,TRANSFER,"적금 이체","2025-01-17T06:06:44.160Z",550987654321
1354,210123987002,1283165,DEPOSIT,"배당금 입금","2025-01-17T06:54:03.160Z",
1355,880334455004,4430447,DEPOSIT,"부업 수입","2025-01-17T06:55:57.160Z",
1356,210123987002,618541,WITHDRAWAL,"ATM 출금","2025-01-17T07:16:21.160Z",
1357,110456789001,2208470,DEPOSIT,"자금 이체","2025-01-17T07:39:20.160Z",
1358,941566778003,8450,PAYMENT,"통신요금 납부","2025-01-17T07:46:12.160Z",
1359,110456789001,660402,WITHDRAWAL,"의료비 출금","2025-01-17T07:53:43.160Z",
1360,941566778003,8450,PAYMENT,"카드대금 결제","2025-01-17T08:03:26.160Z",
1361,210123987002,1016710,DEPOSIT,"보너스 입금","2025-01-17T08:25:01.160Z",
1362,941566778003,8450,PAYMENT,"보험료 납부","2025-01-17T08:48:30.160Z",
1363,110456789001,759526,DEPOSIT,"배당금 입금","2025-01-17T08:54:52.160Z",
1364,110456789001,539727,TRANSFER,"대출이자 납부","2025-01-17T09:25:33.160Z",330111222333
1365,110456789001,95452,PAYMENT,"공과금 납부","2025-01-17T09:54:45.160Z",
1366,941566778003,8450,PAYMENT,"카드대금 결제","2025-01-17T11:51:26.160Z",
1367,210123987002,71868,WITHDRAWAL,"생활비 출금","2025-01-17T11:54:25.160Z",
1368,210123987002,1490813,TRANSFER,"월세 이체","2025-01-17T12:07:45.160Z",660555444333
1369,110456789001,347628,PAYMENT,"보험료 납부","2025-01-17T12:35:28.160Z",
1370,210123987002,318006,WITHDRAWAL,"ATM 출금","2025-01-17T12:44:37.160Z",
1371,880334455004,1235998,DEPOSIT,"부업 수입","2025-01-17T13:10:24.160Z",
1372,880334455004,2650344,DEPOSIT,"월급 입금","2025-01-18T00:07:35.160Z",
1373,210123987002,416721,DEPOSIT,"배당금 입금","2025-01-18T00:10:11.160Z",
1374,210123987002,545201,DEPOSIT,"부업 수입","2025-01-18T00:17:14.160Z",
1375,941566778003,5005,PAYMENT,"통신요금 납부","2025-01-18T00:21:40.160Z",
1376,941566778003,14300,WITHDRAWAL,"의료비 출금","2025-01-18T01:15:14.160Z",
1377,210123987002,206983,WITHDRAWAL,"의료비 출금","2025-01-18T01:49:49.160Z",
1378,941566778003,5005,PAYMENT,"식비 결제","2025-01-18T02:34:51.160Z",
1379,880334455004,3689796,DEPOSIT,"월급 입금","2025-01-18T02:39:48.160Z",
1380,210123987002,531165,TRANSFER,"대출이자 납부","2025-01-18T02:57:24.160Z",660555444333
1381,941566778003,5005,PAYMENT,"교통비 결제","2025-01-18T03:02:05.160Z",
1382,210123987002,614099,TRANSFER,"대출이자 납부","2025-01-18T04:48:52.160Z",330111222333
1383,210123987002,1442121,DEPOSIT,"자금 이체","2025-01-18T04:57:00.160Z",
1384,210123987002,2832780,DEPOSIT,"부업 수입","2025-01-18T05:25:00.160Z",
1385,880334455004,3337995,DEPOSIT,"배당금 입금","2025-01-18T06:23:37.160Z",
1386,880334455004,835861,DEPOSIT,"부업 수입","2025-01-18T06:34:11.160Z",
1387,210123987002,474137,WITHDRAWAL,"ATM 출금","2025-01-18T08:15:01.160Z",
1388,880334455004,4206227,DEPOSIT,"배당금 입금","2025-01-18T08:51:45.160Z",
1389,210123987002,3685518,DEPOSIT,"자금 이체","2025-01-18T09:06:04.160Z",
1390,110456789001,161499,PAYMENT,"온라인 쇼핑","2025-01-18T09:13:47.160Z",
1391,880334455004,1417093,DEPOSIT,"부업 수입","2025-01-18T09:20:38.160Z",
1392,110456789001,648277,TRANSFER,"대출이자 납부","2025-01-18T09:25:24.160Z",330111222333
1393,210123987002,965897,TRANSFER,"가족 송금","2025-01-18T09:25:28.160Z",550987654321
1394,880334455004,661593,DEPOSIT,"자금 이체","2025-01-18T10:13:02.160Z",
1395,110456789001,343870,WITHDRAWAL,"의료비 출금","2025-01-18T10:22:26.160Z",
1396,210123987002,579547,TRANSFER,"적금 이체","2025-01-18T10:33:13.160Z",330111222333
1397,110456789001,968235,TRANSFER,"월세 이체","2025-01-18T10:36:14.160Z",660555444333
1398,110456789001,222249,PAYMENT,"통신요금 납부","2025-01-18T10:57:07.160Z",
1399,941566778003,14300,WITHDRAWAL,"생활비 출금","2025-01-18T11:23:33.160Z",
1400,210123987002,1140121,TRANSFER,"가족 송금","2025-01-18T12:25:22.160Z",550987654321
1401,941566778003,5005,PAYMENT,"통신요금 납부","2025-01-18T12:42:40.160Z",
1402,110456789001,942611,TRANSFER,"가족 송금","2025-01-18T13:41:54.160Z",550987654321
1403,110456789001,98198,PAYMENT,"카드대금 결제","2025-01-19T01:04:51.160Z",
1404,941566778003,3185,PAYMENT,"온라인 쇼핑","2025-01-19T01:26:21.160Z",
1405,210123987002,55502,WITHDRAWAL,"의료비 출금","2025-01-19T01:40:00.160Z",
1406,941566778003,9100,WITHDRAWAL,"생활비 출금","2025-01-19T02:20:10.160Z",
1407,941566778003,3185,PAYMENT,"통신요금 납부","2025-01-19T02:20:16.160Z",
1408,210123987002,823398,DEPOSIT,"자금 이체","2025-01-19T02:46:30.160Z",
1409,110456789001,652001,TRANSFER,"대출이자 납부","2025-01-19T03:02:56.160Z",770123456789
1410,941566778003,3185,PAYMENT,"온라인 쇼핑","2025-01-19T03:47:18.160Z",
1411,210123987002,372209,TRANSFER,"대출이자 납부","2025-01-19T04:15:56.160Z",660555444333
1412,110456789001,3525,PAYMENT,"온라인 쇼핑","2025-01-19T04:31:33.160Z",
1413,880334455004,1423405,DEPOSIT,"배당금 입금","2025-01-19T05:28:36.160Z",
1414,110456789001,40303,PAYMENT,"식비 결제","2025-01-19T05:34:59.160Z",
1415,941566778003,9100,WITHDRAWAL,"생활비 출금","2025-01-19T05:54:43.160Z",
1416,110456789001,284490,WITHDRAWAL,"교육비 출금","2025-01-19T06:37:14.160Z",
1417,880334455004,885366,DEPOSIT,"보너스 입금","2025-01-19T07:52:26.160Z",
1418,880334455004,1541931,DEPOSIT,"보너스 입금","2025-01-19T08:23:08.160Z",
1419,941566778003,9100,WITHDRAWAL,"ATM 출금","2025-01-19T11:22:26.160Z",
1420,210123987002,60299,TRANSFER,"대출이자 납부","2025-01-19T12:26:32.160Z",550987654321
1421,880334455004,1101675,DEPOSIT,"배당금 입금","2025-01-19T12:29:07.160Z",
1422,941566778003,3185,PAYMENT,"교통비 결제","2025-01-19T12:43:52.160Z",
1423,941566778003,9100,WITHDRAWAL,"의료비 출금","2025-01-19T13:19:56.160Z",
1424,210123987002,630508,TRANSFER,"적금 이체","2025-01-19T13:56:11.160Z",330111222333
1425,110456789001,66078,WITHDRAWAL,"교육비 출금","2025-01-20T01:11:10.160Z",
1426,941566778003,13000,WITHDRAWAL,"생활비 출금","2025-01-20T01:44:00.160Z",
1427,941566778003,6500,PAYMENT,"보험료 납부","2025-01-20T02:29:28.160Z",
1428,880334455004,2533166,DEPOSIT,"배당금 입금","2025-01-20T03:05:11.160Z",
1429,110456789001,592343,TRANSFER,"월세 이체","2025-01-20T03:29:21.160Z",660555444333
1430,210123987002,439331,WITHDRAWAL,"생활비 출금","2025-01-20T03:56:40.160Z",
1431,110456789001,135469,PAYMENT,"교통비 결제","2025-01-20T03:57:41.160Z",
1432,941566778003,6500,PAYMENT,"공과금 납부","2025-01-20T04:37:29.160Z",
1433,941566778003,13000,WITHDRAWAL,"ATM 출금","2025-01-20T05:55:37.160Z",
1434,210123987002,1101873,DEPOSIT,"월급 입금","2025-01-20T07:22:47.160Z",
1435,210123987002,1256772,DEPOSIT,"배당금 입금","2025-01-20T07:26:59.160Z",
1436,110456789001,12864,PAYMENT,"보험료 납부","2025-01-20T08:03:20.160Z",
1437,110456789001,3046665,DEPOSIT,"배당금 입금","2025-01-20T11:00:08.160Z",
1438,110456789001,207452,WITHDRAWAL,"ATM 출금","2025-01-20T11:11:51.160Z",
1439,110456789001,112244,PAYMENT,"식비 결제","2025-01-20T12:01:34.160Z",
1440,941566778003,6500,PAYMENT,"카드대금 결제","2025-01-20T12:05:26.160Z",
1441,941566778003,13000,WITHDRAWAL,"의료비 출금","2025-01-20T13:08:28.160Z",
1442,880334455004,3758624,DEPOSIT,"부업 수입","2025-01-20T13:31:47.160Z",
1443,210123987002,774757,TRANSFER,"대출이자 납부","2025-01-20T13:45:00.160Z",660555444333
1444,210123987002,470030,WITHDRAWAL,"교육비 출금","2025-01-21T00:05:29.160Z",
1445,941566778003,13000,WITHDRAWAL,"ATM 출금","2025-01-21T00:35:01.160Z",
1446,941566778003,13000,WITHDRAWAL,"의료비 출금","2025-01-21T00:56:27.160Z",
1447,110456789001,2146561,DEPOSIT,"배당금 입금","2025-01-21T02:20:16.160Z",
1448,880334455004,2275828,DEPOSIT,"월급 입금","2025-01-21T04:03:47.160Z",
1449,880334455004,2199889,DEPOSIT,"보너스 입금","2025-01-21T04:13:15.160Z",
1450,880334455004,1815694,DEPOSIT,"월급 입금","2025-01-21T04:27:39.160Z",
1451,880334455004,461554,DEPOSIT,"보너스 입금","2025-01-21T05:26:36.160Z",
1452,210123987002,3719678,DEPOSIT,"배당금 입금","2025-01-21T06:04:46.160Z",
1453,110456789001,3874647,DEPOSIT,"월급 입금","2025-01-21T06:12:36.160Z",
1454,110456789001,160428,TRANSFER,"적금 이체","2025-01-21T06:21:43.160Z",330111222333
1455,941566778003,13000,WITHDRAWAL,"의료비 출금","2025-01-21T06:23:05.160Z",
1456,941566778003,13000,WITHDRAWAL,"ATM 출금","2025-01-21T06:40:42.160Z",
1457,210123987002,958409,TRANSFER,"대출이자 납부","2025-01-21T08:09:52.160Z",550987654321
1458,941566778003,13000,WITHDRAWAL,"경조사비","2025-01-21T08:11:22.160Z",
1459,110456789001,3456079,DEPOSIT,"월급 입금","2025-01-21T09:26:49.160Z",
1460,110456789001,79631,TRANSFER,"적금 이체","2025-01-21T10:48:56.160Z",660555444333
1461,941566778003,6500,PAYMENT,"식비 결제","2025-01-21T10:50:00.160Z",
1462,880334455004,1899306,DEPOSIT,"월급 입금","2025-01-21T10:57:06.160Z",
1463,941566778003,13000,WITHDRAWAL,"교육비 출금","2025-01-21T11:03:25.160Z",
1464,941566778003,13000,WITHDRAWAL,"교육비 출금","2025-01-21T11:32:14.160Z",
1465,880334455004,2609881,DEPOSIT,"월급 입금","2025-01-21T12:25:58.160Z",
1466,880334455004,1958650,DEPOSIT,"배당금 입금","2025-01-21T12:29:36.160Z",
1467,210123987002,104387,WITHDRAWAL,"의료비 출금","2025-01-21T12:31:34.160Z",
1468,880334455004,3020287,DEPOSIT,"자금 이체","2025-01-21T12:39:06.160Z",
1469,880334455004,2858044,DEPOSIT,"월급 입금","2025-01-21T13:09:29.160Z",
1470,941566778003,13000,WITHDRAWAL,"교육비 출금","2025-01-21T13:19:17.160Z",
1471,110456789001,35813,TRANSFER,"친구에게 송금","2025-01-21T13:33:27.160Z",770123456789
1472,941566778003,7150,PAYMENT,"온라인 쇼핑","2025-01-22T00:20:15.160Z",
1473,880334455004,3952322,DEPOSIT,"부업 수입","2025-01-22T01:20:24.160Z",
1474,110456789001,843429,TRANSFER,"대출이자 납부","2025-01-22T01:35:58.160Z",550987654321
1475,210123987002,1061086,DEPOSIT,"월급 입금","2025-01-22T02:18:37.160Z",
1476,880334455004,198444,DEPOSIT,"보너스 입금","2025-01-22T02:37:53.160Z",
1477,110456789001,349839,PAYMENT,"온라인 쇼핑","2025-01-22T03:14:24.160Z",
1478,110456789001,2220944,DEPOSIT,"보너스 입금","2025-01-22T03:48:56.160Z",
1479,880334455004,4054306,DEPOSIT,"월급 입금","2025-01-22T04:17:43.160Z",
1480,210123987002,993243,TRANSFER,"친구에게 송금","2025-01-22T04:40:16.160Z",660555444333
1481,110456789001,586429,WITHDRAWAL,"생활비 출금","2025-01-22T05:06:53.160Z",
1482,210123987002,455367,WITHDRAWAL,"교육비 출금","2025-01-22T05:15:08.160Z",
1483,110456789001,940632,DEPOSIT,"배당금 입금","2025-01-22T06:15:51.160Z",
1484,210123987002,278711,DEPOSIT,"월급 입금","2025-01-22T08:37:26.160Z",
1485,941566778003,7150,PAYMENT,"보험료 납부","2025-01-22T09:07:14.160Z",
1486,110456789001,2102470,DEPOSIT,"부업 수입","2025-01-22T09:17:27.160Z",
1487,110456789001,563466,WITHDRAWAL,"경조사비","2025-01-22T09:24:47.160Z",
1488,880334455004,3077718,DEPOSIT,"보너스 입금","2025-01-22T09:27:28.160Z",
1489,210123987002,249090,WITHDRAWAL,"의료비 출금","2025-01-22T09:44:00.160Z",
1490,210123987002,2225848,DEPOSIT,"부업 수입","2025-01-22T11:02:57.160Z",
1491,210123987002,1301454,TRANSFER,"가족 송금","2025-01-22T11:56:35.160Z",660555444333
1492,880334455004,4089146,DEPOSIT,"보너스 입금","2025-01-22T13:12:13.160Z",
1493,941566778003,15600,WITHDRAWAL,"의료비 출금","2025-01-23T00:17:49.160Z",
1494,110456789001,172106,PAYMENT,"교통비 결제","2025-01-23T00:51:40.160Z",
1495,941566778003,7800,PAYMENT,"카드대금 결제","2025-01-23T02:09:11.160Z",
1496,110456789001,927162,TRANSFER,"적금 이체","2025-01-23T02:55:53.160Z",550987654321
1497,880334455004,1720944,DEPOSIT,"월급 입금","2025-01-23T03:13:15.160Z",
1498,210123987002,924220,TRANSFER,"대출이자 납부","2025-01-23T04:10:11.160Z",550987654321
1499,110456789001,755976,WITHDRAWAL,"생활비 출금","2025-01-23T04:55:29.160Z",
1500,880334455004,1823592,DEPOSIT,"보너스 입금","2025-01-23T05:49:27.160Z",
1501,210123987002,1522699,TRANSFER,"적금 이체","2025-01-23T06:35:32.160Z",660555444333
1502,210123987002,603942,TRANSFER,"월세 이체","2025-01-23T06:55:58.160Z",330111222333
1503,941566778003,15600,WITHDRAWAL,"ATM 출금","2025-01-23T07:07:37.160Z",
1504,210123987002,383806,TRANSFER,"월세 이체","2025-01-23T07:37:34.160Z",660555444333
1505,110456789001,712444,DEPOSIT,"배당금 입금","2025-01-23T09:45:04.160Z",
1506,880334455004,668077,DEPOSIT,"부업 수입","2025-01-23T10:18:45.160Z",
1507,880334455004,2291859,DEPOSIT,"부업 수입","2025-01-23T11:53:50.160Z",
1508,941566778003,7800,PAYMENT,"식비 결제","2025-01-23T11:58:40.160Z",
1509,210123987002,1366356,TRANSFER,"적금 이체","2025-01-23T12:02:22.160Z",330111222333
1510,880334455004,4331644,DEPOSIT,"배당금 입금","2025-01-23T12:03:06.160Z",
1511,110456789001,1277063,TRANSFER,"월세 이체","2025-01-23T12:57:17.160Z",550987654321
1512,210123987002,2203839,DEPOSIT,"배당금 입금","2025-01-23T13:02:45.160Z",
1513,880334455004,4413300,DEPOSIT,"자금 이체","2025-01-23T13:06:00.160Z",
1514,110456789001,2508985,DEPOSIT,"부업 수입","2025-01-23T13:14:08.160Z",
1515,880334455004,2286216,DEPOSIT,"보너스 입금","2025-01-24T00:23:58.160Z",
1516,110456789001,483306,TRANSFER,"대출이자 납부","2025-01-24T01:32:45.160Z",660555444333
1517,110456789001,304448,TRANSFER,"친구에게 송금","2025-01-24T01:58:27.160Z",550987654321
1518,210123987002,1169193,TRANSFER,"가족 송금","2025-01-24T02:34:36.160Z",550987654321
1519,210123987002,1936726,DEPOSIT,"자금 이체","2025-01-24T03:14:43.160Z",
1520,110456789001,36702,WITHDRAWAL,"의료비 출금","2025-01-24T03:41:32.160Z",
1521,210123987002,3700723,DEPOSIT,"배당금 입금","2025-01-24T03:46:55.160Z",
1522,880334455004,2020582,DEPOSIT,"자금 이체","2025-01-24T05:40:52.160Z",
1523,941566778003,16900,WITHDRAWAL,"경조사비","2025-01-24T05:42:50.160Z",
1524,880334455004,1008932,DEPOSIT,"자금 이체","2025-01-24T06:38:55.160Z",
1525,880334455004,2356898,DEPOSIT,"월급 입금","2025-01-24T06:47:57.160Z",
1526,110456789001,1480705,DEPOSIT,"부업 수입","2025-01-24T08:23:51.160Z",
1527,110456789001,108156,PAYMENT,"식비 결제","2025-01-24T08:47:45.160Z",
1528,110456789001,856944,TRANSFER,"친구에게 송금","2025-01-24T08:59:54.160Z",660555444333
1529,210123987002,411403,WITHDRAWAL,"교육비 출금","2025-01-24T09:29:47.160Z",
1530,210123987002,4064107,DEPOSIT,"자금 이체","2025-01-24T09:32:39.160Z",
1531,941566778003,16900,WITHDRAWAL,"의료비 출금","2025-01-24T10:21:37.160Z",
1532,210123987002,1368109,TRANSFER,"월세 이체","2025-01-24T10:34:07.160Z",550987654321
1533,880334455004,4234060,DEPOSIT,"부업 수입","2025-01-24T11:37:15.160Z",
1534,941566778003,14300,WITHDRAWAL,"교육비 출금","2025-01-25T01:24:08.160Z",
1535,210123987002,1291927,TRANSFER,"적금 이체","2025-01-25T02:47:00.160Z",660555444333
1536,210123987002,547844,WITHDRAWAL,"교육비 출금","2025-01-25T03:41:44.160Z",
1537,110456789001,45453,WITHDRAWAL,"의료비 출금","2025-01-25T03:41:58.160Z",
1538,880334455004,72081,DEPOSIT,"배당금 입금","2025-01-25T03:45:49.160Z",
1539,210123987002,843731,TRANSFER,"대출이자 납부","2025-01-25T03:46:31.160Z",660555444333
1540,941566778003,14300,WITHDRAWAL,"생활비 출금","2025-01-25T04:05:45.160Z",
1541,941566778003,14300,WITHDRAWAL,"ATM 출금","2025-01-25T04:20:18.160Z",
1542,110456789001,696585,WITHDRAWAL,"의료비 출금","2025-01-25T05:32:30.160Z",
1543,110456789001,2802295,DEPOSIT,"보너스 입금","2025-01-25T05:44:01.160Z",
1544,941566778003,5005,PAYMENT,"온라인 쇼핑","2025-01-25T06:59:03.160Z",
1545,941566778003,5005,PAYMENT,"공과금 납부","2025-01-25T07:09:12.160Z",
1546,210123987002,359892,DEPOSIT,"월급 입금","2025-01-25T08:13:30.160Z",
1547,210123987002,488944,WITHDRAWAL,"의료비 출금","2025-01-25T08:56:20.160Z",
1548,210123987002,3389306,DEPOSIT,"부업 수입","2025-01-25T09:05:15.160Z",
1549,941566778003,14300,WITHDRAWAL,"생활비 출금","2025-01-25T09:44:26.160Z",
1550,941566778003,5005,PAYMENT,"카드대금 결제","2025-01-25T09:54:18.160Z",
1551,110456789001,149365,PAYMENT,"보험료 납부","2025-01-25T09:59:29.160Z",
1552,941566778003,5005,PAYMENT,"온라인 쇼핑","2025-01-25T10:05:21.160Z",
1553,210123987002,2988979,DEPOSIT,"월급 입금","2025-01-25T11:19:07.160Z",
1554,210123987002,889281,TRANSFER,"월세 이체","2025-01-25T12:27:32.160Z",770123456789
1555,110456789001,131914,TRANSFER,"대출이자 납부","2025-01-25T12:39:07.160Z",550987654321
1556,110456789001,296027,TRANSFER,"가족 송금","2025-01-25T13:56:31.160Z",550987654321
1557,941566778003,5005,PAYMENT,"통신요금 납부","2025-01-25T13:58:54.160Z",
1558,110456789001,103518,WITHDRAWAL,"교육비 출금","2025-01-26T00:37:49.160Z",
1559,880334455004,2148205,DEPOSIT,"배당금 입금","2025-01-26T00:52:50.160Z",
1560,941566778003,9100,WITHDRAWAL,"교육비 출금","2025-01-26T01:07:54.160Z",
1561,110456789001,81774,PAYMENT,"온라인 쇼핑","2025-01-26T03:10:22.160Z",
1562,941566778003,3185,PAYMENT,"보험료 납부","2025-01-26T03:32:42.160Z",
1563,110456789001,85027,PAYMENT,"교통비 결제","2025-01-26T03:35:41.160Z",
1564,880334455004,707160,DEPOSIT,"월급 입금","2025-01-26T04:50:10.160Z",
1565,941566778003,9100,WITHDRAWAL,"경조사비","2025-01-26T05:25:14.160Z",
1566,210123987002,397100,TRANSFER,"친구에게 송금","2025-01-26T05:48:20.160Z",550987654321
1567,110456789001,30675,PAYMENT,"공과금 납부","2025-01-26T05:57:18.160Z",
1568,880334455004,730173,DEPOSIT,"자금 이체","2025-01-26T06:31:49.160Z",
1569,110456789001,150524,PAYMENT,"카드대금 결제","2025-01-26T07:14:50.160Z",
1570,210123987002,563906,TRANSFER,"친구에게 송금","2025-01-26T07:19:01.160Z",660555444333
1571,941566778003,3185,PAYMENT,"교통비 결제","2025-01-26T09:29:15.160Z",
1572,880334455004,883293,DEPOSIT,"월급 입금","2025-01-26T10:20:16.160Z",
1573,941566778003,9100,WITHDRAWAL,"ATM 출금","2025-01-26T10:23:59.160Z",
1574,880334455004,509814,DEPOSIT,"월급 입금","2025-01-26T10:54:11.160Z",
1575,941566778003,3185,PAYMENT,"공과금 납부","2025-01-26T10:59:35.160Z",
1576,110456789001,87632,PAYMENT,"통신요금 납부","2025-01-26T11:57:15.160Z",
1577,941566778003,9100,WITHDRAWAL,"교육비 출금","2025-01-26T12:14:11.160Z",
1578,880334455004,978406,DEPOSIT,"배당금 입금","2025-01-26T12:33:24.160Z",
1579,880334455004,933507,DEPOSIT,"자금 이체","2025-01-26T12:51:44.160Z",
1580,880334455004,2248603,DEPOSIT,"배당금 입금","2025-01-26T13:02:53.160Z",
1581,210123987002,763249,TRANSFER,"적금 이체","2025-01-26T13:41:47.160Z",770123456789
1582,941566778003,6500,PAYMENT,"카드대금 결제","2025-01-27T00:40:01.160Z",
1583,210123987002,109315,TRANSFER,"가족 송금","2025-01-27T01:03:09.160Z",660555444333
1584,880334455004,1221632,DEPOSIT,"보너스 입금","2025-01-27T01:19:32.160Z",
1585,110456789001,39335,PAYMENT,"통신요금 납부","2025-01-27T02:10:12.160Z",
1586,880334455004,3010254,DEPOSIT,"보너스 입금","2025-01-27T02:12:06.160Z",
1587,880334455004,2065014,DEPOSIT,"월급 입금","2025-01-27T02:54:04.160Z",
1588,941566778003,6500,PAYMENT,"공과금 납부","2025-01-27T04:49:12.160Z",
1589,210123987002,473763,WITHDRAWAL,"생활비 출금","2025-01-27T05:39:34.160Z",
1590,941566778003,13000,WITHDRAWAL,"의료비 출금","2025-01-27T05:57:00.160Z",
1591,880334455004,3673723,DEPOSIT,"배당금 입금","2025-01-27T06:21:05.160Z",
1592,210123987002,194049,DEPOSIT,"월급 입금","2025-01-27T07:49:36.160Z",
1593,880334455004,2665995,DEPOSIT,"보너스 입금","2025-01-27T08:31:49.160Z",
1594,941566778003,13000,WITHDRAWAL,"교육비 출금","2025-01-27T09:50:24.160Z",
1595,110456789001,433941,TRANSFER,"대출이자 납부","2025-01-27T10:02:07.160Z",550987654321
1596,941566778003,13000,WITHDRAWAL,"교육비 출금","2025-01-27T10:24:32.160Z",
1597,941566778003,6500,PAYMENT,"식비 결제","2025-01-27T10:31:51.160Z",
1598,880334455004,1194654,DEPOSIT,"보너스 입금","2025-01-27T10:40:39.160Z",
1599,210123987002,1992487,DEPOSIT,"부업 수입","2025-01-27T11:07:06.160Z",
1600,210123987002,622434,TRANSFER,"월세 이체","2025-01-27T11:48:45.160Z",330111222333
1601,210123987002,3216815,DEPOSIT,"보너스 입금","2025-01-27T12:28:41.160Z",
1602,110456789001,567887,TRANSFER,"적금 이체","2025-01-27T12:49:55.160Z",660555444333
1603,880334455004,373739,DEPOSIT,"월급 입금","2025-01-27T12:56:28.160Z",
1604,941566778003,6500,PAYMENT,"공과금 납부","2025-01-27T13:01:36.160Z",
1605,941566778003,6500,PAYMENT,"온라인 쇼핑","2025-01-27T13:07:56.160Z",
1606,880334455004,2864128,DEPOSIT,"보너스 입금","2025-01-27T13:19:53.160Z",
1607,210123987002,302753,WITHDRAWAL,"경조사비","2025-01-28T00:06:48.160Z",
1608,210123987002,78392,TRANSFER,"대출이자 납부","2025-01-28T00:44:16.160Z",330111222333
1609,941566778003,6500,PAYMENT,"통신요금 납부","2025-01-28T00:47:08.160Z",
1610,210123987002,659213,TRANSFER,"적금 이체","2025-01-28T00:58:45.160Z",330111222333
1611,110456789001,133520,PAYMENT,"통신요금 납부","2025-01-28T01:24:55.160Z",
1612,210123987002,1549330,DEPOSIT,"자금 이체","2025-01-28T03:14:02.160Z",
1613,210123987002,363787,DEPOSIT,"부업 수입","2025-01-28T03:17:33.160Z",
1614,110456789001,226578,DEPOSIT,"부업 수입","2025-01-28T03:30:34.160Z",
1615,110456789001,712376,TRANSFER,"대출이자 납부","2025-01-28T03:43:45.160Z",330111222333
1616,941566778003,13000,WITHDRAWAL,"경조사비","2025-01-28T03:48:36.160Z",
1617,880334455004,807695,DEPOSIT,"부업 수입","2025-01-28T03:58:11.160Z",
1618,210123987002,1076448,DEPOSIT,"월급 입금","2025-01-28T03:58:31.160Z",
1619,880334455004,3053899,DEPOSIT,"자금 이체","2025-01-28T05:06:43.160Z",
1620,941566778003,6500,PAYMENT,"카드대금 결제","2025-01-28T05:27:13.160Z",
1621,210123987002,2365939,DEPOSIT,"월급 입금","2025-01-28T05:33:19.160Z",
1622,941566778003,6500,PAYMENT,"식비 결제","2025-01-28T11:43:24.160Z",
1623,880334455004,112395,DEPOSIT,"배당금 입금","2025-01-28T12:32:31.160Z",
1624,210123987002,2026301,DEPOSIT,"자금 이체","2025-01-28T12:41:15.160Z",
1625,880334455004,3249748,DEPOSIT,"월급 입금","2025-01-28T12:41:23.160Z",
1626,941566778003,6500,PAYMENT,"카드대금 결제","2025-01-28T13:17:07.160Z",
1627,110456789001,122654,WITHDRAWAL,"교육비 출금","2025-01-28T13:28:44.160Z",
1628,210123987002,198636,TRANSFER,"대출이자 납부","2025-01-28T13:43:42.160Z",330111222333
1629,210123987002,460081,WITHDRAWAL,"의료비 출금","2025-01-29T00:22:39.160Z",
1630,110456789001,2869816,DEPOSIT,"배당금 입금","2025-01-29T00:41:01.160Z",
1631,110456789001,997787,TRANSFER,"친구에게 송금","2025-01-29T01:10:34.160Z",770123456789
1632,880334455004,2145534,DEPOSIT,"배당금 입금","2025-01-29T01:21:15.160Z",
1633,880334455004,3863311,DEPOSIT,"자금 이체","2025-01-29T01:49:29.160Z",
1634,210123987002,146929,TRANSFER,"가족 송금","2025-01-29T02:06:26.160Z",330111222333
1635,210123987002,711114,WITHDRAWAL,"교육비 출금","2025-01-29T03:20:28.160Z",
1636,941566778003,14300,WITHDRAWAL,"교육비 출금","2025-01-29T05:12:57.160Z",
1637,110456789001,727639,DEPOSIT,"배당금 입금","2025-01-29T06:37:51.160Z",
1638,110456789001,260320,WITHDRAWAL,"의료비 출금","2025-01-29T07:06:02.160Z",
1639,880334455004,3334555,DEPOSIT,"배당금 입금","2025-01-29T07:28:51.160Z",
1640,210123987002,539030,WITHDRAWAL,"생활비 출금","2025-01-29T08:04:37.160Z",
1641,880334455004,2096779,DEPOSIT,"보너스 입금","2025-01-29T08:42:21.160Z",
1642,110456789001,1060000,TRANSFER,"가족 송금","2025-01-29T08:53:19.160Z",550987654321
1643,880334455004,3738930,DEPOSIT,"배당금 입금","2025-01-29T09:45:35.160Z",
1644,110456789001,332390,TRANSFER,"가족 송금","2025-01-29T10:45:59.160Z",330111222333
1645,880334455004,3197692,DEPOSIT,"자금 이체","2025-01-29T12:12:48.160Z",
1646,941566778003,14300,WITHDRAWAL,"의료비 출금","2025-01-29T12:13:46.160Z",
1647,110456789001,1026468,TRANSFER,"친구에게 송금","2025-01-29T13:51:40.160Z",550987654321
1648,880334455004,3014146,DEPOSIT,"보너스 입금","2025-01-30T00:12:35.160Z",
1649,110456789001,415684,WITHDRAWAL,"경조사비","2025-01-30T02:44:51.160Z",
1650,210123987002,141495,WITHDRAWAL,"생활비 출금","2025-01-30T04:34:14.160Z",
1651,110456789001,118527,DEPOSIT,"월급 입금","2025-01-30T04:54:36.160Z",
1652,110456789001,552872,WITHDRAWAL,"생활비 출금","2025-01-30T05:47:36.160Z",
1653,880334455004,140918,DEPOSIT,"부업 수입","2025-01-30T05:52:45.160Z",
1654,110456789001,3991349,DEPOSIT,"자금 이체","2025-01-30T06:57:52.160Z",
1655,210123987002,1657011,DEPOSIT,"자금 이체","2025-01-30T07:11:29.160Z",
1656,210123987002,172438,WITHDRAWAL,"의료비 출금","2025-01-30T07:36:46.160Z",
1657,880334455004,3482971,DEPOSIT,"배당금 입금","2025-01-30T07:46:40.160Z",
1658,941566778003,15600,WITHDRAWAL,"의료비 출금","2025-01-30T09:11:22.160Z",
1659,941566778003,15600,WITHDRAWAL,"교육비 출금","2025-01-30T09:54:13.160Z",
1660,210123987002,755505,DEPOSIT,"배당금 입금","2025-01-30T10:27:45.160Z",
1661,941566778003,7800,PAYMENT,"온라인 쇼핑","2025-01-30T11:40:49.160Z",
1662,110456789001,39625,PAYMENT,"공과금 납부","2025-01-30T11:50:25.160Z",
1663,110456789001,342857,WITHDRAWAL,"경조사비","2025-01-30T11:53:00.160Z",
1664,210123987002,4423887,DEPOSIT,"보너스 입금","2025-01-30T12:29:48.160Z",
1665,110456789001,47162,WITHDRAWAL,"교육비 출금","2025-01-30T12:59:18.160Z",
1666,941566778003,15600,WITHDRAWAL,"생활비 출금","2025-01-30T13:10:04.160Z",
1667,110456789001,137958,TRANSFER,"적금 이체","2025-01-30T13:54:40.160Z",770123456789
1668,941566778003,16900,WITHDRAWAL,"교육비 출금","2025-01-31T00:19:17.160Z",
1669,941566778003,8450,PAYMENT,"공과금 납부","2025-01-31T01:06:20.160Z",
1670,941566778003,16900,WITHDRAWAL,"경조사비","2025-01-31T02:01:20.160Z",
1671,110456789001,1917011,DEPOSIT,"월급 입금","2025-01-31T02:45:12.160Z",
1672,210123987002,3820347,DEPOSIT,"보너스 입금","2025-01-31T04:13:43.160Z",
1673,110456789001,651091,TRANSFER,"적금 이체","2025-01-31T04:41:38.160Z",660555444333
1674,210123987002,313172,TRANSFER,"대출이자 납부","2025-01-31T04:58:42.160Z",660555444333
1675,110456789001,1673344,TRANSFER,"대출이자 납부","2025-01-31T05:57:57.160Z",770123456789
1676,110456789001,413780,PAYMENT,"보험료 납부","2025-01-31T07:32:50.160Z",
1677,880334455004,5010740,DEPOSIT,"배당금 입금","2025-01-31T07:42:24.160Z",
1678,880334455004,2373445,DEPOSIT,"보너스 입금","2025-01-31T08:05:14.160Z",
1679,880334455004,4900878,DEPOSIT,"부업 수입","2025-01-31T08:46:41.160Z",
1680,880334455004,4531344,DEPOSIT,"월급 입금","2025-01-31T09:30:43.160Z",
1681,880334455004,4976111,DEPOSIT,"부업 수입","2025-01-31T09:33:42.160Z",
1682,110456789001,161354,WITHDRAWAL,"교육비 출금","2025-01-31T11:22:04.160Z",
1683,210123987002,630042,WITHDRAWAL,"교육비 출금","2025-01-31T11:50:01.160Z",
1684,941566778003,8450,PAYMENT,"식비 결제","2025-01-31T12:00:07.160Z",
1685,210123987002,4862675,DEPOSIT,"월급 입금","2025-01-31T12:00:29.160Z",
1686,941566778003,16900,WITHDRAWAL,"의료비 출금","2025-01-31T12:04:53.160Z",
1687,210123987002,4620218,DEPOSIT,"배당금 입금","2025-01-31T13:29:44.160Z",
1688,210123987002,3725604,DEPOSIT,"배당금 입금","2025-01-31T13:33:15.160Z",
1689,110456789001,218065,PAYMENT,"공과금 납부","2025-01-31T13:59:10.160Z",
1690,110456789001,112821,PAYMENT,"교통비 결제","2025-02-01T00:05:00.160Z",
1691,880334455004,897040,DEPOSIT,"월급 입금","2025-02-01T00:46:26.160Z",
1692,210123987002,1054217,DEPOSIT,"배당금 입금","2025-02-01T00:50:34.160Z",
1693,941566778003,3849,PAYMENT,"식비 결제","2025-02-01T01:00:15.160Z",
1694,110456789001,170093,PAYMENT,"보험료 납부","2025-02-01T02:04:46.160Z",
1695,941566778003,11000,WITHDRAWAL,"의료비 출금","2025-02-01T02:46:35.160Z",
1696,941566778003,11000,WITHDRAWAL,"의료비 출금","2025-02-01T04:11:49.160Z",
1697,110456789001,947687,DEPOSIT,"부업 수입","2025-02-01T04:33:53.160Z",
1698,210123987002,17214,WITHDRAWAL,"경조사비","2025-02-01T04:40:33.160Z",
1699,941566778003,11000,WITHDRAWAL,"ATM 출금","2025-02-01T04:45:12.160Z",
1700,110456789001,95173,WITHDRAWAL,"ATM 출금","2025-02-01T05:08:59.160Z",
1701,110456789001,218864,WITHDRAWAL,"경조사비","2025-02-01T08:21:33.160Z",
1702,880334455004,2260299,DEPOSIT,"자금 이체","2025-02-01T08:26:47.160Z",
1703,941566778003,3849,PAYMENT,"교통비 결제","2025-02-01T08:32:35.160Z",
1704,210123987002,253091,WITHDRAWAL,"생활비 출금","2025-02-01T08:49:45.160Z",
1705,110456789001,132760,WITHDRAWAL,"ATM 출금","2025-02-01T09:19:24.160Z",
1706,880334455004,1629168,DEPOSIT,"월급 입금","2025-02-01T10:01:46.160Z",
1707,110456789001,740369,TRANSFER,"친구에게 송금","2025-02-01T10:17:55.160Z",770123456789
1708,880334455004,2313223,DEPOSIT,"배당금 입금","2025-02-01T11:16:17.160Z",
1709,880334455004,1119747,DEPOSIT,"배당금 입금","2025-02-01T12:02:44.160Z",
1710,941566778003,3849,PAYMENT,"보험료 납부","2025-02-01T12:07:14.160Z",
1711,880334455004,1058813,DEPOSIT,"월급 입금","2025-02-01T12:21:21.160Z",
1712,210123987002,2606145,DEPOSIT,"자금 이체","2025-02-01T12:26:24.160Z",
1713,110456789001,480712,WITHDRAWAL,"의료비 출금","2025-02-01T12:30:44.160Z",
1714,941566778003,11000,WITHDRAWAL,"경조사비","2025-02-01T12:35:15.160Z",
1715,210123987002,1545895,DEPOSIT,"부업 수입","2025-02-01T12:58:28.160Z",
1716,941566778003,3849,PAYMENT,"교통비 결제","2025-02-01T13:27:23.160Z",
1717,210123987002,439992,WITHDRAWAL,"경조사비","2025-02-01T13:52:24.160Z",
1718,880334455004,1640450,DEPOSIT,"자금 이체","2025-02-02T01:20:25.160Z",
1719,110456789001,104416,WITHDRAWAL,"ATM 출금","2025-02-02T02:42:35.160Z",
1720,110456789001,133921,PAYMENT,"보험료 납부","2025-02-02T02:51:49.160Z",
1721,210123987002,326105,WITHDRAWAL,"의료비 출금","2025-02-02T03:40:12.160Z",
1722,941566778003,2450,PAYMENT,"보험료 납부","2025-02-02T04:20:14.160Z",
1723,110456789001,299683,TRANSFER,"친구에게 송금","2025-02-02T04:24:21.160Z",330111222333
1724,941566778003,2450,PAYMENT,"보험료 납부","2025-02-02T08:17:33.160Z",
1725,210123987002,12990,WITHDRAWAL,"생활비 출금","2025-02-02T08:37:40.160Z",
1726,210123987002,15913,TRANSFER,"월세 이체","2025-02-02T09:42:47.160Z",770123456789
1727,880334455004,135510,DEPOSIT,"보너스 입금","2025-02-02T09:52:38.160Z",
1728,941566778003,2450,PAYMENT,"온라인 쇼핑","2025-02-02T10:15:13.160Z",
1729,210123987002,48941,DEPOSIT,"보너스 입금","2025-02-02T11:32:18.160Z",
1730,941566778003,7000,WITHDRAWAL,"ATM 출금","2025-02-02T12:05:56.160Z",
1731,210123987002,552201,TRANSFER,"가족 송금","2025-02-02T12:13:17.160Z",550987654321
1732,941566778003,2450,PAYMENT,"카드대금 결제","2025-02-02T13:08:26.160Z",
1733,880334455004,1765040,DEPOSIT,"월급 입금","2025-02-02T13:12:02.160Z",
1734,880334455004,946374,DEPOSIT,"부업 수입","2025-02-02T13:26:34.160Z",
1735,880334455004,1903020,DEPOSIT,"배당금 입금","2025-02-02T13:26:40.160Z",
1736,210123987002,1763168,DEPOSIT,"보너스 입금","2025-02-02T13:41:04.160Z",
1737,880334455004,706029,DEPOSIT,"자금 이체","2025-02-03T00:06:08.160Z",
1738,210123987002,572404,TRANSFER,"가족 송금","2025-02-03T00:15:55.160Z",550987654321
1739,941566778003,5000,PAYMENT,"식비 결제","2025-02-03T01:00:06.160Z",
1740,941566778003,5000,PAYMENT,"공과금 납부","2025-02-03T01:37:25.160Z",
1741,210123987002,979554,TRANSFER,"대출이자 납부","2025-02-03T06:43:08.160Z",770123456789
1742,110456789001,296776,WITHDRAWAL,"의료비 출금","2025-02-03T08:10:30.160Z",
1743,110456789001,853744,TRANSFER,"가족 송금","2025-02-03T09:40:13.160Z",330111222333
1744,941566778003,10000,WITHDRAWAL,"ATM 출금","2025-02-03T09:51:30.160Z",
1745,880334455004,857004,DEPOSIT,"월급 입금","2025-02-03T10:09:47.160Z",
1746,880334455004,926743,DEPOSIT,"보너스 입금","2025-02-03T10:10:33.160Z",
1747,941566778003,10000,WITHDRAWAL,"ATM 출금","2025-02-03T10:47:03.160Z",
1748,110456789001,1723371,DEPOSIT,"배당금 입금","2025-02-03T11:15:18.160Z",
1749,210123987002,404264,WITHDRAWAL,"ATM 출금","2025-02-03T11:36:10.160Z",
1750,110456789001,120415,PAYMENT,"공과금 납부","2025-02-03T11:39:38.160Z",
1751,880334455004,2095899,DEPOSIT,"자금 이체","2025-02-03T12:38:21.160Z",
1752,110456789001,1917046,DEPOSIT,"월급 입금","2025-02-03T12:49:01.160Z",
1753,110456789001,78388,WITHDRAWAL,"ATM 출금","2025-02-03T12:51:38.160Z",
1754,210123987002,774735,TRANSFER,"적금 이체","2025-02-03T12:57:05.160Z",330111222333
1755,880334455004,114315,DEPOSIT,"부업 수입","2025-02-03T13:08:48.160Z",
1756,941566778003,5000,PAYMENT,"공과금 납부","2025-02-03T13:37:10.160Z",
1757,110456789001,426894,DEPOSIT,"자금 이체","2025-02-03T13:40:49.160Z",
1758,110456789001,106052,PAYMENT,"교통비 결제","2025-02-04T00:07:30.160Z",
1759,110456789001,209155,PAYMENT,"식비 결제","2025-02-04T00:09:04.160Z",
1760,210123987002,176909,WITHDRAWAL,"교육비 출금","2025-02-04T00:37:55.160Z",
1761,110456789001,801780,TRANSFER,"대출이자 납부","2025-02-04T00:51:17.160Z",770123456789
1762,110456789001,410676,WITHDRAWAL,"의료비 출금","2025-02-04T01:00:34.160Z",
1763,210123987002,160018,WITHDRAWAL,"의료비 출금","2025-02-04T01:23:35.160Z",
1764,880334455004,1892107,DEPOSIT,"배당금 입금","2025-02-04T01:26:55.160Z",
1765,941566778003,5000,PAYMENT,"교통비 결제","2025-02-04T02:00:26.160Z",
1766,941566778003,10000,WITHDRAWAL,"경조사비","2025-02-04T02:02:02.160Z",
1767,941566778003,5000,PAYMENT,"보험료 납부","2025-02-04T02:13:26.160Z",
1768,880334455004,1367206,DEPOSIT,"배당금 입금","2025-02-04T03:20:19.160Z",
1769,210123987002,2767253,DEPOSIT,"보너스 입금","2025-02-04T04:37:01.160Z",
1770,210123987002,811151,TRANSFER,"가족 송금","2025-02-04T04:58:50.160Z",660555444333
1771,110456789001,218894,PAYMENT,"카드대금 결제","2025-02-04T06:13:38.160Z",
1772,941566778003,5000,PAYMENT,"온라인 쇼핑","2025-02-04T06:53:37.160Z",
1773,210123987002,1870296,DEPOSIT,"보너스 입금","2025-02-04T08:04:23.160Z",
1774,110456789001,828937,DEPOSIT,"월급 입금","2025-02-04T08:30:12.160Z",
1775,880334455004,359706,DEPOSIT,"부업 수입","2025-02-04T10:05:22.160Z",
1776,880334455004,1991860,DEPOSIT,"월급 입금","2025-02-04T10:13:18.160Z",
1777,110456789001,884727,DEPOSIT,"자금 이체","2025-02-04T10:35:09.160Z",
1778,110456789001,293729,PAYMENT,"온라인 쇼핑","2025-02-04T10:39:27.160Z",
1779,941566778003,10000,WITHDRAWAL,"경조사비","2025-02-04T11:16:18.160Z",
1780,880334455004,180667,DEPOSIT,"부업 수입","2025-02-04T12:28:00.160Z",
1781,110456789001,100827,PAYMENT,"카드대금 결제","2025-02-04T12:42:40.160Z",
1782,110456789001,192645,WITHDRAWAL,"경조사비","2025-02-05T00:19:16.160Z",
1783,110456789001,646611,TRANSFER,"친구에게 송금","2025-02-05T00:57:12.160Z",660555444333
1784,110456789001,521874,TRANSFER,"적금 이체","2025-02-05T01:13:00.160Z",770123456789
1785,110456789001,1717426,DEPOSIT,"부업 수입","2025-02-05T01:13:44.160Z",
1786,110456789001,275643,TRANSFER,"가족 송금","2025-02-05T01:25:15.160Z",550987654321
1787,210123987002,135092,WITHDRAWAL,"경조사비","2025-02-05T01:54:10.160Z",
1788,941566778003,11000,WITHDRAWAL,"교육비 출금","2025-02-05T02:52:43.160Z",
1789,110456789001,303941,PAYMENT,"식비 결제","2025-02-05T03:01:47.160Z",
1790,880334455004,672293,DEPOSIT,"보너스 입금","2025-02-05T05:00:47.160Z",
1791,210123987002,287935,WITHDRAWAL,"경조사비","2025-02-05T05:19:02.160Z",
1792,880334455004,2867288,DEPOSIT,"배당금 입금","2025-02-05T05:22:01.160Z",
1793,110456789001,910300,DEPOSIT,"배당금 입금","2025-02-05T06:20:19.160Z",
1794,210123987002,654492,DEPOSIT,"월급 입금","2025-02-05T07:05:04.160Z",
1795,941566778003,11000,WITHDRAWAL,"생활비 출금","2025-02-05T08:04:24.160Z",
1796,210123987002,954954,DEPOSIT,"부업 수입","2025-02-05T08:08:52.160Z",
1797,110456789001,939372,TRANSFER,"대출이자 납부","2025-02-05T08:10:14.160Z",550987654321
1798,210123987002,909519,TRANSFER,"적금 이체","2025-02-05T08:20:52.160Z",660555444333
1799,210123987002,322741,DEPOSIT,"부업 수입","2025-02-05T09:35:57.160Z",
1800,941566778003,11000,WITHDRAWAL,"경조사비","2025-02-05T09:37:12.160Z",
1801,941566778003,11000,WITHDRAWAL,"생활비 출금","2025-02-05T10:37:44.160Z",
1802,880334455004,2886716,DEPOSIT,"부업 수입","2025-02-05T10:49:51.160Z",
1803,880334455004,1436519,DEPOSIT,"보너스 입금","2025-02-05T11:02:44.160Z",
1804,880334455004,1866697,DEPOSIT,"보너스 입금","2025-02-05T11:13:24.160Z",
1805,210123987002,70643,TRANSFER,"친구에게 송금","2025-02-05T11:58:35.160Z",550987654321
1806,880334455004,1397252,DEPOSIT,"배당금 입금","2025-02-05T12:07:40.160Z",
1807,210123987002,260691,WITHDRAWAL,"ATM 출금","2025-02-05T13:08:02.160Z",
1808,210123987002,3265652,DEPOSIT,"배당금 입금","2025-02-05T13:09:02.160Z",
1809,880334455004,1942497,DEPOSIT,"자금 이체","2025-02-05T13:19:03.160Z",
1810,880334455004,1558364,DEPOSIT,"자금 이체","2025-02-06T00:57:39.160Z",
1811,110456789001,887184,TRANSFER,"적금 이체","2025-02-06T01:01:50.160Z",550987654321
1812,941566778003,12000,WITHDRAWAL,"ATM 출금","2025-02-06T01:29:13.160Z",
1813,110456789001,2505460,DEPOSIT,"배당금 입금","2025-02-06T02:20:02.160Z",
1814,210123987002,2422340,DEPOSIT,"배당금 입금","2025-02-06T03:08:48.160Z",
1815,110456789001,598384,WITHDRAWAL,"생활비 출금","2025-02-06T03:29:50.160Z",
1816,110456789001,391523,DEPOSIT,"부업 수입","2025-02-06T03:31:35.160Z",
1817,210123987002,1326543,DEPOSIT,"부업 수입","2025-02-06T03:54:04.160Z",
1818,210123987002,527771,TRANSFER,"월세 이체","2025-02-06T03:54:36.160Z",770123456789
1819,880334455004,3356933,DEPOSIT,"배당금 입금","2025-02-06T04:15:10.160Z",
1820,880334455004,2083822,DEPOSIT,"보너스 입금","2025-02-06T04:26:24.160Z",
1821,941566778003,12000,WITHDRAWAL,"교육비 출금","2025-02-06T05:19:54.160Z",
1822,110456789001,2069153,DEPOSIT,"보너스 입금","2025-02-06T08:00:16.160Z",
1823,210123987002,349894,TRANSFER,"대출이자 납부","2025-02-06T08:15:59.160Z",330111222333
1824,880334455004,3096239,DEPOSIT,"배당금 입금","2025-02-06T08:17:56.160Z",
1825,941566778003,12000,WITHDRAWAL,"의료비 출금","2025-02-06T09:14:13.160Z",
1826,110456789001,229399,PAYMENT,"식비 결제","2025-02-06T09:45:23.160Z",
1827,880334455004,2326748,DEPOSIT,"배당금 입금","2025-02-06T12:23:17.160Z",
1828,210123987002,374760,TRANSFER,"가족 송금","2025-02-06T13:20:37.160Z",550987654321
1829,110456789001,204943,PAYMENT,"보험료 납부","2025-02-07T00:24:21.160Z",
1830,880334455004,2062706,DEPOSIT,"배당금 입금","2025-02-07T02:36:14.160Z",
1831,210123987002,161759,DEPOSIT,"월급 입금","2025-02-07T02:36:25.160Z",
1832,110456789001,953853,TRANSFER,"대출이자 납부","2025-02-07T03:35:01.160Z",330111222333
1833,880334455004,633844,DEPOSIT,"월급 입금","2025-02-07T04:32:21.160Z",
1834,210123987002,174900,WITHDRAWAL,"생활비 출금","2025-02-07T05:59:15.160Z",
1835,880334455004,1107356,DEPOSIT,"자금 이체","2025-02-07T06:48:32.160Z",
1836,210123987002,1518730,DEPOSIT,"부업 수입","2025-02-07T06:53:15.160Z",
1837,880334455004,1831420,DEPOSIT,"부업 수입","2025-02-07T07:42:13.160Z",
1838,110456789001,730403,DEPOSIT,"보너스 입금","2025-02-07T08:36:41.160Z",
1839,880334455004,805407,DEPOSIT,"보너스 입금","2025-02-07T08:42:14.160Z",
1840,110456789001,426671,TRANSFER,"친구에게 송금","2025-02-07T09:02:52.160Z",660555444333
1841,110456789001,19211,WITHDRAWAL,"생활비 출금","2025-02-07T09:23:33.160Z",
1842,110456789001,95300,PAYMENT,"카드대금 결제","2025-02-07T09:49:42.160Z",
1843,941566778003,13000,WITHDRAWAL,"생활비 출금","2025-02-07T10:20:14.160Z",
1844,941566778003,13000,WITHDRAWAL,"ATM 출금","2025-02-07T11:54:44.160Z",
1845,941566778003,13000,WITHDRAWAL,"의료비 출금","2025-02-07T12:01:40.160Z",
1846,210123987002,1139500,DEPOSIT,"보너스 입금","2025-02-07T12:27:43.160Z",
1847,210123987002,279895,WITHDRAWAL,"경조사비","2025-02-07T12:42:03.160Z",
1848,210123987002,2017194,DEPOSIT,"월급 입금","2025-02-07T13:34:00.160Z",
1849,880334455004,2234043,DEPOSIT,"배당금 입금","2025-02-07T13:45:49.160Z",
1850,110456789001,2264287,DEPOSIT,"보너스 입금","2025-02-07T13:50:16.160Z",
1851,110456789001,190479,PAYMENT,"온라인 쇼핑","2025-02-07T13:55:40.160Z",
1852,210123987002,89055,DEPOSIT,"배당금 입금","2025-02-07T13:56:19.160Z",
1853,880334455004,1478234,DEPOSIT,"월급 입금","2025-02-07T13:59:46.160Z",
1854,880334455004,1701224,DEPOSIT,"자금 이체","2025-02-08T00:22:50.160Z",
1855,941566778003,11000,WITHDRAWAL,"ATM 출금","2025-02-08T01:54:12.160Z",
1856,880334455004,2069402,DEPOSIT,"월급 입금","2025-02-08T03:55:09.160Z",
1857,210123987002,631012,TRANSFER,"대출이자 납부","2025-02-08T04:28:06.160Z",770123456789
1858,210123987002,240806,WITHDRAWAL,"경조사비","2025-02-08T04:28:48.160Z",
1859,210123987002,1206359,DEPOSIT,"월급 입금","2025-02-08T04:31:23.160Z",
1860,210123987002,480901,TRANSFER,"가족 송금","2025-02-08T04:31:54.160Z",660555444333
1861,880334455004,3199609,DEPOSIT,"부업 수입","2025-02-08T05:17:49.160Z",
1862,110456789001,107476,WITHDRAWAL,"경조사비","2025-02-08T05:41:04.160Z",
1863,110456789001,1072746,TRANSFER,"가족 송금","2025-02-08T06:25:35.160Z",550987654321
1864,880334455004,2418611,DEPOSIT,"자금 이체","2025-02-08T08:16:47.160Z",
1865,941566778003,11000,WITHDRAWAL,"의료비 출금","2025-02-08T08:25:41.160Z",
1866,110456789001,201682,WITHDRAWAL,"경조사비","2025-02-08T09:01:09.160Z",
1867,210123987002,184853,WITHDRAWAL,"ATM 출금","2025-02-08T09:02:06.160Z",
1868,210123987002,235213,WITHDRAWAL,"교육비 출금","2025-02-08T10:31:34.160Z",
1869,210123987002,567927,TRANSFER,"월세 이체","2025-02-08T11:37:11.160Z",550987654321
1870,210123987002,934690,TRANSFER,"가족 송금","2025-02-08T11:54:22.160Z",770123456789
1871,941566778003,3849,PAYMENT,"통신요금 납부","2025-02-08T12:01:15.160Z",
1872,110456789001,25313,PAYMENT,"카드대금 결제","2025-02-08T13:52:20.160Z",
1873,110456789001,74093,WITHDRAWAL,"의료비 출금","2025-02-09T00:00:56.160Z",
1874,210123987002,1875753,DEPOSIT,"자금 이체","2025-02-09T00:19:10.160Z",
1875,210123987002,160249,WITHDRAWAL,"경조사비","2025-02-09T00:23:19.160Z",
1876,880334455004,463154,DEPOSIT,"부업 수입","2025-02-09T00:36:47.160Z",
1877,110456789001,485890,TRANSFER,"친구에게 송금","2025-02-09T00:41:57.160Z",660555444333
1878,210123987002,85078,WITHDRAWAL,"의료비 출금","2025-02-09T00:52:01.160Z",
1879,941566778003,2450,PAYMENT,"교통비 결제","2025-02-09T00:58:11.160Z",
1880,210123987002,101378,DEPOSIT,"부업 수입","2025-02-09T01:16:04.160Z",
1881,941566778003,7000,WITHDRAWAL,"교육비 출금","2025-02-09T01:24:15.160Z",
1882,110456789001,565023,TRANSFER,"적금 이체","2025-02-09T02:40:33.160Z",660555444333
1883,110456789001,626961,TRANSFER,"친구에게 송금","2025-02-09T03:08:33.160Z",330111222333
1884,110456789001,121917,PAYMENT,"공과금 납부","2025-02-09T04:19:49.160Z",
1885,941566778003,7000,WITHDRAWAL,"생활비 출금","2025-02-09T04:56:23.160Z",
1886,110456789001,658903,TRANSFER,"월세 이체","2025-02-09T05:25:10.160Z",330111222333
1887,880334455004,742256,DEPOSIT,"배당금 입금","2025-02-09T06:06:42.160Z",
1888,941566778003,2450,PAYMENT,"식비 결제","2025-02-09T06:26:30.160Z",
1889,210123987002,782729,DEPOSIT,"배당금 입금","2025-02-09T06:47:48.160Z",
1890,210123987002,197380,TRANSFER,"친구에게 송금","2025-02-09T07:37:30.160Z",550987654321
1891,210123987002,58170,TRANSFER,"친구에게 송금","2025-02-09T11:21:49.160Z",770123456789
1892,210123987002,180071,WITHDRAWAL,"ATM 출금","2025-02-09T11:41:42.160Z",
1893,110456789001,374462,TRANSFER,"월세 이체","2025-02-09T12:09:06.160Z",660555444333
1894,110456789001,32442,TRANSFER,"적금 이체","2025-02-10T00:21:38.160Z",330111222333
1895,880334455004,1685756,DEPOSIT,"자금 이체","2025-02-10T01:05:26.160Z",
1896,110456789001,362031,WITHDRAWAL,"교육비 출금","2025-02-10T01:08:29.160Z",
1897,110456789001,54780,PAYMENT,"온라인 쇼핑","2025-02-10T01:15:54.160Z",
1898,941566778003,5000,PAYMENT,"보험료 납부","2025-02-10T02:07:27.160Z",
1899,210123987002,488613,TRANSFER,"월세 이체","2025-02-10T02:20:38.160Z",660555444333
1900,110456789001,217731,PAYMENT,"보험료 납부","2025-02-10T04:56:34.160Z",
1901,110456789001,105490,PAYMENT,"교통비 결제","2025-02-10T06:53:10.160Z",
1902,880334455004,484726,DEPOSIT,"자금 이체","2025-02-10T07:04:28.160Z",
1903,880334455004,2439678,DEPOSIT,"보너스 입금","2025-02-10T08:05:35.160Z",
1904,210123987002,388653,TRANSFER,"친구에게 송금","2025-02-10T10:16:58.160Z",660555444333
1905,880334455004,1958293,DEPOSIT,"부업 수입","2025-02-10T10:43:39.160Z",
1906,880334455004,753217,DEPOSIT,"부업 수입","2025-02-10T11:45:51.160Z",
1907,110456789001,344854,TRANSFER,"가족 송금","2025-02-10T11:54:25.160Z",660555444333
1908,110456789001,586617,TRANSFER,"적금 이체","2025-02-10T13:24:56.160Z",660555444333
1909,110456789001,270101,TRANSFER,"적금 이체","2025-02-10T13:55:33.160Z",770123456789
1910,880334455004,1145124,DEPOSIT,"보너스 입금","2025-02-11T00:24:15.160Z",
1911,880334455004,1140640,DEPOSIT,"월급 입금","2025-02-11T00:28:51.160Z",
1912,941566778003,5000,PAYMENT,"공과금 납부","2025-02-11T00:29:31.160Z",
1913,880334455004,2862721,DEPOSIT,"월급 입금","2025-02-11T00:50:18.160Z",
1914,110456789001,2082209,DEPOSIT,"보너스 입금","2025-02-11T00:54:47.160Z",
1915,941566778003,5000,PAYMENT,"온라인 쇼핑","2025-02-11T01:08:57.160Z",
1916,941566778003,10000,WITHDRAWAL,"ATM 출금","2025-02-11T01:29:10.160Z",
1917,110456789001,308357,DEPOSIT,"자금 이체","2025-02-11T01:33:41.160Z",
1918,110456789001,478379,TRANSFER,"적금 이체","2025-02-11T02:16:26.160Z",660555444333
1919,210123987002,357202,TRANSFER,"대출이자 납부","2025-02-11T02:26:27.160Z",660555444333
1920,210123987002,2855735,DEPOSIT,"배당금 입금","2025-02-11T02:38:17.160Z",
1921,210123987002,393648,DEPOSIT,"자금 이체","2025-02-11T03:35:45.160Z",
1922,880334455004,769872,DEPOSIT,"배당금 입금","2025-02-11T04:35:11.160Z",
1923,941566778003,10000,WITHDRAWAL,"생활비 출금","2025-02-11T06:17:30.160Z",
1924,110456789001,191452,PAYMENT,"교통비 결제","2025-02-11T06:21:13.160Z",
1925,880334455004,1924529,DEPOSIT,"자금 이체","2025-02-11T06:33:05.160Z",
1926,110456789001,1190038,DEPOSIT,"월급 입금","2025-02-11T06:54:46.160Z",
1927,210123987002,38687,TRANSFER,"가족 송금","2025-02-11T07:53:46.160Z",550987654321
1928,941566778003,5000,PAYMENT,"공과금 납부","2025-02-11T08:46:24.160Z",
1929,210123987002,111943,WITHDRAWAL,"ATM 출금","2025-02-11T08:48:51.160Z",
1930,941566778003,10000,WITHDRAWAL,"ATM 출금","2025-02-11T09:02:47.160Z",
1931,110456789001,394097,TRANSFER,"친구에게 송금","2025-02-11T09:38:47.160Z",660555444333
1932,941566778003,5000,PAYMENT,"식비 결제","2025-02-11T10:05:39.160Z",
1933,210123987002,399250,WITHDRAWAL,"경조사비","2025-02-11T10:17:30.160Z",
1934,210123987002,1208425,DEPOSIT,"부업 수입","2025-02-11T10:25:25.160Z",
1935,880334455004,2802928,DEPOSIT,"자금 이체","2025-02-11T11:05:31.160Z",
1936,210123987002,597451,DEPOSIT,"자금 이체","2025-02-11T11:36:10.160Z",
1937,110456789001,2442445,DEPOSIT,"자금 이체","2025-02-11T12:09:39.160Z",
1938,110456789001,67844,PAYMENT,"온라인 쇼핑","2025-02-11T12:49:14.160Z",
1939,941566778003,5000,PAYMENT,"식비 결제","2025-02-11T13:13:16.160Z",
1940,210123987002,909363,TRANSFER,"월세 이체","2025-02-12T00:47:58.160Z",550987654321
1941,941566778003,11000,WITHDRAWAL,"의료비 출금","2025-02-12T00:57:40.160Z",
1942,880334455004,2482266,DEPOSIT,"부업 수입","2025-02-12T01:09:46.160Z",
1943,941566778003,5500,PAYMENT,"공과금 납부","2025-02-12T01:19:03.160Z",
1944,210123987002,1637283,DEPOSIT,"배당금 입금","2025-02-12T01:53:30.160Z",
1945,941566778003,11000,WITHDRAWAL,"의료비 출금","2025-02-12T02:49:44.160Z",
1946,210123987002,888847,TRANSFER,"월세 이체","2025-02-12T03:35:08.160Z",660555444333
1947,880334455004,76562,DEPOSIT,"자금 이체","2025-02-12T03:44:59.160Z",
1948,880334455004,2018880,DEPOSIT,"배당금 입금","2025-02-12T04:35:52.160Z",
1949,941566778003,5500,PAYMENT,"카드대금 결제","2025-02-12T04:39:32.160Z",
1950,941566778003,5500,PAYMENT,"식비 결제","2025-02-12T04:55:47.160Z",
1951,941566778003,5500,PAYMENT,"온라인 쇼핑","2025-02-12T07:11:31.160Z",
1952,210123987002,136652,WITHDRAWAL,"교육비 출금","2025-02-12T07:13:06.160Z",
1953,880334455004,2375071,DEPOSIT,"부업 수입","2025-02-12T07:13:55.160Z",
1954,110456789001,60626,PAYMENT,"보험료 납부","2025-02-12T07:40:24.160Z",
1955,110456789001,52816,PAYMENT,"온라인 쇼핑","2025-02-12T07:58:27.160Z",
1956,110456789001,1715229,DEPOSIT,"배당금 입금","2025-02-12T09:05:51.160Z",
1957,880334455004,184698,DEPOSIT,"자금 이체","2025-02-12T09:12:53.160Z",
1958,880334455004,1957708,DEPOSIT,"보너스 입금","2025-02-12T09:47:30.160Z",
1959,110456789001,439367,DEPOSIT,"배당금 입금","2025-02-12T09:48:36.160Z",
1960,110456789001,168381,PAYMENT,"보험료 납부","2025-02-12T10:06:49.160Z",
1961,110456789001,1060547,TRANSFER,"친구에게 송금","2025-02-12T10:24:46.160Z",550987654321
1962,210123987002,1742439,DEPOSIT,"배당금 입금","2025-02-12T10:37:46.160Z",
1963,210123987002,279620,WITHDRAWAL,"경조사비","2025-02-12T10:41:14.160Z",
1964,941566778003,11000,WITHDRAWAL,"생활비 출금","2025-02-12T11:18:51.160Z",
1965,210123987002,1956502,DEPOSIT,"부업 수입","2025-02-12T11:36:58.160Z",
1966,880334455004,2316567,DEPOSIT,"월급 입금","2025-02-13T00:15:43.160Z",
1967,941566778003,12000,WITHDRAWAL,"경조사비","2025-02-13T01:39:10.160Z",
1968,210123987002,54836,WITHDRAWAL,"생활비 출금","2025-02-13T02:36:51.160Z",
1969,110456789001,228563,PAYMENT,"보험료 납부","2025-02-13T05:25:41.160Z",
1970,110456789001,868272,TRANSFER,"월세 이체","2025-02-13T06:42:46.160Z",660555444333
1971,880334455004,398107,DEPOSIT,"배당금 입금","2025-02-13T07:19:38.160Z",
1972,941566778003,12000,WITHDRAWAL,"경조사비","2025-02-13T08:09:20.160Z",
1973,941566778003,12000,WITHDRAWAL,"의료비 출금","2025-02-13T09:04:20.160Z",
1974,110456789001,1067547,TRANSFER,"친구에게 송금","2025-02-13T10:05:17.160Z",550987654321
1975,941566778003,12000,WITHDRAWAL,"교육비 출금","2025-02-13T10:11:15.160Z",
1976,210123987002,312620,WITHDRAWAL,"교육비 출금","2025-02-13T10:51:24.160Z",
1977,110456789001,872617,DEPOSIT,"배당금 입금","2025-02-13T11:01:46.160Z",
1978,941566778003,12000,WITHDRAWAL,"생활비 출금","2025-02-13T11:07:12.160Z",
1979,210123987002,721917,TRANSFER,"월세 이체","2025-02-13T12:00:26.160Z",330111222333
1980,210123987002,1634885,DEPOSIT,"자금 이체","2025-02-13T12:26:06.160Z",
1981,880334455004,447247,DEPOSIT,"보너스 입금","2025-02-14T00:09:12.160Z",
1982,110456789001,2080945,DEPOSIT,"배당금 입금","2025-02-14T00:23:37.160Z",
1983,941566778003,13000,WITHDRAWAL,"의료비 출금","2025-02-14T01:02:16.160Z",
1984,941566778003,13000,WITHDRAWAL,"ATM 출금","2025-02-14T01:04:51.160Z",
1985,210123987002,145841,TRANSFER,"가족 송금","2025-02-14T02:02:11.160Z",660555444333
1986,210123987002,56108,WITHDRAWAL,"교육비 출금","2025-02-14T02:41:53.160Z",
1987,880334455004,1413206,DEPOSIT,"보너스 입금","2025-02-14T02:43:20.160Z",
1988,210123987002,605804,TRANSFER,"적금 이체","2025-02-14T03:29:08.160Z",660555444333
1989,110456789001,13761,WITHDRAWAL,"교육비 출금","2025-02-14T03:36:46.160Z",
1990,210123987002,3300567,DEPOSIT,"부업 수입","2025-02-14T04:09:40.160Z",
1991,880334455004,2286724,DEPOSIT,"보너스 입금","2025-02-14T06:09:34.160Z",
1992,880334455004,344111,DEPOSIT,"월급 입금","2025-02-14T06:23:06.160Z",
1993,210123987002,3268774,DEPOSIT,"부업 수입","2025-02-14T07:10:15.160Z",
1994,941566778003,6500,PAYMENT,"통신요금 납부","2025-02-14T08:21:30.160Z",
1995,941566778003,13000,WITHDRAWAL,"의료비 출금","2025-02-14T09:13:06.160Z",
1996,210123987002,528953,TRANSFER,"가족 송금","2025-02-14T09:13:06.160Z",660555444333
1997,210123987002,614794,TRANSFER,"가족 송금","2025-02-14T09:58:07.160Z",330111222333
1998,941566778003,13000,WITHDRAWAL,"의료비 출금","2025-02-14T11:05:19.160Z",
1999,941566778003,13000,WITHDRAWAL,"의료비 출금","2025-02-14T11:10:35.160Z",
2000,110456789001,863102,DEPOSIT,"부업 수입","2025-02-14T11:59:38.160Z",
2001,941566778003,13000,WITHDRAWAL,"교육비 출금","2025-02-14T12:23:42.160Z",
2002,880334455004,2102006,DEPOSIT,"배당금 입금","2025-02-14T12:31:01.160Z",
2003,210123987002,2300577,DEPOSIT,"부업 수입","2025-02-14T13:25:12.160Z",
2004,941566778003,6500,PAYMENT,"보험료 납부","2025-02-14T13:36:31.160Z",
2005,110456789001,557771,WITHDRAWAL,"경조사비","2025-02-14T13:56:55.160Z",
2006,880334455004,2452290,DEPOSIT,"보너스 입금","2025-02-15T00:01:40.160Z",
2007,110456789001,59850,TRANSFER,"친구에게 송금","2025-02-15T01:34:56.160Z",770123456789
2008,941566778003,3849,PAYMENT,"통신요금 납부","2025-02-15T02:02:03.160Z",
2009,880334455004,2837564,DEPOSIT,"자금 이체","2025-02-15T04:00:16.160Z",
2010,941566778003,3849,PAYMENT,"식비 결제","2025-02-15T04:07:32.160Z",
2011,880334455004,1290417,DEPOSIT,"월급 입금","2025-02-15T05:15:02.160Z",
2012,210123987002,445099,TRANSFER,"대출이자 납부","2025-02-15T06:55:51.160Z",330111222333
2013,110456789001,92017,PAYMENT,"교통비 결제","2025-02-15T08:13:08.160Z",
2014,110456789001,110677,PAYMENT,"카드대금 결제","2025-02-15T08:44:29.160Z",
2015,110456789001,309121,WITHDRAWAL,"교육비 출금","2025-02-15T10:18:22.160Z",
2016,210123987002,262347,WITHDRAWAL,"생활비 출금","2025-02-15T10:57:39.160Z",
2017,110456789001,577343,TRANSFER,"친구에게 송금","2025-02-15T11:10:08.160Z",770123456789
2018,941566778003,3849,PAYMENT,"교통비 결제","2025-02-15T11:41:53.160Z",
2019,110456789001,86608,WITHDRAWAL,"교육비 출금","2025-02-15T11:57:44.160Z",
2020,880334455004,3134263,DEPOSIT,"배당금 입금","2025-02-15T12:12:15.160Z",
2021,210123987002,1050570,DEPOSIT,"부업 수입","2025-02-15T13:02:08.160Z",
2022,110456789001,825361,TRANSFER,"대출이자 납부","2025-02-15T13:52:12.160Z",550987654321
2023,210123987002,1215310,DEPOSIT,"배당금 입금","2025-02-15T13:56:12.160Z",
2024,941566778003,2450,PAYMENT,"카드대금 결제","2025-02-16T00:41:10.160Z",
2025,880334455004,62069,DEPOSIT,"배당금 입금","2025-02-16T02:13:07.160Z",
2026,941566778003,2450,PAYMENT,"식비 결제","2025-02-16T03:13:04.160Z",
2027,941566778003,7000,WITHDRAWAL,"생활비 출금","2025-02-16T05:54:35.160Z",
2028,210123987002,112080,WITHDRAWAL,"ATM 출금","2025-02-16T07:39:50.160Z",
2029,110456789001,2059902,DEPOSIT,"자금 이체","2025-02-16T08:33:52.160Z",
2030,880334455004,40648,DEPOSIT,"자금 이체","2025-02-16T09:38:39.160Z",
2031,880334455004,500036,DEPOSIT,"배당금 입금","2025-02-16T10:42:02.160Z",
2032,110456789001,83039,PAYMENT,"공과금 납부","2025-02-16T11:57:35.160Z",
2033,880334455004,289196,DEPOSIT,"월급 입금","2025-02-16T12:11:25.160Z",
2034,210123987002,99684,TRANSFER,"월세 이체","2025-02-17T01:59:19.160Z",770123456789
2035,941566778003,10000,WITHDRAWAL,"ATM 출금","2025-02-17T03:01:24.160Z",
2036,880334455004,737340,DEPOSIT,"월급 입금","2025-02-17T04:02:23.160Z",
2037,880334455004,531226,DEPOSIT,"부업 수입","2025-02-17T04:40:56.160Z",
2038,880334455004,1829208,DEPOSIT,"자금 이체","2025-02-17T04:56:27.160Z",
2039,210123987002,1869327,DEPOSIT,"보너스 입금","2025-02-17T06:40:03.160Z",
2040,110456789001,919876,TRANSFER,"대출이자 납부","2025-02-17T08:22:10.160Z",770123456789
2041,941566778003,10000,WITHDRAWAL,"의료비 출금","2025-02-17T08:24:48.160Z",
2042,210123987002,103278,WITHDRAWAL,"생활비 출금","2025-02-17T09:47:08.160Z",
2043,110456789001,14757,PAYMENT,"온라인 쇼핑","2025-02-17T10:01:41.160Z",
2044,110456789001,681167,DEPOSIT,"보너스 입금","2025-02-17T10:22:07.160Z",
2045,110456789001,511824,TRANSFER,"친구에게 송금","2025-02-17T10:24:06.160Z",770123456789
2046,110456789001,5760,PAYMENT,"카드대금 결제","2025-02-17T10:30:12.160Z",
2047,880334455004,2558237,DEPOSIT,"월급 입금","2025-02-17T10:58:19.160Z",
2048,880334455004,2738840,DEPOSIT,"부업 수입","2025-02-17T11:39:28.160Z",
2049,210123987002,1384556,DEPOSIT,"월급 입금","2025-02-17T12:00:13.160Z",
2050,210123987002,2107331,DEPOSIT,"자금 이체","2025-02-17T12:57:08.160Z",
2051,880334455004,1718793,DEPOSIT,"부업 수입","2025-02-17T13:05:36.160Z",
2052,110456789001,2362599,DEPOSIT,"부업 수입","2025-02-17T13:18:12.160Z",
2053,880334455004,1922626,DEPOSIT,"월급 입금","2025-02-17T13:26:32.160Z",
2054,880334455004,1340459,DEPOSIT,"배당금 입금","2025-02-17T13:30:04.160Z",
2055,210123987002,410359,WITHDRAWAL,"생활비 출금","2025-02-18T00:12:07.160Z",
2056,110456789001,227920,TRANSFER,"대출이자 납부","2025-02-18T00:13:49.160Z",660555444333
2057,210123987002,319361,TRANSFER,"월세 이체","2025-02-18T00:54:01.160Z",330111222333
2058,210123987002,524576,TRANSFER,"대출이자 납부","2025-02-18T02:00:35.160Z",550987654321
2059,210123987002,445689,WITHDRAWAL,"ATM 출금","2025-02-18T02:16:22.160Z",
2060,110456789001,191467,PAYMENT,"식비 결제","2025-02-18T02:18:34.160Z",
2061,941566778003,10000,WITHDRAWAL,"교육비 출금","2025-02-18T02:28:46.160Z",
2062,110456789001,291565,PAYMENT,"공과금 납부","2025-02-18T02:29:42.160Z",
2063,941566778003,10000,WITHDRAWAL,"ATM 출금","2025-02-18T02:47:23.160Z",
2064,210123987002,260705,DEPOSIT,"보너스 입금","2025-02-18T03:56:47.160Z",
2065,941566778003,5000,PAYMENT,"온라인 쇼핑","2025-02-18T04:15:29.160Z",
2066,880334455004,1746662,DEPOSIT,"보너스 입금","2025-02-18T05:49:10.160Z",
2067,110456789001,295727,WITHDRAWAL,"생활비 출금","2025-02-18T06:01:55.160Z",
2068,110456789001,238045,WITHDRAWAL,"생활비 출금","2025-02-18T06:11:56.160Z",
2069,880334455004,225880,DEPOSIT,"보너스 입금","2025-02-18T06:15:01.160Z",
2070,941566778003,5000,PAYMENT,"공과금 납부","2025-02-18T06:22:52.160Z",
2071,941566778003,10000,WITHDRAWAL,"경조사비","2025-02-18T06:38:06.160Z",
2072,210123987002,786530,TRANSFER,"월세 이체","2025-02-18T06:48:14.160Z",330111222333
2073,880334455004,435991,DEPOSIT,"부업 수입","2025-02-18T06:56:13.160Z",
2074,941566778003,10000,WITHDRAWAL,"ATM 출금","2025-02-18T08:54:43.160Z",
2075,210123987002,327869,WITHDRAWAL,"교육비 출금","2025-02-18T09:21:49.160Z",
2076,210123987002,308448,TRANSFER,"가족 송금","2025-02-18T09:56:36.160Z",770123456789
2077,880334455004,1991668,DEPOSIT,"자금 이체","2025-02-18T10:36:22.160Z",
2078,880334455004,730204,DEPOSIT,"보너스 입금","2025-02-18T10:37:28.160Z",
2079,110456789001,89558,PAYMENT,"교통비 결제","2025-02-18T11:23:28.160Z",
2080,941566778003,5000,PAYMENT,"온라인 쇼핑","2025-02-18T11:26:44.160Z",
2081,210123987002,2246942,DEPOSIT,"월급 입금","2025-02-18T11:53:38.160Z",
2082,941566778003,5000,PAYMENT,"통신요금 납부","2025-02-18T12:17:54.160Z",
2083,110456789001,2733804,DEPOSIT,"자금 이체","2025-02-19T01:39:57.160Z",
2084,880334455004,3299563,DEPOSIT,"자금 이체","2025-02-19T02:10:13.160Z",
2085,110456789001,306527,PAYMENT,"교통비 결제","2025-02-19T02:52:30.160Z",
2086,941566778003,5500,PAYMENT,"카드대금 결제","2025-02-19T03:51:12.160Z",
2087,210123987002,404790,TRANSFER,"적금 이체","2025-02-19T04:24:44.160Z",770123456789
2088,210123987002,3275679,DEPOSIT,"배당금 입금","2025-02-19T04:36:29.160Z",
2089,880334455004,1729930,DEPOSIT,"월급 입금","2025-02-19T04:51:32.160Z",
2090,880334455004,1716438,DEPOSIT,"자금 이체","2025-02-19T04:57:15.160Z",
2091,880334455004,2617766,DEPOSIT,"배당금 입금","2025-02-19T05:50:22.160Z",
2092,880334455004,2808266,DEPOSIT,"자금 이체","2025-02-19T06:05:06.160Z",
2093,210123987002,130255,WITHDRAWAL,"ATM 출금","2025-02-19T06:29:42.160Z",
2094,880334455004,431491,DEPOSIT,"월급 입금","2025-02-19T07:19:49.160Z",
2095,880334455004,712641,DEPOSIT,"자금 이체","2025-02-19T09:47:22.160Z",
2096,110456789001,938596,TRANSFER,"월세 이체","2025-02-19T10:16:43.160Z",550987654321
2097,941566778003,5500,PAYMENT,"카드대금 결제","2025-02-19T11:21:02.160Z",
2098,880334455004,2393102,DEPOSIT,"자금 이체","2025-02-19T12:38:58.160Z",
2099,880334455004,1435424,DEPOSIT,"보너스 입금","2025-02-19T13:16:18.160Z",
2100,110456789001,189177,PAYMENT,"교통비 결제","2025-02-20T00:01:34.160Z",
2101,110456789001,224043,TRANSFER,"월세 이체","2025-02-20T00:35:16.160Z",330111222333
2102,110456789001,505085,TRANSFER,"적금 이체","2025-02-20T00:40:47.160Z",770123456789
2103,210123987002,679273,TRANSFER,"월세 이체","2025-02-20T01:01:23.160Z",550987654321
2104,941566778003,6000,PAYMENT,"카드대금 결제","2025-02-20T01:31:21.160Z",
2105,941566778003,12000,WITHDRAWAL,"ATM 출금","2025-02-20T02:56:31.160Z",
2106,210123987002,2702742,DEPOSIT,"부업 수입","2025-02-20T04:53:06.160Z",
2107,110456789001,367619,TRANSFER,"월세 이체","2025-02-20T05:43:37.160Z",660555444333
2108,941566778003,12000,WITHDRAWAL,"ATM 출금","2025-02-20T07:22:39.160Z",
2109,941566778003,12000,WITHDRAWAL,"경조사비","2025-02-20T07:32:31.160Z",
2110,941566778003,6000,PAYMENT,"공과금 납부","2025-02-20T08:20:51.160Z",
2111,110456789001,22410,PAYMENT,"식비 결제","2025-02-20T08:41:46.160Z",
2112,210123987002,1023210,TRANSFER,"친구에게 송금","2025-02-20T09:54:11.160Z",550987654321
2113,941566778003,12000,WITHDRAWAL,"의료비 출금","2025-02-20T10:11:35.160Z",
2114,110456789001,226124,PAYMENT,"식비 결제","2025-02-20T13:42:47.160Z",
2115,210123987002,394127,WITHDRAWAL,"생활비 출금","2025-02-20T13:52:32.160Z",
2116,210123987002,850009,TRANSFER,"월세 이체","2025-02-20T13:52:43.160Z",330111222333
2117,210123987002,577656,TRANSFER,"대출이자 납부","2025-02-21T00:46:46.160Z",550987654321
2118,210123987002,638343,WITHDRAWAL,"생활비 출금","2025-02-21T00:54:50.160Z",
2119,210123987002,1278009,DEPOSIT,"부업 수입","2025-02-21T01:56:10.160Z",
2120,110456789001,1365049,DEPOSIT,"보너스 입금","2025-02-21T02:54:26.160Z",
2121,880334455004,1321318,DEPOSIT,"배당금 입금","2025-02-21T04:28:22.160Z",
2122,210123987002,336215,WITHDRAWAL,"교육비 출금","2025-02-21T04:57:39.160Z",
2123,110456789001,83646,WITHDRAWAL,"생활비 출금","2025-02-21T05:34:33.160Z",
2124,210123987002,312498,WITHDRAWAL,"경조사비","2025-02-21T05:37:23.160Z",
2125,941566778003,6500,PAYMENT,"온라인 쇼핑","2025-02-21T05:39:56.160Z",
2126,941566778003,6500,PAYMENT,"공과금 납부","2025-02-21T06:22:50.160Z",
2127,210123987002,636965,TRANSFER,"가족 송금","2025-02-21T06:28:37.160Z",550987654321
2128,210123987002,325343,WITHDRAWAL,"의료비 출금","2025-02-21T06:40:35.160Z",
2129,880334455004,1972275,DEPOSIT,"월급 입금","2025-02-21T07:31:55.160Z",
2130,880334455004,2546287,DEPOSIT,"부업 수입","2025-02-21T08:32:03.160Z",
2131,110456789001,749126,TRANSFER,"대출이자 납부","2025-02-21T08:53:17.160Z",770123456789
2132,210123987002,628213,DEPOSIT,"월급 입금","2025-02-21T10:36:38.160Z",
2133,110456789001,504311,WITHDRAWAL,"경조사비","2025-02-21T10:39:40.160Z",
2134,880334455004,1940473,DEPOSIT,"부업 수입","2025-02-21T11:08:22.160Z",
2135,880334455004,1072960,DEPOSIT,"배당금 입금","2025-02-21T11:09:47.160Z",
2136,941566778003,6500,PAYMENT,"통신요금 납부","2025-02-21T11:13:40.160Z",
2137,880334455004,1048229,DEPOSIT,"부업 수입","2025-02-21T12:32:11.160Z",
2138,941566778003,13000,WITHDRAWAL,"생활비 출금","2025-02-21T12:32:27.160Z",
2139,210123987002,1701900,DEPOSIT,"배당금 입금","2025-02-21T13:12:08.160Z",
2140,110456789001,791400,TRANSFER,"적금 이체","2025-02-22T00:31:50.160Z",330111222333
2141,880334455004,2877336,DEPOSIT,"자금 이체","2025-02-22T01:43:06.160Z",
2142,941566778003,11000,WITHDRAWAL,"의료비 출금","2025-02-22T01:45:40.160Z",
2143,110456789001,228584,PAYMENT,"공과금 납부","2025-02-22T01:45:42.160Z",
2144,880334455004,1173635,DEPOSIT,"보너스 입금","2025-02-22T01:59:37.160Z",
2145,941566778003,3849,PAYMENT,"식비 결제","2025-02-22T02:09:19.160Z",
2146,110456789001,601815,DEPOSIT,"부업 수입","2025-02-22T04:49:13.160Z",
2147,210123987002,1326908,DEPOSIT,"월급 입금","2025-02-22T04:51:12.160Z",
2148,110456789001,1826242,DEPOSIT,"자금 이체","2025-02-22T05:43:11.160Z",
2149,210123987002,187034,TRANSFER,"월세 이체","2025-02-22T06:16:40.160Z",550987654321
2150,941566778003,3849,PAYMENT,"식비 결제","2025-02-22T07:13:55.160Z",
2151,210123987002,414810,TRANSFER,"친구에게 송금","2025-02-22T09:10:59.160Z",330111222333
2152,210123987002,455042,TRANSFER,"적금 이체","2025-02-22T09:58:27.160Z",550987654321
2153,941566778003,3849,PAYMENT,"공과금 납부","2025-02-22T10:05:08.160Z",
2154,941566778003,3849,PAYMENT,"통신요금 납부","2025-02-22T10:40:17.160Z",
2155,941566778003,11000,WITHDRAWAL,"ATM 출금","2025-02-22T10:58:48.160Z",
2156,110456789001,3154938,DEPOSIT,"배당금 입금","2025-02-22T11:08:42.160Z",
2157,880334455004,2971034,DEPOSIT,"월급 입금","2025-02-22T11:27:06.160Z",
2158,110456789001,147684,WITHDRAWAL,"교육비 출금","2025-02-22T11:42:14.160Z",
2159,210123987002,731764,TRANSFER,"월세 이체","2025-02-22T13:22:39.160Z",550987654321
2160,941566778003,11000,WITHDRAWAL,"생활비 출금","2025-02-22T13:44:33.160Z",
2161,110456789001,143159,TRANSFER,"월세 이체","2025-02-23T00:07:31.160Z",330111222333
2162,110456789001,453659,TRANSFER,"적금 이체","2025-02-23T02:06:03.160Z",660555444333
2163,880334455004,40136,DEPOSIT,"부업 수입","2025-02-23T02:43:29.160Z",
2164,880334455004,675243,DEPOSIT,"보너스 입금","2025-02-23T02:55:28.160Z",
2165,210123987002,415047,DEPOSIT,"자금 이체","2025-02-23T03:38:01.160Z",
2166,880334455004,1595113,DEPOSIT,"부업 수입","2025-02-23T04:05:39.160Z",
2167,210123987002,1613496,DEPOSIT,"보너스 입금","2025-02-23T04:06:27.160Z",
2168,880334455004,214200,DEPOSIT,"자금 이체","2025-02-23T04:08:23.160Z",
2169,941566778003,7000,WITHDRAWAL,"경조사비","2025-02-23T04:39:40.160Z",
2170,941566778003,7000,WITHDRAWAL,"ATM 출금","2025-02-23T07:27:46.160Z",
2171,210123987002,40764,WITHDRAWAL,"경조사비","2025-02-23T09:56:10.160Z",
2172,210123987002,985016,DEPOSIT,"부업 수입","2025-02-23T10:00:53.160Z",
2173,941566778003,2450,PAYMENT,"교통비 결제","2025-02-23T10:09:54.160Z",
2174,210123987002,255399,DEPOSIT,"보너스 입금","2025-02-23T11:23:01.160Z",
2175,110456789001,612625,TRANSFER,"적금 이체","2025-02-23T12:48:17.160Z",550987654321
2176,880334455004,710892,DEPOSIT,"배당금 입금","2025-02-23T12:55:42.160Z",
2177,210123987002,433163,TRANSFER,"적금 이체","2025-02-23T13:08:14.160Z",770123456789
2178,941566778003,7000,WITHDRAWAL,"생활비 출금","2025-02-23T13:10:06.160Z",
2179,110456789001,62216,PAYMENT,"온라인 쇼핑","2025-02-23T13:10:11.160Z",
2180,210123987002,2031488,DEPOSIT,"배당금 입금","2025-02-24T01:48:17.160Z",
2181,110456789001,139089,TRANSFER,"월세 이체","2025-02-24T02:31:43.160Z",660555444333
2182,210123987002,439043,WITHDRAWAL,"생활비 출금","2025-02-24T02:34:20.160Z",
2183,110456789001,1167495,DEPOSIT,"자금 이체","2025-02-24T04:19:52.160Z",
2184,941566778003,5000,PAYMENT,"온라인 쇼핑","2025-02-24T04:40:41.160Z",
2185,880334455004,267304,DEPOSIT,"자금 이체","2025-02-24T05:14:59.160Z",
2186,941566778003,5000,PAYMENT,"보험료 납부","2025-02-24T07:22:29.160Z",
2187,210123987002,2489815,DEPOSIT,"자금 이체","2025-02-24T07:25:23.160Z",
2188,941566778003,5000,PAYMENT,"보험료 납부","2025-02-24T08:34:24.160Z",
2189,110456789001,44794,PAYMENT,"공과금 납부","2025-02-24T09:25:38.160Z",
2190,880334455004,1455851,DEPOSIT,"보너스 입금","2025-02-24T09:53:57.160Z",
2191,941566778003,10000,WITHDRAWAL,"경조사비","2025-02-24T10:37:23.160Z",
2192,210123987002,357008,WITHDRAWAL,"ATM 출금","2025-02-24T11:06:47.160Z",
2193,941566778003,10000,WITHDRAWAL,"ATM 출금","2025-02-24T13:36:02.160Z",
2194,941566778003,5000,PAYMENT,"교통비 결제","2025-02-25T00:35:27.160Z",
2195,880334455004,1498155,DEPOSIT,"부업 수입","2025-02-25T01:29:14.160Z",
2196,941566778003,10000,WITHDRAWAL,"경조사비","2025-02-25T03:12:54.160Z",
2197,880334455004,1611549,DEPOSIT,"부업 수입","2025-02-25T03:58:58.160Z",
2198,941566778003,5000,PAYMENT,"통신요금 납부","2025-02-25T04:30:07.160Z",
2199,941566778003,5000,PAYMENT,"보험료 납부","2025-02-25T04:35:13.160Z",
2200,880334455004,2766427,DEPOSIT,"부업 수입","2025-02-25T06:02:32.160Z",
2201,110456789001,777021,TRANSFER,"월세 이체","2025-02-25T06:55:02.160Z",550987654321
2202,110456789001,82358,PAYMENT,"교통비 결제","2025-02-25T07:51:44.160Z",
2203,210123987002,2046114,DEPOSIT,"보너스 입금","2025-02-25T08:22:48.160Z",
2204,880334455004,2973714,DEPOSIT,"월급 입금","2025-02-25T09:57:03.160Z",
2205,210123987002,649661,DEPOSIT,"보너스 입금","2025-02-25T10:13:13.160Z",
2206,941566778003,5000,PAYMENT,"카드대금 결제","2025-02-25T11:12:33.160Z",
2207,110456789001,168734,PAYMENT,"교통비 결제","2025-02-25T11:20:55.160Z",
2208,110456789001,303523,TRANSFER,"적금 이체","2025-02-26T00:28:41.160Z",330111222333
2209,941566778003,5500,PAYMENT,"공과금 납부","2025-02-26T00:31:29.160Z",
2210,880334455004,986970,DEPOSIT,"월급 입금","2025-02-26T01:09:52.160Z",
2211,880334455004,2018426,DEPOSIT,"배당금 입금","2025-02-26T02:17:42.160Z",
2212,880334455004,1330342,DEPOSIT,"자금 이체","2025-02-26T02:23:03.160Z",
2213,210123987002,288561,WITHDRAWAL,"경조사비","2025-02-26T03:21:27.160Z",
2214,941566778003,5500,PAYMENT,"보험료 납부","2025-02-26T03:52:24.160Z",
2215,880334455004,2647092,DEPOSIT,"월급 입금","2025-02-26T03:56:11.160Z",
2216,880334455004,1287907,DEPOSIT,"월급 입금","2025-02-26T04:43:16.160Z",
2217,941566778003,5500,PAYMENT,"온라인 쇼핑","2025-02-26T05:17:55.160Z",
2218,110456789001,93589,WITHDRAWAL,"의료비 출금","2025-02-26T06:36:41.160Z",
2219,110456789001,765760,TRANSFER,"적금 이체","2025-02-26T06:51:19.160Z",330111222333
2220,880334455004,2419371,DEPOSIT,"배당금 입금","2025-02-26T07:04:09.160Z",
2221,110456789001,1766071,DEPOSIT,"월급 입금","2025-02-26T07:45:23.160Z",
2222,210123987002,2089325,DEPOSIT,"배당금 입금","2025-02-26T08:34:12.160Z",
2223,941566778003,5500,PAYMENT,"보험료 납부","2025-02-26T09:12:38.160Z",
2224,880334455004,3280328,DEPOSIT,"배당금 입금","2025-02-26T10:25:00.160Z",
2225,110456789001,96886,WITHDRAWAL,"ATM 출금","2025-02-26T10:48:19.160Z",
2226,210123987002,227334,TRANSFER,"가족 송금","2025-02-26T11:03:47.160Z",330111222333
2227,941566778003,11000,WITHDRAWAL,"교육비 출금","2025-02-26T11:11:52.160Z",
2228,210123987002,407700,WITHDRAWAL,"경조사비","2025-02-26T11:14:07.160Z",
2229,110456789001,1067364,DEPOSIT,"월급 입금","2025-02-26T11:45:04.160Z",
2230,941566778003,11000,WITHDRAWAL,"ATM 출금","2025-02-26T12:11:16.160Z",
2231,941566778003,11000,WITHDRAWAL,"교육비 출금","2025-02-26T12:22:35.160Z",
2232,880334455004,1455998,DEPOSIT,"부업 수입","2025-02-26T12:37:01.160Z",
2233,110456789001,2021240,DEPOSIT,"부업 수입","2025-02-26T13:12:26.160Z",
2234,210123987002,171855,DEPOSIT,"자금 이체","2025-02-26T13:14:56.160Z",
2235,110456789001,1928221,DEPOSIT,"보너스 입금","2025-02-26T13:33:03.160Z",
2236,110456789001,1619915,DEPOSIT,"부업 수입","2025-02-26T13:35:48.160Z",
2237,210123987002,770847,TRANSFER,"대출이자 납부","2025-02-26T13:49:35.160Z",330111222333
2238,210123987002,510663,WITHDRAWAL,"의료비 출금","2025-02-27T01:04:02.160Z",
2239,941566778003,6000,PAYMENT,"식비 결제","2025-02-27T01:04:42.160Z",
2240,210123987002,934605,DEPOSIT,"자금 이체","2025-02-27T01:43:36.160Z",
2241,880334455004,101926,DEPOSIT,"월급 입금","2025-02-27T02:59:42.160Z",
2242,880334455004,1317558,DEPOSIT,"월급 입금","2025-02-27T04:41:53.160Z",
2243,880334455004,364379,DEPOSIT,"보너스 입금","2025-02-27T05:36:01.160Z",
2244,110456789001,3058240,DEPOSIT,"보너스 입금","2025-02-27T05:59:14.160Z",
2245,110456789001,581414,WITHDRAWAL,"ATM 출금","2025-02-27T06:36:03.160Z",
2246,880334455004,1685434,DEPOSIT,"배당금 입금","2025-02-27T06:46:32.160Z",
2247,110456789001,1861782,DEPOSIT,"부업 수입","2025-02-27T07:42:56.160Z",
2248,880334455004,689128,DEPOSIT,"보너스 입금","2025-02-27T07:50:54.160Z",
2249,880334455004,3083947,DEPOSIT,"배당금 입금","2025-02-27T07:54:17.160Z",
2250,210123987002,28900,WITHDRAWAL,"생활비 출금","2025-02-27T07:56:10.160Z",
2251,880334455004,3508470,DEPOSIT,"배당금 입금","2025-02-27T08:09:03.160Z",
2252,880334455004,2883451,DEPOSIT,"보너스 입금","2025-02-27T08:14:48.160Z",
2253,210123987002,53592,WITHDRAWAL,"의료비 출금","2025-02-27T08:15:45.160Z",
2254,110456789001,38242,PAYMENT,"카드대금 결제","2025-02-27T09:51:18.160Z",
2255,210123987002,1107085,TRANSFER,"가족 송금","2025-02-27T10:10:44.160Z",770123456789
2256,110456789001,3331736,DEPOSIT,"자금 이체","2025-02-27T11:00:22.160Z",
2257,941566778003,6000,PAYMENT,"보험료 납부","2025-02-27T12:04:38.160Z",
2258,880334455004,1596135,DEPOSIT,"보너스 입금","2025-02-27T12:43:28.160Z",
2259,210123987002,402861,WITHDRAWAL,"의료비 출금","2025-02-27T12:43:59.160Z",
2260,210123987002,447361,WITHDRAWAL,"경조사비","2025-02-27T13:32:31.160Z",
2261,210123987002,267960,WITHDRAWAL,"ATM 출금","2025-02-27T13:37:05.160Z",
2262,110456789001,3164944,DEPOSIT,"부업 수입","2025-02-27T13:41:26.160Z",
2263,110456789001,3117692,DEPOSIT,"보너스 입금","2025-02-28T00:20:59.160Z",
2264,941566778003,6500,PAYMENT,"교통비 결제","2025-02-28T00:46:21.160Z",
2265,880334455004,3883805,DEPOSIT,"배당금 입금","2025-02-28T03:45:49.160Z",
2266,941566778003,13000,WITHDRAWAL,"경조사비","2025-02-28T04:16:53.160Z",
2267,880334455004,2444135,DEPOSIT,"부업 수입","2025-02-28T05:23:02.160Z",
2268,880334455004,1313805,DEPOSIT,"배당금 입금","2025-02-28T06:22:03.160Z",
2269,941566778003,6500,PAYMENT,"카드대금 결제","2025-02-28T07:45:04.160Z",
2270,210123987002,136408,WITHDRAWAL,"경조사비","2025-02-28T07:50:11.160Z",
2271,880334455004,246740,DEPOSIT,"월급 입금","2025-02-28T09:19:27.160Z",
2272,941566778003,6500,PAYMENT,"온라인 쇼핑","2025-02-28T09:35:09.160Z",
2273,110456789001,183300,TRANSFER,"적금 이체","2025-02-28T09:38:52.160Z",550987654321
2274,110456789001,2929218,DEPOSIT,"월급 입금","2025-02-28T10:29:02.160Z",
2275,110456789001,134332,WITHDRAWAL,"경조사비","2025-02-28T11:38:54.160Z",
2276,210123987002,583638,WITHDRAWAL,"교육비 출금","2025-02-28T11:39:27.160Z",
2277,941566778003,13000,WITHDRAWAL,"생활비 출금","2025-02-28T11:52:00.160Z",
2278,880334455004,3249807,DEPOSIT,"월급 입금","2025-03-01T00:45:28.160Z",
2279,941566778003,4235,PAYMENT,"식비 결제","2025-03-01T01:28:48.160Z",
2280,941566778003,4235,PAYMENT,"교통비 결제","2025-03-01T01:58:48.160Z",
2281,880334455004,1252443,DEPOSIT,"보너스 입금","2025-03-01T02:12:46.160Z",
2282,880334455004,632107,DEPOSIT,"배당금 입금","2025-03-01T02:21:43.160Z",
2283,210123987002,453018,WITHDRAWAL,"ATM 출금","2025-03-01T03:06:27.160Z",
2284,941566778003,4235,PAYMENT,"카드대금 결제","2025-03-01T04:17:31.160Z",
2285,110456789001,97663,PAYMENT,"온라인 쇼핑","2025-03-01T04:23:37.160Z",
2286,941566778003,12100,WITHDRAWAL,"ATM 출금","2025-03-01T04:27:17.160Z",
2287,110456789001,3108175,DEPOSIT,"배당금 입금","2025-03-01T04:28:51.160Z",
2288,880334455004,141202,DEPOSIT,"자금 이체","2025-03-01T04:54:48.160Z",
2289,941566778003,4235,PAYMENT,"통신요금 납부","2025-03-01T05:17:12.160Z",
2290,880334455004,3601442,DEPOSIT,"배당금 입금","2025-03-01T06:09:34.160Z",
2291,110456789001,225576,DEPOSIT,"자금 이체","2025-03-01T06:36:32.160Z",
2292,210123987002,982903,TRANSFER,"적금 이체","2025-03-01T06:46:17.160Z",330111222333
2293,941566778003,4235,PAYMENT,"온라인 쇼핑","2025-03-01T07:32:20.160Z",
2294,110456789001,578983,WITHDRAWAL,"교육비 출금","2025-03-01T07:41:11.160Z",
2295,880334455004,79324,DEPOSIT,"월급 입금","2025-03-01T08:55:52.160Z",
2296,941566778003,12100,WITHDRAWAL,"경조사비","2025-03-01T09:24:23.160Z",
2297,110456789001,208406,PAYMENT,"카드대금 결제","2025-03-01T09:49:31.160Z",
2298,110456789001,617745,TRANSFER,"월세 이체","2025-03-01T11:48:30.160Z",550987654321
2299,210123987002,240956,WITHDRAWAL,"의료비 출금","2025-03-01T13:21:47.160Z",
2300,941566778003,12100,WITHDRAWAL,"ATM 출금","2025-03-01T13:41:21.160Z",
2301,880334455004,1410180,DEPOSIT,"자금 이체","2025-03-01T13:42:11.160Z",
2302,210123987002,1758309,DEPOSIT,"부업 수입","2025-03-01T13:55:54.160Z",
2303,110456789001,1122537,DEPOSIT,"자금 이체","2025-03-02T00:41:21.160Z",
2304,110456789001,40005,WITHDRAWAL,"교육비 출금","2025-03-02T00:53:13.160Z",
2305,110456789001,111301,WITHDRAWAL,"의료비 출금","2025-03-02T02:08:11.160Z",
2306,110456789001,714102,TRANSFER,"친구에게 송금","2025-03-02T02:13:30.160Z",550987654321
2307,941566778003,2695,PAYMENT,"통신요금 납부","2025-03-02T02:40:51.160Z",
2308,941566778003,7700,WITHDRAWAL,"교육비 출금","2025-03-02T02:53:33.160Z",
2309,110456789001,148684,PAYMENT,"공과금 납부","2025-03-02T04:29:44.160Z",
2310,210123987002,266796,TRANSFER,"월세 이체","2025-03-02T06:18:25.160Z",660555444333
2311,210123987002,406757,TRANSFER,"친구에게 송금","2025-03-02T06:56:36.160Z",330111222333
2312,941566778003,2695,PAYMENT,"온라인 쇼핑","2025-03-02T07:02:26.160Z",
2313,880334455004,2242340,DEPOSIT,"부업 수입","2025-03-02T07:10:10.160Z",
2314,941566778003,7700,WITHDRAWAL,"생활비 출금","2025-03-02T07:51:48.160Z",
2315,941566778003,2695,PAYMENT,"통신요금 납부","2025-03-02T08:11:06.160Z",
2316,210123987002,190863,WITHDRAWAL,"교육비 출금","2025-03-02T08:24:40.160Z",
2317,210123987002,327105,TRANSFER,"가족 송금","2025-03-02T09:02:57.160Z",550987654321
2318,941566778003,7700,WITHDRAWAL,"ATM 출금","2025-03-02T11:03:14.160Z",
2319,210123987002,657911,TRANSFER,"월세 이체","2025-03-02T11:29:54.160Z",330111222333
2320,880334455004,2271593,DEPOSIT,"보너스 입금","2025-03-02T12:27:31.160Z",
2321,110456789001,201773,DEPOSIT,"배당금 입금","2025-03-02T12:55:13.160Z",
2322,210123987002,281805,WITHDRAWAL,"생활비 출금","2025-03-02T13:01:03.160Z",
2323,880334455004,1424441,DEPOSIT,"자금 이체","2025-03-02T13:21:15.160Z",
2324,210123987002,526049,DEPOSIT,"월급 입금","2025-03-02T13:59:52.160Z",
2325,941566778003,5500,PAYMENT,"교통비 결제","2025-03-03T00:35:02.160Z",
2326,941566778003,5500,PAYMENT,"카드대금 결제","2025-03-03T00:53:47.160Z",
2327,880334455004,2235329,DEPOSIT,"자금 이체","2025-03-03T01:07:52.160Z",
2328,941566778003,11000,WITHDRAWAL,"ATM 출금","2025-03-03T02:08:37.160Z",
2329,941566778003,5500,PAYMENT,"식비 결제","2025-03-03T02:56:30.160Z",
2330,210123987002,520380,TRANSFER,"대출이자 납부","2025-03-03T03:04:04.160Z",550987654321
2331,880334455004,1749317,DEPOSIT,"보너스 입금","2025-03-03T03:33:44.160Z",
2332,880334455004,2170845,DEPOSIT,"보너스 입금","2025-03-03T04:33:30.160Z",
2333,210123987002,1786712,DEPOSIT,"보너스 입금","2025-03-03T05:20:47.160Z",
2334,210123987002,550779,TRANSFER,"친구에게 송금","2025-03-03T05:55:40.160Z",660555444333
2335,110456789001,5740,PAYMENT,"공과금 납부","2025-03-03T06:22:09.160Z",
2336,880334455004,1737776,DEPOSIT,"부업 수입","2025-03-03T07:14:43.160Z",
2337,210123987002,1045886,TRANSFER,"월세 이체","2025-03-03T07:49:18.160Z",550987654321
2338,110456789001,282771,PAYMENT,"공과금 납부","2025-03-03T08:34:52.160Z",
2339,941566778003,11000,WITHDRAWAL,"생활비 출금","2025-03-03T08:56:27.160Z",
2340,210123987002,1514008,DEPOSIT,"자금 이체","2025-03-03T09:08:49.160Z",
2341,941566778003,11000,WITHDRAWAL,"경조사비","2025-03-03T09:18:24.160Z",
2342,110456789001,284626,TRANSFER,"친구에게 송금","2025-03-03T09:55:21.160Z",330111222333
2343,210123987002,2941789,DEPOSIT,"배당금 입금","2025-03-03T11:01:27.160Z",
2344,110456789001,255476,PAYMENT,"통신요금 납부","2025-03-03T11:43:46.160Z",
2345,880334455004,586690,DEPOSIT,"보너스 입금","2025-03-03T12:10:09.160Z",
2346,880334455004,1385313,DEPOSIT,"보너스 입금","2025-03-03T12:25:41.160Z",
2347,880334455004,900362,DEPOSIT,"부업 수입","2025-03-03T12:50:38.160Z",
2348,210123987002,119817,WITHDRAWAL,"경조사비","2025-03-04T00:12:03.160Z",
2349,880334455004,1193111,DEPOSIT,"자금 이체","2025-03-04T00:19:04.160Z",
2350,941566778003,5500,PAYMENT,"교통비 결제","2025-03-04T00:26:39.160Z",
2351,880334455004,987543,DEPOSIT,"배당금 입금","2025-03-04T01:05:50.160Z",
2352,210123987002,1075025,TRANSFER,"적금 이체","2025-03-04T02:07:32.160Z",660555444333
2353,210123987002,888695,TRANSFER,"친구에게 송금","2025-03-04T03:04:29.160Z",770123456789
2354,941566778003,11000,WITHDRAWAL,"ATM 출금","2025-03-04T04:32:38.160Z",
2355,210123987002,216221,WITHDRAWAL,"교육비 출금","2025-03-04T05:35:33.160Z",
2356,210123987002,1519270,DEPOSIT,"부업 수입","2025-03-04T06:32:29.160Z",
2357,941566778003,5500,PAYMENT,"공과금 납부","2025-03-04T06:41:06.160Z",
2358,110456789001,406371,DEPOSIT,"자금 이체","2025-03-04T07:33:15.160Z",
2359,880334455004,2159036,DEPOSIT,"월급 입금","2025-03-04T07:37:39.160Z",
2360,941566778003,11000,WITHDRAWAL,"생활비 출금","2025-03-04T09:20:24.160Z",
2361,880334455004,962740,DEPOSIT,"월급 입금","2025-03-04T09:34:44.160Z",
2362,110456789001,452624,TRANSFER,"월세 이체","2025-03-04T09:37:43.160Z",550987654321
2363,880334455004,2329782,DEPOSIT,"부업 수입","2025-03-04T10:02:24.160Z",
2364,210123987002,1978571,DEPOSIT,"부업 수입","2025-03-04T10:20:29.160Z",
2365,941566778003,5500,PAYMENT,"교통비 결제","2025-03-04T11:13:19.160Z",
2366,110456789001,316846,PAYMENT,"교통비 결제","2025-03-04T11:26:01.160Z",
2367,210123987002,545968,DEPOSIT,"자금 이체","2025-03-04T11:27:37.160Z",
2368,880334455004,972335,DEPOSIT,"자금 이체","2025-03-04T12:03:37.160Z",
2369,880334455004,1087116,DEPOSIT,"배당금 입금","2025-03-04T12:24:27.160Z",
2370,880334455004,3029685,DEPOSIT,"월급 입금","2025-03-04T12:31:48.160Z",
2371,880334455004,2549508,DEPOSIT,"보너스 입금","2025-03-04T13:08:57.160Z",
2372,880334455004,1651811,DEPOSIT,"보너스 입금","2025-03-05T00:10:02.160Z",
2373,941566778003,6050,PAYMENT,"온라인 쇼핑","2025-03-05T00:10:55.160Z",
2374,110456789001,1201002,DEPOSIT,"부업 수입","2025-03-05T00:23:44.160Z",
2375,210123987002,3616443,DEPOSIT,"자금 이체","2025-03-05T04:31:04.160Z",
2376,941566778003,12100,WITHDRAWAL,"의료비 출금","2025-03-05T06:27:48.160Z",
2377,210123987002,2514926,DEPOSIT,"자금 이체","2025-03-05T06:32:02.160Z",
2378,110456789001,41403,PAYMENT,"교통비 결제","2025-03-05T06:41:48.160Z",
2379,941566778003,6050,PAYMENT,"카드대금 결제","2025-03-05T07:14:29.160Z",
2380,880334455004,801491,DEPOSIT,"월급 입금","2025-03-05T07:15:58.160Z",
2381,941566778003,6050,PAYMENT,"식비 결제","2025-03-05T08:04:52.160Z",
2382,110456789001,237916,PAYMENT,"보험료 납부","2025-03-05T08:27:13.160Z",
2383,210123987002,84887,TRANSFER,"가족 송금","2025-03-05T08:30:03.160Z",770123456789
2384,941566778003,6050,PAYMENT,"온라인 쇼핑","2025-03-05T08:41:02.160Z",
2385,880334455004,747671,DEPOSIT,"월급 입금","2025-03-05T09:31:12.160Z",
2386,110456789001,589461,WITHDRAWAL,"ATM 출금","2025-03-05T10:55:48.160Z",
2387,110456789001,35056,PAYMENT,"교통비 결제","2025-03-05T12:02:58.160Z",
2388,210123987002,379948,WITHDRAWAL,"경조사비","2025-03-05T12:28:47.160Z",
2389,880334455004,411494,DEPOSIT,"월급 입금","2025-03-05T12:35:04.160Z",
2390,941566778003,12100,WITHDRAWAL,"경조사비","2025-03-05T12:59:04.160Z",
2391,880334455004,3378028,DEPOSIT,"월급 입금","2025-03-06T00:22:51.160Z",
2392,880334455004,2233935,DEPOSIT,"월급 입금","2025-03-06T00:39:17.160Z",
2393,880334455004,989347,DEPOSIT,"월급 입금","2025-03-06T01:20:05.160Z",
2394,210123987002,140325,WITHDRAWAL,"생활비 출금","2025-03-06T01:26:40.160Z",
2395,941566778003,6600,PAYMENT,"교통비 결제","2025-03-06T03:00:10.160Z",
2396,941566778003,6600,PAYMENT,"보험료 납부","2025-03-06T03:18:12.160Z",
2397,110456789001,206731,WITHDRAWAL,"의료비 출금","2025-03-06T04:08:37.160Z",
2398,880334455004,479181,DEPOSIT,"배당금 입금","2025-03-06T04:11:09.160Z",
2399,880334455004,1302282,DEPOSIT,"부업 수입","2025-03-06T07:13:14.160Z",
2400,110456789001,500183,TRANSFER,"가족 송금","2025-03-06T07:21:34.160Z",550987654321
2401,880334455004,3611848,DEPOSIT,"월급 입금","2025-03-06T08:46:56.160Z",
2402,110456789001,3111827,DEPOSIT,"보너스 입금","2025-03-06T09:11:34.160Z",
2403,941566778003,6600,PAYMENT,"보험료 납부","2025-03-06T11:08:58.160Z",
2404,880334455004,1097938,DEPOSIT,"월급 입금","2025-03-06T11:09:05.160Z",
2405,880334455004,1426727,DEPOSIT,"월급 입금","2025-03-06T11:25:09.160Z",
2406,880334455004,2854320,DEPOSIT,"자금 이체","2025-03-06T11:53:55.160Z",
2407,110456789001,52041,PAYMENT,"식비 결제","2025-03-06T13:05:06.160Z",
2408,110456789001,414158,WITHDRAWAL,"생활비 출금","2025-03-06T13:05:20.160Z",
2409,210123987002,98720,DEPOSIT,"자금 이체","2025-03-06T13:20:37.160Z",
2410,880334455004,733320,DEPOSIT,"자금 이체","2025-03-07T00:06:31.160Z",
2411,880334455004,265800,DEPOSIT,"월급 입금","2025-03-07T00:34:24.160Z",
2412,880334455004,3296244,DEPOSIT,"월급 입금","2025-03-07T01:21:13.160Z",
2413,110456789001,1265986,TRANSFER,"대출이자 납부","2025-03-07T02:50:34.160Z",660555444333
2414,110456789001,348588,PAYMENT,"통신요금 납부","2025-03-07T03:11:04.160Z",
2415,941566778003,7150,PAYMENT,"식비 결제","2025-03-07T04:48:26.160Z",
2416,210123987002,250973,TRANSFER,"가족 송금","2025-03-07T04:48:26.160Z",330111222333
2417,941566778003,7150,PAYMENT,"온라인 쇼핑","2025-03-07T04:48:43.160Z",
2418,880334455004,2014269,DEPOSIT,"보너스 입금","2025-03-07T06:24:46.160Z",
2419,941566778003,7150,PAYMENT,"통신요금 납부","2025-03-07T06:50:26.160Z",
2420,110456789001,452376,TRANSFER,"월세 이체","2025-03-07T07:30:39.160Z",660555444333
2421,941566778003,7150,PAYMENT,"교통비 결제","2025-03-07T08:16:48.160Z",
2422,941566778003,7150,PAYMENT,"공과금 납부","2025-03-07T08:35:54.160Z",
2423,941566778003,14300,WITHDRAWAL,"생활비 출금","2025-03-07T09:01:35.160Z",
2424,880334455004,3477751,DEPOSIT,"보너스 입금","2025-03-07T09:02:31.160Z",
2425,941566778003,7150,PAYMENT,"공과금 납부","2025-03-07T09:28:51.160Z",
2426,941566778003,7150,PAYMENT,"식비 결제","2025-03-07T09:44:04.160Z",
2427,880334455004,2701282,DEPOSIT,"배당금 입금","2025-03-07T09:44:37.160Z",
2428,941566778003,7150,PAYMENT,"보험료 납부","2025-03-07T09:45:40.160Z",
2429,210123987002,2602815,DEPOSIT,"배당금 입금","2025-03-07T10:10:11.160Z",
2430,210123987002,2803558,DEPOSIT,"보너스 입금","2025-03-07T11:25:03.160Z",
2431,941566778003,7150,PAYMENT,"식비 결제","2025-03-07T12:22:13.160Z",
2432,210123987002,329117,WITHDRAWAL,"교육비 출금","2025-03-07T13:26:37.160Z",
2433,110456789001,7485,PAYMENT,"온라인 쇼핑","2025-03-08T00:32:10.160Z",
2434,941566778003,12100,WITHDRAWAL,"ATM 출금","2025-03-08T00:37:35.160Z",
2435,941566778003,12100,WITHDRAWAL,"의료비 출금","2025-03-08T01:19:21.160Z",
2436,941566778003,12100,WITHDRAWAL,"교육비 출금","2025-03-08T01:50:14.160Z",
2437,110456789001,6334,PAYMENT,"교통비 결제","2025-03-08T04:13:21.160Z",
2438,880334455004,3090133,DEPOSIT,"보너스 입금","2025-03-08T04:20:23.160Z",
2439,110456789001,67234,PAYMENT,"식비 결제","2025-03-08T04:26:22.160Z",
2440,941566778003,12100,WITHDRAWAL,"생활비 출금","2025-03-08T04:45:37.160Z",
2441,880334455004,973836,DEPOSIT,"월급 입금","2025-03-08T05:24:28.160Z",
2442,941566778003,12100,WITHDRAWAL,"교육비 출금","2025-03-08T05:39:53.160Z",
2443,110456789001,569939,TRANSFER,"적금 이체","2025-03-08T06:03:43.160Z",550987654321
2444,880334455004,3595242,DEPOSIT,"자금 이체","2025-03-08T06:24:05.160Z",
2445,110456789001,1108090,TRANSFER,"적금 이체","2025-03-08T07:39:47.160Z",660555444333
2446,941566778003,12100,WITHDRAWAL,"생활비 출금","2025-03-08T07:48:40.160Z",
2447,110456789001,368092,DEPOSIT,"부업 수입","2025-03-08T08:09:21.160Z",
2448,210123987002,850895,TRANSFER,"가족 송금","2025-03-08T09:14:46.160Z",660555444333
2449,941566778003,12100,WITHDRAWAL,"의료비 출금","2025-03-08T09:58:20.160Z",
2450,941566778003,12100,WITHDRAWAL,"경조사비","2025-03-08T10:06:17.160Z",
2451,110456789001,218041,TRANSFER,"월세 이체","2025-03-08T10:10:33.160Z",770123456789
2452,941566778003,12100,WITHDRAWAL,"생활비 출금","2025-03-08T11:07:45.160Z",
2453,880334455004,161770,DEPOSIT,"월급 입금","2025-03-08T11:25:49.160Z",
2454,110456789001,227564,PAYMENT,"보험료 납부","2025-03-08T11:39:09.160Z",
2455,110456789001,11099,PAYMENT,"온라인 쇼핑","2025-03-08T12:09:12.160Z",
2456,210123987002,317607,TRANSFER,"친구에게 송금","2025-03-08T12:16:43.160Z",550987654321
2457,880334455004,2942749,DEPOSIT,"배당금 입금","2025-03-08T13:34:47.160Z",
2458,880334455004,1402016,DEPOSIT,"배당금 입금","2025-03-09T01:08:24.160Z",
2459,110456789001,72637,PAYMENT,"통신요금 납부","2025-03-09T02:06:19.160Z",
2460,210123987002,455799,TRANSFER,"친구에게 송금","2025-03-09T02:26:45.160Z",550987654321
2461,880334455004,1010826,DEPOSIT,"배당금 입금","2025-03-09T03:20:58.160Z",
2462,941566778003,2695,PAYMENT,"온라인 쇼핑","2025-03-09T03:58:53.160Z",
2463,941566778003,7700,WITHDRAWAL,"ATM 출금","2025-03-09T04:22:35.160Z",
2464,110456789001,46048,TRANSFER,"월세 이체","2025-03-09T04:25:22.160Z",330111222333
2465,110456789001,55467,PAYMENT,"식비 결제","2025-03-09T06:00:29.160Z",
2466,210123987002,256614,TRANSFER,"대출이자 납부","2025-03-09T06:45:55.160Z",770123456789
2467,110456789001,468541,TRANSFER,"월세 이체","2025-03-09T07:08:25.160Z",770123456789
2468,880334455004,1395522,DEPOSIT,"부업 수입","2025-03-09T07:16:26.160Z",
2469,880334455004,343279,DEPOSIT,"자금 이체","2025-03-09T07:51:18.160Z",
2470,110456789001,138905,TRANSFER,"대출이자 납부","2025-03-09T08:03:41.160Z",660555444333
2471,880334455004,1107086,DEPOSIT,"배당금 입금","2025-03-09T08:56:12.160Z",
2472,880334455004,365984,DEPOSIT,"보너스 입금","2025-03-09T09:56:01.160Z",
2473,110456789001,60017,TRANSFER,"대출이자 납부","2025-03-09T10:22:19.160Z",660555444333
2474,210123987002,103587,WITHDRAWAL,"생활비 출금","2025-03-09T10:23:30.160Z",
2475,880334455004,1140649,DEPOSIT,"부업 수입","2025-03-09T10:42:29.160Z",
2476,941566778003,7700,WITHDRAWAL,"의료비 출금","2025-03-09T11:03:31.160Z",
2477,941566778003,7700,WITHDRAWAL,"생활비 출금","2025-03-09T12:52:13.160Z",
2478,110456789001,103994,WITHDRAWAL,"경조사비","2025-03-09T13:00:02.160Z",
2479,880334455004,1889593,DEPOSIT,"자금 이체","2025-03-09T13:03:36.160Z",
2480,110456789001,154442,TRANSFER,"월세 이체","2025-03-09T13:14:28.160Z",550987654321
2481,880334455004,781981,DEPOSIT,"자금 이체","2025-03-09T13:42:57.160Z",
2482,210123987002,51622,TRANSFER,"친구에게 송금","2025-03-09T13:48:32.160Z",550987654321
2483,880334455004,556348,DEPOSIT,"자금 이체","2025-03-10T00:39:28.160Z",
2484,110456789001,60276,TRANSFER,"대출이자 납부","2025-03-10T00:54:59.160Z",770123456789
2485,110456789001,9192,PAYMENT,"카드대금 결제","2025-03-10T01:44:15.160Z",
2486,210123987002,1019976,TRANSFER,"월세 이체","2025-03-10T01:44:26.160Z",330111222333
2487,110456789001,794337,TRANSFER,"대출이자 납부","2025-03-10T01:45:34.160Z",330111222333
2488,210123987002,2615596,DEPOSIT,"부업 수입","2025-03-10T02:13:36.160Z",
2489,941566778003,5500,PAYMENT,"카드대금 결제","2025-03-10T03:17:24.160Z",
2490,941566778003,11000,WITHDRAWAL,"교육비 출금","2025-03-10T03:50:45.160Z",
2491,110456789001,646153,TRANSFER,"적금 이체","2025-03-10T04:17:38.160Z",770123456789
2492,941566778003,11000,WITHDRAWAL,"생활비 출금","2025-03-10T06:10:48.160Z",
2493,880334455004,1483032,DEPOSIT,"보너스 입금","2025-03-10T07:07:58.160Z",
2494,880334455004,2182761,DEPOSIT,"보너스 입금","2025-03-10T07:41:57.160Z",
2495,941566778003,11000,WITHDRAWAL,"ATM 출금","2025-03-10T09:41:47.160Z",
2496,941566778003,11000,WITHDRAWAL,"경조사비","2025-03-10T10:10:12.160Z",
2497,210123987002,3215544,DEPOSIT,"자금 이체","2025-03-10T11:16:38.160Z",
2498,110456789001,289932,TRANSFER,"대출이자 납부","2025-03-10T11:26:06.160Z",550987654321
2499,110456789001,501722,WITHDRAWAL,"교육비 출금","2025-03-10T11:38:30.160Z",
2500,210123987002,354765,WITHDRAWAL,"경조사비","2025-03-10T12:44:52.160Z",
2501,880334455004,2493445,DEPOSIT,"부업 수입","2025-03-10T12:46:54.160Z",
2502,941566778003,5500,PAYMENT,"보험료 납부","2025-03-10T13:44:55.160Z",
2503,941566778003,5500,PAYMENT,"식비 결제","2025-03-11T00:05:14.160Z",
2504,880334455004,2206634,DEPOSIT,"부업 수입","2025-03-11T00:24:01.160Z",
2505,110456789001,363933,WITHDRAWAL,"경조사비","2025-03-11T01:33:03.160Z",
2506,880334455004,3272805,DEPOSIT,"월급 입금","2025-03-11T02:50:50.160Z",
2507,941566778003,5500,PAYMENT,"통신요금 납부","2025-03-11T03:00:37.160Z",
2508,941566778003,11000,WITHDRAWAL,"생활비 출금","2025-03-11T03:44:02.160Z",
2509,941566778003,5500,PAYMENT,"카드대금 결제","2025-03-11T04:31:34.160Z",
2510,110456789001,135203,PAYMENT,"온라인 쇼핑","2025-03-11T05:47:42.160Z",
2511,880334455004,2634455,DEPOSIT,"배당금 입금","2025-03-11T07:26:13.160Z",
2512,110456789001,1002620,TRANSFER,"가족 송금","2025-03-11T07:49:45.160Z",550987654321
2513,210123987002,287996,TRANSFER,"대출이자 납부","2025-03-11T09:16:11.160Z",660555444333
2514,110456789001,2844501,DEPOSIT,"보너스 입금","2025-03-11T09:53:56.160Z",
2515,210123987002,419081,DEPOSIT,"배당금 입금","2025-03-11T10:04:39.160Z",
2516,210123987002,2442713,DEPOSIT,"월급 입금","2025-03-11T10:20:16.160Z",
2517,880334455004,790857,DEPOSIT,"배당금 입금","2025-03-11T11:31:15.160Z",
2518,880334455004,3150089,DEPOSIT,"월급 입금","2025-03-11T11:42:23.160Z",
2519,110456789001,1008724,TRANSFER,"대출이자 납부","2025-03-11T12:23:19.160Z",550987654321
2520,210123987002,113061,WITHDRAWAL,"ATM 출금","2025-03-11T12:59:22.160Z",
2521,110456789001,196940,WITHDRAWAL,"생활비 출금","2025-03-11T13:16:59.160Z",
2522,880334455004,1887681,DEPOSIT,"자금 이체","2025-03-11T13:44:22.160Z",
2523,880334455004,184323,DEPOSIT,"배당금 입금","2025-03-12T00:11:49.160Z",
2524,880334455004,1998161,DEPOSIT,"부업 수입","2025-03-12T00:16:42.160Z",
2525,210123987002,1355656,DEPOSIT,"자금 이체","2025-03-12T00:59:54.160Z",
2526,880334455004,1911531,DEPOSIT,"월급 입금","2025-03-12T01:12:25.160Z",
2527,110456789001,1181790,TRANSFER,"가족 송금","2025-03-12T02:19:44.160Z",770123456789
2528,210123987002,499909,WITHDRAWAL,"경조사비","2025-03-12T03:01:10.160Z",
2529,880334455004,2436856,DEPOSIT,"보너스 입금","2025-03-12T03:26:57.160Z",
2530,941566778003,6050,PAYMENT,"카드대금 결제","2025-03-12T03:52:08.160Z",
2531,210123987002,458994,WITHDRAWAL,"경조사비","2025-03-12T05:01:45.160Z",
2532,880334455004,1429707,DEPOSIT,"자금 이체","2025-03-12T05:02:38.160Z",
2533,210123987002,233492,WITHDRAWAL,"ATM 출금","2025-03-12T07:36:30.160Z",
2534,880334455004,2468696,DEPOSIT,"월급 입금","2025-03-12T08:16:26.160Z",
2535,110456789001,1972660,DEPOSIT,"부업 수입","2025-03-12T08:18:13.160Z",
2536,110456789001,2899988,DEPOSIT,"월급 입금","2025-03-12T08:36:57.160Z",
2537,110456789001,258396,TRANSFER,"월세 이체","2025-03-12T09:22:11.160Z",550987654321
2538,941566778003,6050,PAYMENT,"카드대금 결제","2025-03-12T09:59:59.160Z",
2539,941566778003,12100,WITHDRAWAL,"교육비 출금","2025-03-12T10:12:39.160Z",
2540,110456789001,136960,PAYMENT,"공과금 납부","2025-03-12T11:27:46.160Z",
2541,880334455004,1511209,DEPOSIT,"월급 입금","2025-03-12T11:30:26.160Z",
2542,110456789001,32298,PAYMENT,"온라인 쇼핑","2025-03-12T11:52:59.160Z",
2543,941566778003,12100,WITHDRAWAL,"교육비 출금","2025-03-12T12:05:44.160Z",
2544,941566778003,12100,WITHDRAWAL,"의료비 출금","2025-03-12T12:15:13.160Z",
2545,880334455004,2728239,DEPOSIT,"자금 이체","2025-03-12T12:43:41.160Z",
2546,110456789001,370787,WITHDRAWAL,"경조사비","2025-03-12T13:20:23.160Z",
2547,210123987002,485870,WITHDRAWAL,"의료비 출금","2025-03-12T13:24:34.160Z",
2548,880334455004,1281599,DEPOSIT,"월급 입금","2025-03-12T13:28:56.160Z",
2549,941566778003,6600,PAYMENT,"식비 결제","2025-03-13T00:01:07.160Z",
2550,880334455004,3644290,DEPOSIT,"보너스 입금","2025-03-13T00:14:15.160Z",
2551,210123987002,3732186,DEPOSIT,"배당금 입금","2025-03-13T01:21:34.160Z",
2552,941566778003,13200,WITHDRAWAL,"생활비 출금","2025-03-13T03:32:46.160Z",
2553,880334455004,3931790,DEPOSIT,"월급 입금","2025-03-13T05:29:20.160Z",
2554,210123987002,348387,DEPOSIT,"보너스 입금","2025-03-13T05:42:49.160Z",
2555,210123987002,2782315,DEPOSIT,"자금 이체","2025-03-13T06:50:15.160Z",
2556,880334455004,3462771,DEPOSIT,"자금 이체","2025-03-13T07:12:03.160Z",
2557,210123987002,1721083,DEPOSIT,"부업 수입","2025-03-13T07:17:35.160Z",
2558,880334455004,3272688,DEPOSIT,"보너스 입금","2025-03-13T07:25:43.160Z",
2559,110456789001,164532,WITHDRAWAL,"생활비 출금","2025-03-13T08:23:01.160Z",
2560,110456789001,113251,TRANSFER,"월세 이체","2025-03-13T08:34:37.160Z",550987654321
2561,110456789001,247996,WITHDRAWAL,"생활비 출금","2025-03-13T09:47:02.160Z",
2562,880334455004,3476661,DEPOSIT,"부업 수입","2025-03-13T10:50:13.160Z",
2563,210123987002,1019498,TRANSFER,"대출이자 납부","2025-03-13T11:42:39.160Z",550987654321
2564,110456789001,413766,WITHDRAWAL,"교육비 출금","2025-03-13T12:35:27.160Z",
2565,880334455004,3620379,DEPOSIT,"보너스 입금","2025-03-13T13:26:48.160Z",
2566,110456789001,666771,TRANSFER,"적금 이체","2025-03-13T13:33:22.160Z",330111222333
2567,880334455004,138787,DEPOSIT,"배당금 입금","2025-03-14T00:52:34.160Z",
2568,941566778003,14300,WITHDRAWAL,"ATM 출금","2025-03-14T00:57:56.160Z",
2569,210123987002,3917370,DEPOSIT,"자금 이체","2025-03-14T02:02:11.160Z",
2570,110456789001,223865,PAYMENT,"카드대금 결제","2025-03-14T04:52:14.160Z",
2571,210123987002,1174630,TRANSFER,"대출이자 납부","2025-03-14T07:00:32.160Z",660555444333
2572,880334455004,154718,DEPOSIT,"자금 이체","2025-03-14T08:05:19.160Z",
2573,110456789001,4211519,DEPOSIT,"배당금 입금","2025-03-14T08:46:31.160Z",
2574,941566778003,7150,PAYMENT,"식비 결제","2025-03-14T10:50:17.160Z",
2575,210123987002,2143392,DEPOSIT,"보너스 입금","2025-03-14T11:17:42.160Z",
2576,210123987002,129797,TRANSFER,"대출이자 납부","2025-03-14T12:09:20.160Z",550987654321
2577,880334455004,2022546,DEPOSIT,"부업 수입","2025-03-14T12:22:23.160Z",
2578,880334455004,3183924,DEPOSIT,"보너스 입금","2025-03-14T12:57:56.160Z",
2579,941566778003,7150,PAYMENT,"온라인 쇼핑","2025-03-14T13:05:43.160Z",
2580,210123987002,461132,TRANSFER,"친구에게 송금","2025-03-14T13:20:50.160Z",330111222333
2581,210123987002,488749,TRANSFER,"대출이자 납부","2025-03-14T13:43:17.160Z",330111222333
2582,110456789001,1158202,TRANSFER,"월세 이체","2025-03-15T00:39:27.160Z",660555444333
2583,110456789001,170608,PAYMENT,"보험료 납부","2025-03-15T00:55:54.160Z",
2584,210123987002,376392,WITHDRAWAL,"경조사비","2025-03-15T01:42:40.160Z",
2585,210123987002,2492540,DEPOSIT,"월급 입금","2025-03-15T01:54:21.160Z",
2586,880334455004,3391106,DEPOSIT,"자금 이체","2025-03-15T04:01:25.160Z",
2587,110456789001,861898,DEPOSIT,"부업 수입","2025-03-15T04:18:22.160Z",
2588,210123987002,107070,WITHDRAWAL,"교육비 출금","2025-03-15T04:56:19.160Z",
2589,941566778003,12100,WITHDRAWAL,"경조사비","2025-03-15T05:00:37.160Z",
2590,941566778003,4235,PAYMENT,"교통비 결제","2025-03-15T05:40:49.160Z",
2591,880334455004,1010378,DEPOSIT,"배당금 입금","2025-03-15T07:30:25.160Z",
2592,210123987002,360465,TRANSFER,"대출이자 납부","2025-03-15T07:40:32.160Z",330111222333
2593,210123987002,961892,TRANSFER,"적금 이체","2025-03-15T09:07:50.160Z",330111222333
2594,110456789001,171243,WITHDRAWAL,"교육비 출금","2025-03-15T09:28:11.160Z",
2595,880334455004,3589972,DEPOSIT,"배당금 입금","2025-03-15T09:28:51.160Z",
2596,210123987002,551513,WITHDRAWAL,"ATM 출금","2025-03-15T09:53:38.160Z",
2597,210123987002,2675591,DEPOSIT,"월급 입금","2025-03-15T10:04:59.160Z",
2598,210123987002,44212,WITHDRAWAL,"ATM 출금","2025-03-15T10:51:00.160Z",
2599,110456789001,2301140,DEPOSIT,"월급 입금","2025-03-15T10:51:32.160Z",
2600,210123987002,1531392,DEPOSIT,"자금 이체","2025-03-15T10:55:02.160Z",
2601,880334455004,3603585,DEPOSIT,"부업 수입","2025-03-15T11:01:14.160Z",
2602,110456789001,310555,WITHDRAWAL,"생활비 출금","2025-03-15T11:13:09.160Z",
2603,110456789001,236360,PAYMENT,"교통비 결제","2025-03-15T11:22:54.160Z",
2604,941566778003,4235,PAYMENT,"보험료 납부","2025-03-15T12:23:40.160Z",
2605,210123987002,157751,WITHDRAWAL,"생활비 출금","2025-03-15T12:24:41.160Z",
2606,880334455004,2323596,DEPOSIT,"배당금 입금","2025-03-15T12:39:53.160Z",
2607,210123987002,567582,DEPOSIT,"부업 수입","2025-03-15T12:43:14.160Z",
2608,210123987002,457783,WITHDRAWAL,"경조사비","2025-03-15T12:51:32.160Z",
2609,210123987002,395864,WITHDRAWAL,"의료비 출금","2025-03-15T13:29:14.160Z",
2610,941566778003,12100,WITHDRAWAL,"교육비 출금","2025-03-15T13:36:54.160Z",
2611,110456789001,485405,DEPOSIT,"보너스 입금","2025-03-16T00:30:43.160Z",
2612,110456789001,540729,TRANSFER,"친구에게 송금","2025-03-16T02:23:24.160Z",660555444333
2613,880334455004,1699795,DEPOSIT,"월급 입금","2025-03-16T02:30:40.160Z",
2614,110456789001,232572,TRANSFER,"가족 송금","2025-03-16T03:21:07.160Z",770123456789
2615,880334455004,818896,DEPOSIT,"자금 이체","2025-03-16T04:01:16.160Z",
2616,880334455004,655008,DEPOSIT,"월급 입금","2025-03-16T04:14:13.160Z",
2617,941566778003,2695,PAYMENT,"식비 결제","2025-03-16T05:20:26.160Z",
2618,210123987002,892201,DEPOSIT,"부업 수입","2025-03-16T05:31:01.160Z",
2619,880334455004,1878928,DEPOSIT,"자금 이체","2025-03-16T06:35:00.160Z",
2620,210123987002,142395,WITHDRAWAL,"교육비 출금","2025-03-16T09:54:57.160Z",
2621,941566778003,2695,PAYMENT,"온라인 쇼핑","2025-03-16T10:18:31.160Z",
2622,941566778003,2695,PAYMENT,"보험료 납부","2025-03-16T10:31:13.160Z",
2623,880334455004,42477,DEPOSIT,"월급 입금","2025-03-16T10:43:34.160Z",
2624,210123987002,120918,TRANSFER,"친구에게 송금","2025-03-16T10:54:10.160Z",330111222333
2625,110456789001,57809,PAYMENT,"교통비 결제","2025-03-16T10:55:28.160Z",
2626,941566778003,2695,PAYMENT,"카드대금 결제","2025-03-16T11:14:29.160Z",
2627,210123987002,118260,TRANSFER,"친구에게 송금","2025-03-16T13:32:44.160Z",770123456789
2628,941566778003,2695,PAYMENT,"카드대금 결제","2025-03-16T13:42:19.160Z",
2629,880334455004,634321,DEPOSIT,"보너스 입금","2025-03-17T01:24:49.160Z",
2630,941566778003,11000,WITHDRAWAL,"의료비 출금","2025-03-17T02:15:37.160Z",
2631,210123987002,2994009,DEPOSIT,"배당금 입금","2025-03-17T03:29:09.160Z",
2632,210123987002,218257,WITHDRAWAL,"생활비 출금","2025-03-17T04:52:18.160Z",
2633,880334455004,2066615,DEPOSIT,"자금 이체","2025-03-17T05:03:49.160Z",
2634,110456789001,2437574,DEPOSIT,"월급 입금","2025-03-17T05:10:28.160Z",
2635,941566778003,11000,WITHDRAWAL,"ATM 출금","2025-03-17T05:25:51.160Z",
2636,110456789001,1663586,DEPOSIT,"보너스 입금","2025-03-17T05:39:01.160Z",
2637,210123987002,342992,TRANSFER,"대출이자 납부","2025-03-17T05:46:17.160Z",660555444333
2638,941566778003,5500,PAYMENT,"카드대금 결제","2025-03-17T06:22:43.160Z",
2639,941566778003,11000,WITHDRAWAL,"교육비 출금","2025-03-17T07:40:18.160Z",
2640,880334455004,3201358,DEPOSIT,"부업 수입","2025-03-17T07:45:22.160Z",
2641,110456789001,3155774,DEPOSIT,"부업 수입","2025-03-17T09:07:16.160Z",
2642,880334455004,1821568,DEPOSIT,"부업 수입","2025-03-17T09:07:55.160Z",
2643,110456789001,237151,PAYMENT,"교통비 결제","2025-03-17T09:20:13.160Z",
2644,941566778003,5500,PAYMENT,"카드대금 결제","2025-03-17T09:31:58.160Z",
2645,110456789001,194300,PAYMENT,"식비 결제","2025-03-17T10:53:36.160Z",
2646,210123987002,463901,DEPOSIT,"부업 수입","2025-03-17T12:31:10.160Z",
2647,880334455004,571451,DEPOSIT,"배당금 입금","2025-03-17T13:02:13.160Z",
2648,880334455004,2020636,DEPOSIT,"자금 이체","2025-03-18T01:02:57.160Z",
2649,110456789001,273099,WITHDRAWAL,"의료비 출금","2025-03-18T01:20:16.160Z",
2650,210123987002,849586,TRANSFER,"적금 이체","2025-03-18T01:37:49.160Z",770123456789
2651,110456789001,348490,WITHDRAWAL,"교육비 출금","2025-03-18T03:43:42.160Z",
2652,210123987002,712997,TRANSFER,"친구에게 송금","2025-03-18T04:29:03.160Z",330111222333
2653,880334455004,1336769,DEPOSIT,"보너스 입금","2025-03-18T05:23:05.160Z",
2654,110456789001,289690,PAYMENT,"온라인 쇼핑","2025-03-18T08:02:07.160Z",
2655,880334455004,2744089,DEPOSIT,"자금 이체","2025-03-18T08:33:24.160Z",
2656,210123987002,387661,WITHDRAWAL,"ATM 출금","2025-03-18T09:20:32.160Z",
2657,110456789001,544515,WITHDRAWAL,"생활비 출금","2025-03-18T10:22:16.160Z",
2658,210123987002,524477,WITHDRAWAL,"생활비 출금","2025-03-18T10:42:34.160Z",
2659,880334455004,1650429,DEPOSIT,"자금 이체","2025-03-18T11:58:46.160Z",
2660,110456789001,430720,WITHDRAWAL,"의료비 출금","2025-03-18T12:03:42.160Z",
2661,941566778003,11000,WITHDRAWAL,"교육비 출금","2025-03-18T12:05:42.160Z",
2662,880334455004,3111831,DEPOSIT,"배당금 입금","2025-03-18T12:22:27.160Z",
2663,110456789001,649245,TRANSFER,"적금 이체","2025-03-18T12:37:37.160Z",770123456789
2664,941566778003,11000,WITHDRAWAL,"경조사비","2025-03-18T13:36:25.160Z",
2665,880334455004,1542487,DEPOSIT,"월급 입금","2025-03-18T13:45:58.160Z",
2666,210123987002,2678064,DEPOSIT,"자금 이체","2025-03-18T13:48:51.160Z",
2667,110456789001,594922,WITHDRAWAL,"ATM 출금","2025-03-19T00:31:04.160Z",
2668,110456789001,94968,TRANSFER,"월세 이체","2025-03-19T01:05:18.160Z",550987654321
2669,880334455004,1082809,DEPOSIT,"부업 수입","2025-03-19T01:08:10.160Z",
2670,110456789001,493586,WITHDRAWAL,"의료비 출금","2025-03-19T01:50:41.160Z",
2671,880334455004,2317001,DEPOSIT,"월급 입금","2025-03-19T02:30:29.160Z",
2672,210123987002,3442524,DEPOSIT,"부업 수입","2025-03-19T03:02:02.160Z",
2673,210123987002,349299,WITHDRAWAL,"경조사비","2025-03-19T04:03:52.160Z",
2674,210123987002,12742,WITHDRAWAL,"ATM 출금","2025-03-19T05:13:59.160Z",
2675,880334455004,2150993,DEPOSIT,"보너스 입금","2025-03-19T05:39:43.160Z",
2676,210123987002,44431,WITHDRAWAL,"경조사비","2025-03-19T05:40:16.160Z",
2677,110456789001,224869,WITHDRAWAL,"교육비 출금","2025-03-19T06:29:12.160Z",
2678,210123987002,135358,WITHDRAWAL,"의료비 출금","2025-03-19T07:16:32.160Z",
2679,880334455004,862724,DEPOSIT,"배당금 입금","2025-03-19T07:31:03.160Z",
2680,110456789001,233281,PAYMENT,"통신요금 납부","2025-03-19T07:44:48.160Z",
2681,941566778003,6050,PAYMENT,"교통비 결제","2025-03-19T08:30:45.160Z",
2682,110456789001,122028,PAYMENT,"보험료 납부","2025-03-19T08:39:07.160Z",
2683,880334455004,2141810,DEPOSIT,"자금 이체","2025-03-19T09:22:20.160Z",
2684,210123987002,412741,WITHDRAWAL,"교육비 출금","2025-03-19T10:01:26.160Z",
2685,110456789001,308616,PAYMENT,"카드대금 결제","2025-03-19T10:19:12.160Z",
2686,880334455004,1743416,DEPOSIT,"자금 이체","2025-03-19T10:26:29.160Z",
2687,110456789001,262354,PAYMENT,"보험료 납부","2025-03-19T11:24:15.160Z",
2688,210123987002,1893264,DEPOSIT,"보너스 입금","2025-03-19T12:46:59.160Z",
2689,941566778003,12100,WITHDRAWAL,"교육비 출금","2025-03-19T13:26:01.160Z",
2690,941566778003,12100,WITHDRAWAL,"경조사비","2025-03-19T13:44:05.160Z",
2691,110456789001,296702,PAYMENT,"교통비 결제","2025-03-20T00:36:35.160Z",
2692,880334455004,2084792,DEPOSIT,"자금 이체","2025-03-20T00:55:29.160Z",
2693,210123987002,425314,TRANSFER,"적금 이체","2025-03-20T01:24:37.160Z",660555444333
2694,941566778003,6600,PAYMENT,"식비 결제","2025-03-20T02:10:16.160Z",
2695,110456789001,207391,TRANSFER,"적금 이체","2025-03-20T03:12:22.160Z",770123456789
2696,210123987002,639293,WITHDRAWAL,"교육비 출금","2025-03-20T05:25:23.160Z",
2697,210123987002,3142377,DEPOSIT,"월급 입금","2025-03-20T08:10:08.160Z",
2698,210123987002,289946,WITHDRAWAL,"의료비 출금","2025-03-20T08:34:15.160Z",
2699,941566778003,6600,PAYMENT,"식비 결제","2025-03-20T09:21:46.160Z",
2700,941566778003,13200,WITHDRAWAL,"경조사비","2025-03-20T09:51:46.160Z",
2701,880334455004,1931267,DEPOSIT,"월급 입금","2025-03-20T10:11:53.160Z",
2702,880334455004,100938,DEPOSIT,"배당금 입금","2025-03-20T10:39:09.160Z",
2703,210123987002,570772,TRANSFER,"적금 이체","2025-03-20T10:54:30.160Z",770123456789
2704,210123987002,3714245,DEPOSIT,"월급 입금","2025-03-20T11:36:44.160Z",
2705,110456789001,1450917,DEPOSIT,"부업 수입","2025-03-20T12:24:32.160Z",
2706,110456789001,3910390,DEPOSIT,"보너스 입금","2025-03-20T12:57:31.160Z",
2707,210123987002,471506,WITHDRAWAL,"ATM 출금","2025-03-20T13:20:06.160Z",
2708,210123987002,591985,TRANSFER,"친구에게 송금","2025-03-20T13:29:01.160Z",330111222333
2709,941566778003,6600,PAYMENT,"공과금 납부","2025-03-20T13:36:12.160Z",
2710,880334455004,3859937,DEPOSIT,"배당금 입금","2025-03-20T13:37:33.160Z",
2711,110456789001,3066502,DEPOSIT,"자금 이체","2025-03-20T13:49:42.160Z",
2712,941566778003,13200,WITHDRAWAL,"교육비 출금","2025-03-20T13:51:24.160Z",
2713,880334455004,3626042,DEPOSIT,"자금 이체","2025-03-20T13:52:34.160Z",
2714,210123987002,529503,WITHDRAWAL,"ATM 출금","2025-03-21T00:49:35.160Z",
2715,110456789001,1419499,TRANSFER,"월세 이체","2025-03-21T02:04:43.160Z",770123456789
2716,880334455004,118741,DEPOSIT,"배당금 입금","2025-03-21T03:10:34.160Z",
2717,210123987002,309333,TRANSFER,"적금 이체","2025-03-21T03:24:15.160Z",550987654321
2718,941566778003,7150,PAYMENT,"보험료 납부","2025-03-21T07:28:23.160Z",
2719,941566778003,7150,PAYMENT,"식비 결제","2025-03-21T09:14:20.160Z",
2720,210123987002,1876806,DEPOSIT,"월급 입금","2025-03-21T09:35:21.160Z",
2721,110456789001,1325929,TRANSFER,"친구에게 송금","2025-03-21T11:27:29.160Z",330111222333
2722,941566778003,14300,WITHDRAWAL,"교육비 출금","2025-03-21T11:32:30.160Z",
2723,210123987002,1376132,TRANSFER,"친구에게 송금","2025-03-21T12:24:23.160Z",660555444333
2724,880334455004,1254209,DEPOSIT,"자금 이체","2025-03-22T00:28:37.160Z",
2725,110456789001,78704,PAYMENT,"카드대금 결제","2025-03-22T00:29:37.160Z",
2726,880334455004,3377240,DEPOSIT,"자금 이체","2025-03-22T01:02:32.160Z",
2727,941566778003,12100,WITHDRAWAL,"생활비 출금","2025-03-22T02:16:03.160Z",
2728,941566778003,4235,PAYMENT,"교통비 결제","2025-03-22T03:09:57.160Z",
2729,880334455004,1758995,DEPOSIT,"보너스 입금","2025-03-22T04:52:45.160Z",
2730,941566778003,4235,PAYMENT,"통신요금 납부","2025-03-22T06:24:24.160Z",
2731,880334455004,3091623,DEPOSIT,"배당금 입금","2025-03-22T06:38:06.160Z",
2732,880334455004,1145102,DEPOSIT,"보너스 입금","2025-03-22T06:45:29.160Z",
2733,880334455004,2635000,DEPOSIT,"배당금 입금","2025-03-22T07:44:17.160Z",
2734,941566778003,4235,PAYMENT,"교통비 결제","2025-03-22T07:49:33.160Z",
2735,110456789001,576031,WITHDRAWAL,"경조사비","2025-03-22T08:04:09.160Z",
2736,110456789001,919462,TRANSFER,"대출이자 납부","2025-03-22T08:15:52.160Z",770123456789
2737,941566778003,12100,WITHDRAWAL,"ATM 출금","2025-03-22T08:22:05.160Z",
2738,210123987002,531530,DEPOSIT,"월급 입금","2025-03-22T09:10:45.160Z",
2739,941566778003,4235,PAYMENT,"공과금 납부","2025-03-22T09:40:21.160Z",
2740,110456789001,3527239,DEPOSIT,"월급 입금","2025-03-22T10:15:15.160Z",
2741,110456789001,1434270,DEPOSIT,"배당금 입금","2025-03-22T10:30:41.160Z",
2742,880334455004,365772,DEPOSIT,"자금 이체","2025-03-22T10:55:18.160Z",
2743,110456789001,1779329,DEPOSIT,"배당금 입금","2025-03-22T11:49:43.160Z",
2744,941566778003,12100,WITHDRAWAL,"교육비 출금","2025-03-22T12:02:58.160Z",
2745,880334455004,1862811,DEPOSIT,"보너스 입금","2025-03-22T12:37:13.160Z",
2746,110456789001,262772,WITHDRAWAL,"교육비 출금","2025-03-22T12:38:12.160Z",
2747,110456789001,76504,PAYMENT,"식비 결제","2025-03-22T13:04:35.160Z",
2748,110456789001,524499,TRANSFER,"가족 송금","2025-03-22T13:33:56.160Z",660555444333
2749,880334455004,744211,DEPOSIT,"배당금 입금","2025-03-23T00:43:29.160Z",
2750,941566778003,7700,WITHDRAWAL,"생활비 출금","2025-03-23T01:50:47.160Z",
2751,880334455004,1037452,DEPOSIT,"자금 이체","2025-03-23T02:43:53.160Z",
2752,880334455004,2242483,DEPOSIT,"자금 이체","2025-03-23T03:09:25.160Z",
2753,880334455004,2017869,DEPOSIT,"월급 입금","2025-03-23T03:48:01.160Z",
2754,880334455004,220881,DEPOSIT,"월급 입금","2025-03-23T04:15:41.160Z",
2755,880334455004,1651148,DEPOSIT,"부업 수입","2025-03-23T06:28:50.160Z",
2756,941566778003,7700,WITHDRAWAL,"경조사비","2025-03-23T06:39:51.160Z",
2757,210123987002,291513,WITHDRAWAL,"교육비 출금","2025-03-23T06:57:00.160Z",
2758,210123987002,46525,WITHDRAWAL,"경조사비","2025-03-23T07:27:51.160Z",
2759,110456789001,593503,TRANSFER,"대출이자 납부","2025-03-23T08:20:41.160Z",330111222333
2760,210123987002,1889383,DEPOSIT,"부업 수입","2025-03-23T09:28:20.160Z",
2761,110456789001,243684,WITHDRAWAL,"의료비 출금","2025-03-23T11:28:51.160Z",
2762,110456789001,221939,TRANSFER,"적금 이체","2025-03-23T12:13:06.160Z",770123456789
2763,110456789001,439680,TRANSFER,"월세 이체","2025-03-24T00:32:07.160Z",330111222333
2764,110456789001,273468,PAYMENT,"통신요금 납부","2025-03-24T01:25:04.160Z",
2765,880334455004,2069620,DEPOSIT,"보너스 입금","2025-03-24T01:49:09.160Z",
2766,941566778003,11000,WITHDRAWAL,"경조사비","2025-03-24T02:02:08.160Z",
2767,880334455004,353111,DEPOSIT,"자금 이체","2025-03-24T03:58:05.160Z",
2768,941566778003,5500,PAYMENT,"온라인 쇼핑","2025-03-24T04:24:16.160Z",
2769,941566778003,5500,PAYMENT,"공과금 납부","2025-03-24T05:31:25.160Z",
2770,210123987002,1618357,DEPOSIT,"자금 이체","2025-03-24T06:13:18.160Z",
2771,941566778003,11000,WITHDRAWAL,"교육비 출금","2025-03-24T06:23:20.160Z",
2772,880334455004,3211993,DEPOSIT,"자금 이체","2025-03-24T07:15:10.160Z",
2773,110456789001,448536,TRANSFER,"가족 송금","2025-03-24T07:25:09.160Z",550987654321
2774,210123987002,478408,TRANSFER,"적금 이체","2025-03-24T08:37:41.160Z",660555444333
2775,210123987002,2101300,DEPOSIT,"보너스 입금","2025-03-24T09:07:27.160Z",
2776,210123987002,490084,WITHDRAWAL,"경조사비","2025-03-24T09:14:27.160Z",
2777,941566778003,11000,WITHDRAWAL,"ATM 출금","2025-03-24T12:08:45.160Z",
2778,941566778003,11000,WITHDRAWAL,"의료비 출금","2025-03-24T12:31:01.160Z",
2779,941566778003,5500,PAYMENT,"통신요금 납부","2025-03-24T12:38:36.160Z",
2780,880334455004,116862,DEPOSIT,"자금 이체","2025-03-24T13:14:41.160Z",
2781,941566778003,5500,PAYMENT,"식비 결제","2025-03-24T13:16:05.160Z",
2782,110456789001,206757,PAYMENT,"통신요금 납부","2025-03-24T13:29:14.160Z",
2783,110456789001,904194,DEPOSIT,"자금 이체","2025-03-24T13:53:15.160Z",
2784,880334455004,3100008,DEPOSIT,"보너스 입금","2025-03-25T01:03:37.160Z",
2785,880334455004,2181402,DEPOSIT,"보너스 입금","2025-03-25T01:51:47.160Z",
2786,210123987002,436622,TRANSFER,"가족 송금","2025-03-25T02:19:24.160Z",550987654321
2787,110456789001,320320,TRANSFER,"월세 이체","2025-03-25T03:07:43.160Z",550987654321
2788,110456789001,820951,TRANSFER,"친구에게 송금","2025-03-25T04:11:48.160Z",660555444333
2789,880334455004,674337,DEPOSIT,"보너스 입금","2025-03-25T04:20:08.160Z",
2790,941566778003,11000,WITHDRAWAL,"경조사비","2025-03-25T04:40:24.160Z",
2791,941566778003,11000,WITHDRAWAL,"ATM 출금","2025-03-25T05:00:52.160Z",
2792,880334455004,1040755,DEPOSIT,"자금 이체","2025-03-25T05:12:31.160Z",
2793,941566778003,5500,PAYMENT,"통신요금 납부","2025-03-25T06:29:52.160Z",
2794,110456789001,785855,DEPOSIT,"배당금 입금","2025-03-25T07:32:09.160Z",
2795,110456789001,245977,PAYMENT,"식비 결제","2025-03-25T07:57:59.160Z",
2796,210123987002,2448917,DEPOSIT,"월급 입금","2025-03-25T08:03:33.160Z",
2797,880334455004,118637,DEPOSIT,"월급 입금","2025-03-25T08:38:21.160Z",
2798,880334455004,2433332,DEPOSIT,"월급 입금","2025-03-25T09:54:27.160Z",
2799,110456789001,328596,WITHDRAWAL,"생활비 출금","2025-03-25T09:57:01.160Z",
2800,110456789001,343863,WITHDRAWAL,"경조사비","2025-03-25T09:58:44.160Z",
2801,880334455004,973371,DEPOSIT,"월급 입금","2025-03-25T11:04:43.160Z",
2802,941566778003,5500,PAYMENT,"공과금 납부","2025-03-25T11:08:39.160Z",
2803,941566778003,11000,WITHDRAWAL,"ATM 출금","2025-03-25T11:24:46.160Z",
2804,941566778003,11000,WITHDRAWAL,"생활비 출금","2025-03-25T11:45:13.160Z",
2805,941566778003,11000,WITHDRAWAL,"ATM 출금","2025-03-25T12:23:22.160Z",
2806,880334455004,1298163,DEPOSIT,"배당금 입금","2025-03-25T12:40:37.160Z",
2807,210123987002,1693146,DEPOSIT,"부업 수입","2025-03-25T12:59:59.160Z",
2808,210123987002,504505,TRANSFER,"월세 이체","2025-03-25T13:08:32.160Z",660555444333
2809,110456789001,104054,PAYMENT,"통신요금 납부","2025-03-25T13:54:32.160Z",
2810,110456789001,271620,DEPOSIT,"자금 이체","2025-03-26T00:45:51.160Z",
2811,210123987002,413008,TRANSFER,"친구에게 송금","2025-03-26T00:54:14.160Z",550987654321
2812,941566778003,6050,PAYMENT,"카드대금 결제","2025-03-26T01:47:24.160Z",
2813,880334455004,559174,DEPOSIT,"월급 입금","2025-03-26T02:36:04.160Z",
2814,880334455004,3486161,DEPOSIT,"자금 이체","2025-03-26T02:41:55.160Z",
2815,210123987002,233015,TRANSFER,"적금 이체","2025-03-26T03:18:27.160Z",660555444333
2816,941566778003,12100,WITHDRAWAL,"의료비 출금","2025-03-26T03:21:43.160Z",
2817,110456789001,407740,WITHDRAWAL,"교육비 출금","2025-03-26T03:59:02.160Z",
2818,880334455004,475296,DEPOSIT,"배당금 입금","2025-03-26T04:30:12.160Z",
2819,880334455004,1086735,DEPOSIT,"자금 이체","2025-03-26T04:47:11.160Z",
2820,110456789001,139663,WITHDRAWAL,"생활비 출금","2025-03-26T05:39:55.160Z",
2821,110456789001,342576,PAYMENT,"온라인 쇼핑","2025-03-26T08:21:56.160Z",
2822,210123987002,1102527,TRANSFER,"가족 송금","2025-03-26T08:49:35.160Z",330111222333
2823,210123987002,3368514,DEPOSIT,"월급 입금","2025-03-26T09:21:01.160Z",
2824,210123987002,445859,WITHDRAWAL,"의료비 출금","2025-03-26T10:38:10.160Z",
2825,941566778003,6050,PAYMENT,"카드대금 결제","2025-03-26T10:50:03.160Z",
2826,880334455004,69724,DEPOSIT,"보너스 입금","2025-03-26T11:47:43.160Z",
2827,880334455004,2658770,DEPOSIT,"자금 이체","2025-03-26T12:42:49.160Z",
2828,880334455004,3515046,DEPOSIT,"부업 수입","2025-03-26T12:58:44.160Z",
2829,110456789001,328886,DEPOSIT,"부업 수입","2025-03-26T13:52:35.160Z",
2830,210123987002,275461,WITHDRAWAL,"ATM 출금","2025-03-27T00:20:04.160Z",
2831,941566778003,6600,PAYMENT,"통신요금 납부","2025-03-27T01:34:38.160Z",
2832,210123987002,1162445,TRANSFER,"친구에게 송금","2025-03-27T01:38:54.160Z",660555444333
2833,941566778003,13200,WITHDRAWAL,"의료비 출금","2025-03-27T05:24:45.160Z",
2834,210123987002,351355,TRANSFER,"친구에게 송금","2025-03-27T07:46:40.160Z",550987654321
2835,880334455004,2448846,DEPOSIT,"자금 이체","2025-03-27T08:15:15.160Z",
2836,210123987002,498665,DEPOSIT,"부업 수입","2025-03-27T09:04:52.160Z",
2837,880334455004,617908,DEPOSIT,"보너스 입금","2025-03-27T11:08:54.160Z",
2838,210123987002,1982279,DEPOSIT,"월급 입금","2025-03-27T12:09:44.160Z",
2839,880334455004,4276379,DEPOSIT,"배당금 입금","2025-03-28T02:15:30.160Z",
2840,210123987002,65897,TRANSFER,"친구에게 송금","2025-03-28T02:30:06.160Z",330111222333
2841,110456789001,590884,TRANSFER,"친구에게 송금","2025-03-28T04:15:13.160Z",550987654321
2842,110456789001,471208,WITHDRAWAL,"ATM 출금","2025-03-28T06:05:54.160Z",
2843,880334455004,2284208,DEPOSIT,"배당금 입금","2025-03-28T07:37:37.160Z",
2844,941566778003,7150,PAYMENT,"카드대금 결제","2025-03-28T07:55:28.160Z",
2845,880334455004,400629,DEPOSIT,"보너스 입금","2025-03-28T08:03:47.160Z",
2846,110456789001,442960,WITHDRAWAL,"경조사비","2025-03-28T08:35:25.160Z",
2847,210123987002,46198,TRANSFER,"친구에게 송금","2025-03-28T08:44:37.160Z",330111222333
2848,880334455004,434298,DEPOSIT,"월급 입금","2025-03-28T08:45:49.160Z",
2849,941566778003,7150,PAYMENT,"보험료 납부","2025-03-28T08:54:32.160Z",
2850,210123987002,4230891,DEPOSIT,"배당금 입금","2025-03-28T09:10:10.160Z",
2851,941566778003,14300,WITHDRAWAL,"ATM 출금","2025-03-28T09:57:07.160Z",
2852,110456789001,96263,WITHDRAWAL,"경조사비","2025-03-28T10:38:32.160Z",
2853,941566778003,14300,WITHDRAWAL,"의료비 출금","2025-03-28T11:57:05.160Z",
2854,941566778003,14300,WITHDRAWAL,"경조사비","2025-03-28T13:07:11.160Z",
2855,880334455004,3342481,DEPOSIT,"배당금 입금","2025-03-28T13:45:07.160Z",
2856,880334455004,555548,DEPOSIT,"월급 입금","2025-03-29T00:50:40.160Z",
2857,941566778003,12100,WITHDRAWAL,"경조사비","2025-03-29T01:32:39.160Z",
2858,941566778003,12100,WITHDRAWAL,"교육비 출금","2025-03-29T02:26:15.160Z",
2859,110456789001,20065,PAYMENT,"교통비 결제","2025-03-29T02:59:18.160Z",
2860,941566778003,4235,PAYMENT,"통신요금 납부","2025-03-29T03:30:25.160Z",
2861,210123987002,203386,WITHDRAWAL,"교육비 출금","2025-03-29T03:55:35.160Z",
2862,880334455004,2327349,DEPOSIT,"부업 수입","2025-03-29T04:07:02.160Z",
2863,941566778003,4235,PAYMENT,"카드대금 결제","2025-03-29T05:13:48.160Z",
2864,880334455004,3025686,DEPOSIT,"부업 수입","2025-03-29T07:57:18.160Z",
2865,941566778003,12100,WITHDRAWAL,"의료비 출금","2025-03-29T08:22:34.160Z",
2866,941566778003,4235,PAYMENT,"통신요금 납부","2025-03-29T09:07:11.160Z",
2867,880334455004,915074,DEPOSIT,"배당금 입금","2025-03-29T11:16:10.160Z",
2868,880334455004,1040282,DEPOSIT,"부업 수입","2025-03-29T11:31:24.160Z",
2869,110456789001,1034906,DEPOSIT,"월급 입금","2025-03-29T11:40:22.160Z",
2870,210123987002,156500,WITHDRAWAL,"ATM 출금","2025-03-29T11:58:59.160Z",
2871,110456789001,367820,WITHDRAWAL,"ATM 출금","2025-03-29T12:29:18.160Z",
2872,210123987002,679370,TRANSFER,"대출이자 납부","2025-03-29T13:07:56.160Z",330111222333
2873,941566778003,4235,PAYMENT,"교통비 결제","2025-03-29T13:56:47.160Z",
2874,941566778003,7700,WITHDRAWAL,"경조사비","2025-03-30T00:09:34.160Z",
2875,941566778003,7700,WITHDRAWAL,"ATM 출금","2025-03-30T00:48:05.160Z",
2876,880334455004,646882,DEPOSIT,"보너스 입금","2025-03-30T01:44:48.160Z",
2877,110456789001,524619,TRANSFER,"가족 송금","2025-03-30T03:08:37.160Z",550987654321
2878,110456789001,264449,WITHDRAWAL,"의료비 출금","2025-03-30T03:11:37.160Z",
2879,880334455004,822062,DEPOSIT,"배당금 입금","2025-03-30T03:37:36.160Z",
2880,210123987002,358343,TRANSFER,"친구에게 송금","2025-03-30T05:09:30.160Z",770123456789
2881,941566778003,2695,PAYMENT,"식비 결제","2025-03-30T06:20:03.160Z",
2882,880334455004,1656114,DEPOSIT,"배당금 입금","2025-03-30T07:22:58.160Z",
2883,880334455004,703238,DEPOSIT,"자금 이체","2025-03-30T07:52:15.160Z",
2884,110456789001,114887,PAYMENT,"온라인 쇼핑","2025-03-30T08:19:29.160Z",
2885,941566778003,7700,WITHDRAWAL,"의료비 출금","2025-03-30T09:19:39.160Z",
2886,941566778003,7700,WITHDRAWAL,"ATM 출금","2025-03-30T09:21:59.160Z",
2887,880334455004,1601102,DEPOSIT,"보너스 입금","2025-03-30T10:26:28.160Z",
2888,110456789001,1050768,DEPOSIT,"배당금 입금","2025-03-30T11:42:15.160Z",
2889,941566778003,7700,WITHDRAWAL,"교육비 출금","2025-03-30T12:50:59.160Z",
2890,941566778003,2695,PAYMENT,"교통비 결제","2025-03-30T12:57:44.160Z",
2891,880334455004,423695,DEPOSIT,"자금 이체","2025-03-30T13:05:53.160Z",
2892,941566778003,5500,PAYMENT,"온라인 쇼핑","2025-03-31T00:01:35.160Z",
2893,210123987002,750542,TRANSFER,"친구에게 송금","2025-03-31T00:18:48.160Z",330111222333
2894,880334455004,691886,DEPOSIT,"자금 이체","2025-03-31T01:47:00.160Z",
2895,941566778003,11000,WITHDRAWAL,"ATM 출금","2025-03-31T02:13:06.160Z",
2896,210123987002,1427646,DEPOSIT,"보너스 입금","2025-03-31T04:18:52.160Z",
2897,880334455004,1569841,DEPOSIT,"배당금 입금","2025-03-31T04:39:50.160Z",
2898,941566778003,5500,PAYMENT,"온라인 쇼핑","2025-03-31T06:25:32.160Z",
2899,210123987002,750671,TRANSFER,"친구에게 송금","2025-03-31T06:34:07.160Z",330111222333
2900,110456789001,276213,PAYMENT,"온라인 쇼핑","2025-03-31T06:37:58.160Z",
2901,941566778003,11000,WITHDRAWAL,"경조사비","2025-03-31T07:24:12.160Z",
2902,941566778003,11000,WITHDRAWAL,"생활비 출금","2025-03-31T08:50:14.160Z",
2903,941566778003,11000,WITHDRAWAL,"생활비 출금","2025-03-31T11:11:31.160Z",
2904,210123987002,103236,TRANSFER,"대출이자 납부","2025-03-31T12:01:11.160Z",550987654321
2905,110456789001,296580,WITHDRAWAL,"ATM 출금","2025-03-31T12:05:54.160Z",
2906,880334455004,366625,DEPOSIT,"보너스 입금","2025-03-31T12:47:07.160Z",
2907,110456789001,2245547,DEPOSIT,"월급 입금","2025-03-31T13:15:30.160Z",
2908,210123987002,788490,TRANSFER,"월세 이체","2025-04-01T00:29:25.160Z",550987654321
2909,880334455004,1741456,DEPOSIT,"자금 이체","2025-04-01T01:36:54.160Z",
2910,210123987002,412168,WITHDRAWAL,"ATM 출금","2025-04-01T03:47:47.160Z",
2911,880334455004,1268911,DEPOSIT,"보너스 입금","2025-04-01T03:52:02.160Z",
2912,941566778003,11000,WITHDRAWAL,"생활비 출금","2025-04-01T04:22:07.160Z",
2913,110456789001,241207,PAYMENT,"공과금 납부","2025-04-01T04:30:32.160Z",
2914,110456789001,126962,WITHDRAWAL,"경조사비","2025-04-01T04:45:04.160Z",
2915,880334455004,823407,DEPOSIT,"자금 이체","2025-04-01T06:19:13.160Z",
2916,880334455004,2672138,DEPOSIT,"보너스 입금","2025-04-01T06:49:29.160Z",
2917,110456789001,209785,WITHDRAWAL,"경조사비","2025-04-01T06:59:45.160Z",
2918,210123987002,38443,TRANSFER,"친구에게 송금","2025-04-01T07:30:31.160Z",770123456789
2919,941566778003,5500,PAYMENT,"공과금 납부","2025-04-01T07:47:25.160Z",
2920,880334455004,1054343,DEPOSIT,"부업 수입","2025-04-01T08:54:21.160Z",
2921,210123987002,1160911,DEPOSIT,"월급 입금","2025-04-01T09:05:31.160Z",
2922,210123987002,3211011,DEPOSIT,"배당금 입금","2025-04-01T10:08:59.160Z",
2923,110456789001,495493,WITHDRAWAL,"의료비 출금","2025-04-01T11:01:41.160Z",
2924,941566778003,5500,PAYMENT,"통신요금 납부","2025-04-01T11:24:37.160Z",
2925,110456789001,1305076,DEPOSIT,"자금 이체","2025-04-01T12:09:29.160Z",
2926,880334455004,2781235,DEPOSIT,"보너스 입금","2025-04-01T12:16:42.160Z",
2927,880334455004,1233117,DEPOSIT,"배당금 입금","2025-04-01T12:43:17.160Z",
2928,110456789001,696208,DEPOSIT,"부업 수입","2025-04-01T13:38:03.160Z",
2929,880334455004,2770121,DEPOSIT,"보너스 입금","2025-04-02T00:29:46.160Z",
2930,880334455004,2183820,DEPOSIT,"보너스 입금","2025-04-02T01:08:36.160Z",
2931,210123987002,1823646,DEPOSIT,"보너스 입금","2025-04-02T01:14:56.160Z",
2932,880334455004,2380019,DEPOSIT,"자금 이체","2025-04-02T02:17:21.160Z",
2933,941566778003,12100,WITHDRAWAL,"생활비 출금","2025-04-02T02:26:14.160Z",
2934,941566778003,12100,WITHDRAWAL,"경조사비","2025-04-02T02:30:43.160Z",
2935,941566778003,6050,PAYMENT,"공과금 납부","2025-04-02T02:33:12.160Z",
2936,880334455004,737950,DEPOSIT,"월급 입금","2025-04-02T03:45:53.160Z",
2937,880334455004,2973948,DEPOSIT,"부업 수입","2025-04-02T04:21:21.160Z",
2938,110456789001,208646,PAYMENT,"카드대금 결제","2025-04-02T04:47:03.160Z",
2939,941566778003,6050,PAYMENT,"카드대금 결제","2025-04-02T06:39:56.160Z",
2940,880334455004,460496,DEPOSIT,"월급 입금","2025-04-02T07:13:41.160Z",
2941,880334455004,948775,DEPOSIT,"부업 수입","2025-04-02T07:32:06.160Z",
2942,941566778003,12100,WITHDRAWAL,"의료비 출금","2025-04-02T07:52:21.160Z",
2943,110456789001,150756,PAYMENT,"식비 결제","2025-04-02T08:50:54.160Z",
2944,941566778003,12100,WITHDRAWAL,"생활비 출금","2025-04-02T09:54:16.160Z",
2945,941566778003,6050,PAYMENT,"온라인 쇼핑","2025-04-02T10:13:37.160Z",
2946,941566778003,12100,WITHDRAWAL,"ATM 출금","2025-04-02T10:35:55.160Z",
2947,110456789001,92706,WITHDRAWAL,"의료비 출금","2025-04-02T11:57:40.160Z",
2948,941566778003,6050,PAYMENT,"교통비 결제","2025-04-02T12:20:30.160Z",
2949,110456789001,3171953,DEPOSIT,"배당금 입금","2025-04-02T12:45:11.160Z",
2950,880334455004,1976603,DEPOSIT,"보너스 입금","2025-04-02T13:22:56.160Z",
2951,210123987002,3129586,DEPOSIT,"월급 입금","2025-04-02T13:44:03.160Z",
2952,880334455004,391925,DEPOSIT,"보너스 입금","2025-04-03T00:10:37.160Z",
2953,110456789001,271264,DEPOSIT,"월급 입금","2025-04-03T00:50:12.160Z",
2954,210123987002,3537791,DEPOSIT,"부업 수입","2025-04-03T01:11:29.160Z",
2955,110456789001,383131,PAYMENT,"교통비 결제","2025-04-03T01:40:13.160Z",
2956,110456789001,383933,PAYMENT,"보험료 납부","2025-04-03T01:42:31.160Z",
2957,110456789001,260326,TRANSFER,"월세 이체","2025-04-03T03:25:09.160Z",770123456789
2958,110456789001,3602657,DEPOSIT,"배당금 입금","2025-04-03T04:52:14.160Z",
2959,110456789001,1120999,TRANSFER,"친구에게 송금","2025-04-03T05:04:23.160Z",770123456789
2960,941566778003,13200,WITHDRAWAL,"의료비 출금","2025-04-03T05:23:54.160Z",
2961,110456789001,647268,TRANSFER,"가족 송금","2025-04-03T05:46:38.160Z",770123456789
2962,210123987002,1246962,TRANSFER,"적금 이체","2025-04-03T05:52:31.160Z",660555444333
2963,941566778003,6600,PAYMENT,"온라인 쇼핑","2025-04-03T05:59:07.160Z",
2964,941566778003,6600,PAYMENT,"식비 결제","2025-04-03T06:07:32.160Z",
2965,880334455004,2728440,DEPOSIT,"월급 입금","2025-04-03T06:15:09.160Z",
2966,110456789001,467345,DEPOSIT,"월급 입금","2025-04-03T06:19:33.160Z",
2967,880334455004,3466854,DEPOSIT,"자금 이체","2025-04-03T06:28:10.160Z",
2968,110456789001,219389,WITHDRAWAL,"교육비 출금","2025-04-03T06:34:05.160Z",
2969,210123987002,339533,WITHDRAWAL,"교육비 출금","2025-04-03T06:40:58.160Z",
2970,941566778003,6600,PAYMENT,"카드대금 결제","2025-04-03T07:05:56.160Z",
2971,941566778003,13200,WITHDRAWAL,"ATM 출금","2025-04-03T07:07:03.160Z",
2972,941566778003,13200,WITHDRAWAL,"교육비 출금","2025-04-03T07:45:20.160Z",
2973,110456789001,616134,WITHDRAWAL,"생활비 출금","2025-04-03T07:53:07.160Z",
2974,880334455004,2767789,DEPOSIT,"보너스 입금","2025-04-03T08:39:17.160Z",
2975,110456789001,113954,TRANSFER,"친구에게 송금","2025-04-03T09:45:40.160Z",660555444333
2976,880334455004,3725096,DEPOSIT,"부업 수입","2025-04-03T12:00:33.160Z",
2977,210123987002,118345,WITHDRAWAL,"생활비 출금","2025-04-03T12:28:01.160Z",
2978,210123987002,3934235,DEPOSIT,"배당금 입금","2025-04-04T00:03:49.160Z",
2979,941566778003,7150,PAYMENT,"식비 결제","2025-04-04T01:42:06.160Z",
2980,880334455004,816841,DEPOSIT,"부업 수입","2025-04-04T03:40:19.160Z",
2981,110456789001,496933,WITHDRAWAL,"의료비 출금","2025-04-04T04:07:03.160Z",
2982,210123987002,850939,TRANSFER,"친구에게 송금","2025-04-04T05:37:11.160Z",770123456789
2983,880334455004,1337422,DEPOSIT,"배당금 입금","2025-04-04T05:38:09.160Z",
2984,941566778003,7150,PAYMENT,"통신요금 납부","2025-04-04T05:52:56.160Z",
2985,110456789001,502589,TRANSFER,"적금 이체","2025-04-04T06:11:42.160Z",330111222333
2986,110456789001,96473,WITHDRAWAL,"생활비 출금","2025-04-04T07:25:21.160Z",
2987,941566778003,7150,PAYMENT,"통신요금 납부","2025-04-04T08:05:11.160Z",
2988,110456789001,381419,PAYMENT,"공과금 납부","2025-04-04T08:15:04.160Z",
2989,941566778003,7150,PAYMENT,"교통비 결제","2025-04-04T09:11:56.160Z",
2990,880334455004,2266498,DEPOSIT,"보너스 입금","2025-04-04T09:36:42.160Z",
2991,210123987002,658775,TRANSFER,"적금 이체","2025-04-04T09:59:50.160Z",660555444333
2992,110456789001,43220,PAYMENT,"식비 결제","2025-04-04T11:16:04.160Z",
2993,941566778003,14300,WITHDRAWAL,"ATM 출금","2025-04-04T11:59:19.160Z",
2994,110456789001,444423,WITHDRAWAL,"ATM 출금","2025-04-04T12:14:36.160Z",
2995,941566778003,14300,WITHDRAWAL,"교육비 출금","2025-04-04T13:47:50.160Z",
2996,941566778003,7150,PAYMENT,"식비 결제","2025-04-04T13:54:50.160Z",
2997,880334455004,2576498,DEPOSIT,"배당금 입금","2025-04-05T01:06:51.160Z",
2998,110456789001,174739,PAYMENT,"식비 결제","2025-04-05T01:33:42.160Z",
2999,210123987002,140555,TRANSFER,"월세 이체","2025-04-05T02:17:37.160Z",770123456789
3000,941566778003,12100,WITHDRAWAL,"교육비 출금","2025-04-05T02:23:40.160Z",
3001,210123987002,2428488,DEPOSIT,"부업 수입","2025-04-05T02:51:09.160Z",
3002,110456789001,228003,PAYMENT,"카드대금 결제","2025-04-05T02:57:36.160Z",
3003,110456789001,169940,WITHDRAWAL,"의료비 출금","2025-04-05T03:29:48.160Z",
3004,880334455004,1085360,DEPOSIT,"월급 입금","2025-04-05T03:55:22.160Z",
3005,110456789001,1199564,TRANSFER,"월세 이체","2025-04-05T04:06:16.160Z",660555444333
3006,880334455004,1863335,DEPOSIT,"보너스 입금","2025-04-05T06:21:13.160Z",
3007,941566778003,12100,WITHDRAWAL,"경조사비","2025-04-05T06:22:23.160Z",
3008,110456789001,838894,DEPOSIT,"월급 입금","2025-04-05T06:36:15.160Z",
3009,941566778003,12100,WITHDRAWAL,"경조사비","2025-04-05T08:26:09.160Z",
3010,110456789001,363620,TRANSFER,"가족 송금","2025-04-05T08:41:16.160Z",660555444333
3011,110456789001,1661894,DEPOSIT,"보너스 입금","2025-04-05T09:13:39.160Z",
3012,941566778003,12100,WITHDRAWAL,"ATM 출금","2025-04-05T09:34:18.160Z",
3013,210123987002,52910,TRANSFER,"월세 이체","2025-04-05T10:10:08.160Z",770123456789
3014,941566778003,4235,PAYMENT,"온라인 쇼핑","2025-04-05T10:27:23.160Z",
3015,110456789001,234318,PAYMENT,"온라인 쇼핑","2025-04-05T11:53:51.160Z",
3016,210123987002,1295519,DEPOSIT,"배당금 입금","2025-04-05T13:13:25.160Z",
3017,110456789001,10451,PAYMENT,"공과금 납부","2025-04-05T13:38:18.160Z",
3018,941566778003,2695,PAYMENT,"카드대금 결제","2025-04-06T02:06:37.160Z",
3019,210123987002,341218,TRANSFER,"월세 이체","2025-04-06T03:12:24.160Z",770123456789
3020,880334455004,210006,DEPOSIT,"자금 이체","2025-04-06T03:15:19.160Z",
3021,941566778003,7700,WITHDRAWAL,"의료비 출금","2025-04-06T03:42:08.160Z",
3022,880334455004,2250134,DEPOSIT,"월급 입금","2025-04-06T04:17:42.160Z",
3023,880334455004,2243167,DEPOSIT,"자금 이체","2025-04-06T07:02:37.160Z",
3024,941566778003,7700,WITHDRAWAL,"의료비 출금","2025-04-06T09:31:14.160Z",
3025,880334455004,2013175,DEPOSIT,"배당금 입금","2025-04-06T09:49:02.160Z",
3026,880334455004,1811260,DEPOSIT,"보너스 입금","2025-04-06T09:52:53.160Z",
3027,110456789001,84563,PAYMENT,"교통비 결제","2025-04-06T10:25:15.160Z",
3028,941566778003,7700,WITHDRAWAL,"생활비 출금","2025-04-06T10:37:03.160Z",
3029,110456789001,141301,PAYMENT,"통신요금 납부","2025-04-06T11:30:31.160Z",
3030,941566778003,7700,WITHDRAWAL,"교육비 출금","2025-04-06T11:47:43.160Z",
3031,941566778003,7700,WITHDRAWAL,"ATM 출금","2025-04-06T11:54:41.160Z",
3032,941566778003,2695,PAYMENT,"식비 결제","2025-04-06T12:47:21.160Z",
3033,210123987002,418538,TRANSFER,"적금 이체","2025-04-06T13:04:22.160Z",330111222333
3034,110456789001,2266698,DEPOSIT,"보너스 입금","2025-04-07T00:19:32.160Z",
3035,110456789001,169586,WITHDRAWAL,"생활비 출금","2025-04-07T00:38:32.160Z",
3036,941566778003,5500,PAYMENT,"온라인 쇼핑","2025-04-07T01:49:38.160Z",
3037,880334455004,145610,DEPOSIT,"부업 수입","2025-04-07T02:09:22.160Z",
3038,941566778003,11000,WITHDRAWAL,"경조사비","2025-04-07T02:17:35.160Z",
3039,880334455004,2441848,DEPOSIT,"자금 이체","2025-04-07T04:20:48.160Z",
3040,110456789001,553086,TRANSFER,"가족 송금","2025-04-07T05:06:26.160Z",770123456789
3041,110456789001,110973,WITHDRAWAL,"ATM 출금","2025-04-07T05:33:50.160Z",
3042,880334455004,3238522,DEPOSIT,"부업 수입","2025-04-07T07:27:45.160Z",
3043,210123987002,993213,TRANSFER,"대출이자 납부","2025-04-07T07:34:50.160Z",550987654321
3044,941566778003,11000,WITHDRAWAL,"ATM 출금","2025-04-07T08:49:22.160Z",
3045,941566778003,5500,PAYMENT,"통신요금 납부","2025-04-07T11:31:24.160Z",
3046,941566778003,5500,PAYMENT,"카드대금 결제","2025-04-07T11:37:55.160Z",
3047,941566778003,5500,PAYMENT,"통신요금 납부","2025-04-07T11:38:27.160Z",
3048,941566778003,5500,PAYMENT,"식비 결제","2025-04-07T13:47:12.160Z",
3049,941566778003,5500,PAYMENT,"통신요금 납부","2025-04-07T13:52:27.160Z",
3050,880334455004,810736,DEPOSIT,"보너스 입금","2025-04-08T01:34:56.160Z",
3051,210123987002,648777,TRANSFER,"적금 이체","2025-04-08T02:44:11.160Z",330111222333
3052,941566778003,11000,WITHDRAWAL,"교육비 출금","2025-04-08T03:32:36.160Z",
3053,941566778003,5500,PAYMENT,"카드대금 결제","2025-04-08T03:41:18.160Z",
3054,941566778003,11000,WITHDRAWAL,"경조사비","2025-04-08T03:48:06.160Z",
3055,210123987002,199214,TRANSFER,"친구에게 송금","2025-04-08T04:35:25.160Z",550987654321
3056,880334455004,1266468,DEPOSIT,"부업 수입","2025-04-08T04:46:34.160Z",
3057,880334455004,1467147,DEPOSIT,"배당금 입금","2025-04-08T04:50:32.160Z",
3058,880334455004,2219339,DEPOSIT,"보너스 입금","2025-04-08T05:53:46.160Z",
3059,941566778003,11000,WITHDRAWAL,"의료비 출금","2025-04-08T07:15:07.160Z",
3060,941566778003,11000,WITHDRAWAL,"교육비 출금","2025-04-08T07:33:02.160Z",
3061,210123987002,99180,WITHDRAWAL,"의료비 출금","2025-04-08T07:41:07.160Z",
3062,210123987002,582033,TRANSFER,"친구에게 송금","2025-04-08T08:18:14.160Z",550987654321
3063,941566778003,11000,WITHDRAWAL,"ATM 출금","2025-04-08T09:14:53.160Z",
3064,210123987002,357820,WITHDRAWAL,"경조사비","2025-04-08T11:00:54.160Z",
3065,210123987002,264551,TRANSFER,"가족 송금","2025-04-08T12:25:08.160Z",330111222333
3066,110456789001,694149,TRANSFER,"월세 이체","2025-04-08T12:45:48.160Z",330111222333
3067,210123987002,311752,WITHDRAWAL,"교육비 출금","2025-04-08T12:52:35.160Z",
3068,110456789001,1073297,TRANSFER,"적금 이체","2025-04-08T13:06:23.160Z",330111222333
3069,210123987002,308415,TRANSFER,"월세 이체","2025-04-08T13:16:30.160Z",660555444333
3070,941566778003,11000,WITHDRAWAL,"교육비 출금","2025-04-08T13:23:11.160Z",
3071,210123987002,575252,TRANSFER,"월세 이체","2025-04-08T13:24:46.160Z",660555444333
3072,880334455004,793832,DEPOSIT,"보너스 입금","2025-04-09T00:36:54.160Z",
3073,941566778003,6050,PAYMENT,"공과금 납부","2025-04-09T00:52:13.160Z",
3074,110456789001,707988,TRANSFER,"대출이자 납부","2025-04-09T01:38:03.160Z",660555444333
3075,210123987002,944707,TRANSFER,"친구에게 송금","2025-04-09T03:00:50.160Z",550987654321
3076,941566778003,6050,PAYMENT,"식비 결제","2025-04-09T04:10:21.160Z",
3077,941566778003,12100,WITHDRAWAL,"ATM 출금","2025-04-09T04:33:54.160Z",
3078,941566778003,12100,WITHDRAWAL,"의료비 출금","2025-04-09T04:47:38.160Z",
3079,880334455004,81656,DEPOSIT,"보너스 입금","2025-04-09T04:51:16.160Z",
3080,210123987002,3044657,DEPOSIT,"월급 입금","2025-04-09T05:17:09.160Z",
3081,210123987002,681622,TRANSFER,"가족 송금","2025-04-09T05:22:15.160Z",330111222333
3082,110456789001,142632,PAYMENT,"카드대금 결제","2025-04-09T05:55:17.160Z",
3083,210123987002,281736,DEPOSIT,"배당금 입금","2025-04-09T06:49:14.160Z",
3084,210123987002,987664,TRANSFER,"가족 송금","2025-04-09T07:05:10.160Z",770123456789
3085,110456789001,297100,WITHDRAWAL,"의료비 출금","2025-04-09T07:16:19.160Z",
3086,210123987002,301439,TRANSFER,"친구에게 송금","2025-04-09T09:55:55.160Z",770123456789
3087,110456789001,384510,TRANSFER,"대출이자 납부","2025-04-09T12:33:24.160Z",770123456789
3088,210123987002,166971,WITHDRAWAL,"의료비 출금","2025-04-09T13:12:37.160Z",
3089,880334455004,3565910,DEPOSIT,"자금 이체","2025-04-09T13:30:42.160Z",
3090,880334455004,1586753,DEPOSIT,"자금 이체","2025-04-09T13:51:54.160Z",
3091,880334455004,3829877,DEPOSIT,"자금 이체","2025-04-10T00:07:24.160Z",
3092,941566778003,6600,PAYMENT,"카드대금 결제","2025-04-10T00:19:24.160Z",
3093,210123987002,178352,TRANSFER,"적금 이체","2025-04-10T00:32:55.160Z",330111222333
3094,880334455004,2304382,DEPOSIT,"부업 수입","2025-04-10T01:17:52.160Z",
3095,941566778003,6600,PAYMENT,"교통비 결제","2025-04-10T01:53:06.160Z",
3096,941566778003,6600,PAYMENT,"교통비 결제","2025-04-10T02:46:06.160Z",
3097,880334455004,1843492,DEPOSIT,"배당금 입금","2025-04-10T03:01:50.160Z",
3098,110456789001,693405,DEPOSIT,"배당금 입금","2025-04-10T03:22:50.160Z",
3099,941566778003,13200,WITHDRAWAL,"생활비 출금","2025-04-10T03:43:57.160Z",
3100,210123987002,3354896,DEPOSIT,"보너스 입금","2025-04-10T05:23:47.160Z",
3101,210123987002,2943507,DEPOSIT,"자금 이체","2025-04-10T05:29:00.160Z",
3102,941566778003,13200,WITHDRAWAL,"경조사비","2025-04-10T06:10:00.160Z",
3103,880334455004,2700016,DEPOSIT,"부업 수입","2025-04-10T07:30:49.160Z",
3104,880334455004,2193581,DEPOSIT,"보너스 입금","2025-04-10T09:32:18.160Z",
3105,210123987002,1291154,DEPOSIT,"부업 수입","2025-04-10T09:44:33.160Z",
3106,941566778003,13200,WITHDRAWAL,"경조사비","2025-04-10T10:06:36.160Z",
3107,941566778003,13200,WITHDRAWAL,"생활비 출금","2025-04-10T10:22:13.160Z",
3108,880334455004,858932,DEPOSIT,"보너스 입금","2025-04-10T10:30:10.160Z",
3109,110456789001,381323,PAYMENT,"통신요금 납부","2025-04-10T10:40:43.160Z",
3110,210123987002,35370,WITHDRAWAL,"ATM 출금","2025-04-10T11:04:51.160Z",
3111,110456789001,201858,TRANSFER,"대출이자 납부","2025-04-10T11:10:55.160Z",770123456789
3112,110456789001,305632,WITHDRAWAL,"교육비 출금","2025-04-10T11:27:33.160Z",
3113,941566778003,13200,WITHDRAWAL,"경조사비","2025-04-10T13:25:48.160Z",
3114,210123987002,144781,WITHDRAWAL,"교육비 출금","2025-04-11T00:53:42.160Z",
3115,880334455004,201278,DEPOSIT,"자금 이체","2025-04-11T01:21:09.160Z",
3116,110456789001,2521481,DEPOSIT,"보너스 입금","2025-04-11T03:30:35.160Z",
3117,941566778003,14300,WITHDRAWAL,"경조사비","2025-04-11T04:36:39.160Z",
3118,880334455004,1669728,DEPOSIT,"부업 수입","2025-04-11T04:44:39.160Z",
3119,941566778003,7150,PAYMENT,"식비 결제","2025-04-11T05:52:56.160Z",
3120,210123987002,617756,TRANSFER,"가족 송금","2025-04-11T06:26:56.160Z",550987654321
3121,941566778003,7150,PAYMENT,"교통비 결제","2025-04-11T07:03:34.160Z",
3122,110456789001,1090774,TRANSFER,"친구에게 송금","2025-04-11T08:49:49.160Z",770123456789
3123,110456789001,989002,TRANSFER,"적금 이체","2025-04-11T09:31:02.160Z",770123456789
3124,941566778003,14300,WITHDRAWAL,"ATM 출금","2025-04-11T09:49:16.160Z",
3125,941566778003,14300,WITHDRAWAL,"ATM 출금","2025-04-11T09:57:57.160Z",
3126,110456789001,411023,TRANSFER,"월세 이체","2025-04-11T10:25:23.160Z",550987654321
3127,941566778003,7150,PAYMENT,"통신요금 납부","2025-04-11T10:47:36.160Z",
3128,941566778003,7150,PAYMENT,"보험료 납부","2025-04-11T11:23:09.160Z",
3129,110456789001,170088,PAYMENT,"카드대금 결제","2025-04-11T11:25:53.160Z",
3130,210123987002,224744,TRANSFER,"적금 이체","2025-04-11T12:13:04.160Z",660555444333
3131,941566778003,14300,WITHDRAWAL,"생활비 출금","2025-04-11T12:30:56.160Z",
3132,941566778003,4235,PAYMENT,"공과금 납부","2025-04-12T02:42:48.160Z",
3133,110456789001,181609,PAYMENT,"통신요금 납부","2025-04-12T02:57:40.160Z",
3134,210123987002,888756,TRANSFER,"월세 이체","2025-04-12T03:44:17.160Z",330111222333
3135,210123987002,175948,WITHDRAWAL,"경조사비","2025-04-12T04:17:35.160Z",
3136,210123987002,2215464,DEPOSIT,"자금 이체","2025-04-12T05:34:14.160Z",
3137,880334455004,3629598,DEPOSIT,"부업 수입","2025-04-12T05:46:55.160Z",
3138,880334455004,1377087,DEPOSIT,"자금 이체","2025-04-12T06:10:53.160Z",
3139,880334455004,3490541,DEPOSIT,"배당금 입금","2025-04-12T06:16:07.160Z",
3140,880334455004,1029983,DEPOSIT,"배당금 입금","2025-04-12T06:29:25.160Z",
3141,110456789001,137255,TRANSFER,"가족 송금","2025-04-12T07:00:22.160Z",770123456789
3142,880334455004,2739161,DEPOSIT,"부업 수입","2025-04-12T07:57:15.160Z",
3143,941566778003,12100,WITHDRAWAL,"경조사비","2025-04-12T08:29:03.160Z",
3144,941566778003,12100,WITHDRAWAL,"교육비 출금","2025-04-12T10:06:36.160Z",
3145,210123987002,107587,TRANSFER,"대출이자 납부","2025-04-12T10:45:19.160Z",550987654321
3146,210123987002,472748,WITHDRAWAL,"경조사비","2025-04-12T11:50:52.160Z",
3147,880334455004,1725762,DEPOSIT,"자금 이체","2025-04-12T12:08:35.160Z",
3148,880334455004,3492896,DEPOSIT,"배당금 입금","2025-04-12T12:26:32.160Z",
3149,941566778003,4235,PAYMENT,"통신요금 납부","2025-04-12T13:20:43.160Z",
3150,110456789001,306614,WITHDRAWAL,"경조사비","2025-04-12T13:52:02.160Z",
3151,110456789001,429858,DEPOSIT,"보너스 입금","2025-04-13T01:52:27.160Z",
3152,210123987002,262273,WITHDRAWAL,"교육비 출금","2025-04-13T02:20:37.160Z",
3153,210123987002,402696,TRANSFER,"가족 송금","2025-04-13T02:57:52.160Z",550987654321
3154,880334455004,430085,DEPOSIT,"월급 입금","2025-04-13T03:00:47.160Z",
3155,941566778003,2695,PAYMENT,"통신요금 납부","2025-04-13T03:32:40.160Z",
3156,880334455004,242909,DEPOSIT,"부업 수입","2025-04-13T04:01:54.160Z",
3157,210123987002,101783,WITHDRAWAL,"의료비 출금","2025-04-13T04:24:27.160Z",
3158,210123987002,163181,WITHDRAWAL,"ATM 출금","2025-04-13T05:18:05.160Z",
3159,880334455004,1899890,DEPOSIT,"보너스 입금","2025-04-13T05:22:31.160Z",
3160,880334455004,839273,DEPOSIT,"자금 이체","2025-04-13T06:15:04.160Z",
3161,941566778003,2695,PAYMENT,"보험료 납부","2025-04-13T06:31:31.160Z",
3162,941566778003,7700,WITHDRAWAL,"교육비 출금","2025-04-13T07:58:08.160Z",
3163,880334455004,1006295,DEPOSIT,"배당금 입금","2025-04-13T08:13:36.160Z",
3164,880334455004,1838433,DEPOSIT,"월급 입금","2025-04-13T08:21:34.160Z",
3165,210123987002,565035,TRANSFER,"월세 이체","2025-04-13T08:52:36.160Z",330111222333
3166,110456789001,33556,PAYMENT,"교통비 결제","2025-04-13T08:59:08.160Z",
3167,210123987002,225872,WITHDRAWAL,"경조사비","2025-04-13T09:10:54.160Z",
3168,941566778003,2695,PAYMENT,"교통비 결제","2025-04-13T09:50:15.160Z",
3169,210123987002,409478,DEPOSIT,"보너스 입금","2025-04-13T10:54:35.160Z",
3170,880334455004,338748,DEPOSIT,"배당금 입금","2025-04-13T11:43:25.160Z",
3171,210123987002,635430,TRANSFER,"친구에게 송금","2025-04-13T12:24:46.160Z",770123456789
3172,110456789001,1231066,DEPOSIT,"자금 이체","2025-04-13T12:31:52.160Z",
3173,941566778003,7700,WITHDRAWAL,"ATM 출금","2025-04-13T12:59:29.160Z",
3174,210123987002,223549,TRANSFER,"대출이자 납부","2025-04-13T13:05:02.160Z",550987654321
3175,210123987002,373468,TRANSFER,"대출이자 납부","2025-04-14T01:23:58.160Z",660555444333
3176,110456789001,271216,WITHDRAWAL,"의료비 출금","2025-04-14T01:46:26.160Z",
3177,110456789001,84136,PAYMENT,"교통비 결제","2025-04-14T02:07:58.160Z",
3178,110456789001,1854400,DEPOSIT,"보너스 입금","2025-04-14T04:44:52.160Z",
3179,941566778003,11000,WITHDRAWAL,"경조사비","2025-04-14T06:19:32.160Z",
3180,941566778003,11000,WITHDRAWAL,"ATM 출금","2025-04-14T06:58:13.160Z",
3181,210123987002,419356,TRANSFER,"친구에게 송금","2025-04-14T07:25:42.160Z",660555444333
3182,110456789001,85435,PAYMENT,"통신요금 납부","2025-04-14T07:31:41.160Z",
3183,110456789001,900896,TRANSFER,"가족 송금","2025-04-14T07:40:58.160Z",550987654321
3184,210123987002,121454,TRANSFER,"대출이자 납부","2025-04-14T07:56:26.160Z",770123456789
3185,210123987002,644928,TRANSFER,"친구에게 송금","2025-04-14T08:03:29.160Z",330111222333
3186,880334455004,505853,DEPOSIT,"부업 수입","2025-04-14T08:29:48.160Z",
3187,110456789001,190381,PAYMENT,"카드대금 결제","2025-04-14T08:46:56.160Z",
3188,210123987002,157550,TRANSFER,"대출이자 납부","2025-04-14T10:56:25.160Z",330111222333
3189,880334455004,115998,DEPOSIT,"보너스 입금","2025-04-14T10:57:55.160Z",
3190,110456789001,311614,DEPOSIT,"부업 수입","2025-04-14T11:05:37.160Z",
3191,110456789001,395983,TRANSFER,"친구에게 송금","2025-04-14T11:19:15.160Z",330111222333
3192,210123987002,260475,TRANSFER,"가족 송금","2025-04-14T11:45:29.160Z",660555444333
3193,210123987002,55905,WITHDRAWAL,"의료비 출금","2025-04-14T11:47:37.160Z",
3194,880334455004,3223531,DEPOSIT,"자금 이체","2025-04-14T12:56:23.160Z",
3195,110456789001,298548,PAYMENT,"카드대금 결제","2025-04-14T13:34:23.160Z",
3196,110456789001,90167,PAYMENT,"통신요금 납부","2025-04-14T13:52:56.160Z",
3197,941566778003,11000,WITHDRAWAL,"교육비 출금","2025-04-15T00:24:07.160Z",
3198,210123987002,194605,DEPOSIT,"보너스 입금","2025-04-15T00:35:29.160Z",
3199,941566778003,11000,WITHDRAWAL,"생활비 출금","2025-04-15T01:26:43.160Z",
3200,941566778003,11000,WITHDRAWAL,"ATM 출금","2025-04-15T02:55:25.160Z",
3201,110456789001,997220,DEPOSIT,"배당금 입금","2025-04-15T03:41:39.160Z",
3202,110456789001,1893403,DEPOSIT,"자금 이체","2025-04-15T04:02:05.160Z",
3203,941566778003,5500,PAYMENT,"카드대금 결제","2025-04-15T04:26:26.160Z",
3204,210123987002,67619,TRANSFER,"적금 이체","2025-04-15T05:09:17.160Z",660555444333
3205,110456789001,200743,WITHDRAWAL,"경조사비","2025-04-15T05:20:06.160Z",
3206,941566778003,11000,WITHDRAWAL,"교육비 출금","2025-04-15T05:29:16.160Z",
3207,941566778003,11000,WITHDRAWAL,"ATM 출금","2025-04-15T07:14:46.160Z",
3208,110456789001,642517,TRANSFER,"월세 이체","2025-04-15T08:39:33.160Z",660555444333
3209,880334455004,1279242,DEPOSIT,"배당금 입금","2025-04-15T09:10:24.160Z",
3210,210123987002,357419,WITHDRAWAL,"ATM 출금","2025-04-15T09:12:58.160Z",
3211,941566778003,5500,PAYMENT,"보험료 납부","2025-04-15T09:56:01.160Z",
3212,941566778003,11000,WITHDRAWAL,"의료비 출금","2025-04-15T11:57:26.160Z",
3213,210123987002,295912,WITHDRAWAL,"생활비 출금","2025-04-15T12:03:34.160Z",
3214,210123987002,2585673,DEPOSIT,"자금 이체","2025-04-15T12:38:30.160Z",
3215,880334455004,2582754,DEPOSIT,"월급 입금","2025-04-15T13:34:36.160Z",
3216,110456789001,263371,PAYMENT,"통신요금 납부","2025-04-15T13:40:22.160Z",
3217,210123987002,1064639,TRANSFER,"친구에게 송금","2025-04-15T13:58:29.160Z",770123456789
3218,880334455004,2847660,DEPOSIT,"배당금 입금","2025-04-16T00:52:53.160Z",
3219,941566778003,12100,WITHDRAWAL,"경조사비","2025-04-16T02:26:28.160Z",
3220,110456789001,2707489,DEPOSIT,"보너스 입금","2025-04-16T03:19:02.160Z",
3221,210123987002,3608214,DEPOSIT,"보너스 입금","2025-04-16T03:49:15.160Z",
3222,880334455004,2648766,DEPOSIT,"보너스 입금","2025-04-16T04:06:46.160Z",
3223,941566778003,12100,WITHDRAWAL,"생활비 출금","2025-04-16T04:14:30.160Z",
3224,210123987002,1023993,TRANSFER,"적금 이체","2025-04-16T04:16:45.160Z",660555444333
3225,941566778003,12100,WITHDRAWAL,"생활비 출금","2025-04-16T05:34:06.160Z",
3226,880334455004,2760496,DEPOSIT,"월급 입금","2025-04-16T06:36:41.160Z",
3227,941566778003,12100,WITHDRAWAL,"교육비 출금","2025-04-16T07:13:39.160Z",
3228,110456789001,211555,DEPOSIT,"배당금 입금","2025-04-16T07:21:25.160Z",
3229,110456789001,97162,WITHDRAWAL,"ATM 출금","2025-04-16T07:31:14.160Z",
3230,110456789001,501032,WITHDRAWAL,"ATM 출금","2025-04-16T08:00:41.160Z",
3231,941566778003,6050,PAYMENT,"교통비 결제","2025-04-16T08:22:11.160Z",
3232,880334455004,2996558,DEPOSIT,"월급 입금","2025-04-16T09:30:23.160Z",
3233,880334455004,1585789,DEPOSIT,"월급 입금","2025-04-16T09:50:31.160Z",
3234,941566778003,6050,PAYMENT,"온라인 쇼핑","2025-04-16T10:21:36.160Z",
3235,880334455004,524799,DEPOSIT,"월급 입금","2025-04-16T10:42:56.160Z",
3236,210123987002,289912,WITHDRAWAL,"ATM 출금","2025-04-16T11:04:50.160Z",
3237,880334455004,2129523,DEPOSIT,"월급 입금","2025-04-16T11:09:39.160Z",
3238,880334455004,499879,DEPOSIT,"자금 이체","2025-04-16T12:40:50.160Z",
3239,110456789001,170228,WITHDRAWAL,"교육비 출금","2025-04-16T13:10:53.160Z",
3240,210123987002,450456,TRANSFER,"적금 이체","2025-04-17T00:27:10.160Z",660555444333
3241,880334455004,274484,DEPOSIT,"배당금 입금","2025-04-17T00:33:18.160Z",
3242,941566778003,13200,WITHDRAWAL,"ATM 출금","2025-04-17T00:57:10.160Z",
3243,110456789001,3929813,DEPOSIT,"배당금 입금","2025-04-17T02:44:33.160Z",
3244,880334455004,420794,DEPOSIT,"자금 이체","2025-04-17T03:07:46.160Z",
3245,210123987002,1227998,DEPOSIT,"월급 입금","2025-04-17T03:46:07.160Z",
3246,880334455004,1063757,DEPOSIT,"월급 입금","2025-04-17T03:59:42.160Z",
3247,880334455004,2057821,DEPOSIT,"배당금 입금","2025-04-17T04:04:03.160Z",
3248,880334455004,296722,DEPOSIT,"자금 이체","2025-04-17T05:10:57.160Z",
3249,941566778003,13200,WITHDRAWAL,"생활비 출금","2025-04-17T05:11:10.160Z",
3250,110456789001,173638,WITHDRAWAL,"경조사비","2025-04-17T05:38:18.160Z",
3251,941566778003,6600,PAYMENT,"보험료 납부","2025-04-17T06:50:32.160Z",
3252,210123987002,682735,TRANSFER,"대출이자 납부","2025-04-17T06:55:48.160Z",770123456789
3253,941566778003,6600,PAYMENT,"교통비 결제","2025-04-17T07:09:07.160Z",
3254,880334455004,1335806,DEPOSIT,"배당금 입금","2025-04-17T07:45:16.160Z",
3255,110456789001,1078878,TRANSFER,"적금 이체","2025-04-17T07:48:14.160Z",330111222333
3256,210123987002,587586,WITHDRAWAL,"경조사비","2025-04-17T08:30:10.160Z",
3257,110456789001,647157,WITHDRAWAL,"의료비 출금","2025-04-17T09:11:27.160Z",
3258,210123987002,2553181,DEPOSIT,"보너스 입금","2025-04-17T09:49:55.160Z",
3259,110456789001,1084551,TRANSFER,"적금 이체","2025-04-17T10:01:32.160Z",550987654321
3260,941566778003,13200,WITHDRAWAL,"생활비 출금","2025-04-17T11:14:44.160Z",
3261,880334455004,2821152,DEPOSIT,"보너스 입금","2025-04-17T11:19:30.160Z",
3262,210123987002,1619966,DEPOSIT,"부업 수입","2025-04-17T11:56:02.160Z",
3263,110456789001,539126,TRANSFER,"월세 이체","2025-04-17T12:15:27.160Z",770123456789
3264,210123987002,282539,TRANSFER,"적금 이체","2025-04-17T12:20:28.160Z",660555444333
3265,210123987002,636205,WITHDRAWAL,"ATM 출금","2025-04-17T12:36:27.160Z",
3266,110456789001,3127470,DEPOSIT,"배당금 입금","2025-04-17T13:16:17.160Z",
3267,210123987002,3494199,DEPOSIT,"배당금 입금","2025-04-18T00:40:13.160Z",
3268,110456789001,712605,WITHDRAWAL,"의료비 출금","2025-04-18T00:56:56.160Z",
3269,110456789001,765149,TRANSFER,"적금 이체","2025-04-18T01:14:07.160Z",550987654321
3270,880334455004,96617,DEPOSIT,"배당금 입금","2025-04-18T01:26:54.160Z",
3271,941566778003,14300,WITHDRAWAL,"ATM 출금","2025-04-18T01:40:32.160Z",
3272,110456789001,96152,PAYMENT,"교통비 결제","2025-04-18T01:43:28.160Z",
3273,110456789001,102185,PAYMENT,"통신요금 납부","2025-04-18T01:55:54.160Z",
3274,941566778003,7150,PAYMENT,"카드대금 결제","2025-04-18T02:09:06.160Z",
3275,210123987002,403537,TRANSFER,"월세 이체","2025-04-18T02:56:42.160Z",660555444333
3276,941566778003,7150,PAYMENT,"통신요금 납부","2025-04-18T04:17:36.160Z",
3277,941566778003,7150,PAYMENT,"교통비 결제","2025-04-18T04:28:25.160Z",
3278,110456789001,1541555,DEPOSIT,"보너스 입금","2025-04-18T06:19:45.160Z",
3279,210123987002,519907,TRANSFER,"월세 이체","2025-04-18T06:44:25.160Z",660555444333
3280,110456789001,2048289,DEPOSIT,"월급 입금","2025-04-18T10:30:36.160Z",
3281,110456789001,374975,DEPOSIT,"보너스 입금","2025-04-18T10:33:47.160Z",
3282,210123987002,267721,WITHDRAWAL,"교육비 출금","2025-04-18T12:43:31.160Z",
3283,210123987002,3442772,DEPOSIT,"월급 입금","2025-04-18T12:45:41.160Z",
3284,110456789001,544927,TRANSFER,"친구에게 송금","2025-04-18T13:09:58.160Z",660555444333
3285,110456789001,47553,PAYMENT,"교통비 결제","2025-04-19T01:29:11.160Z",
3286,941566778003,12100,WITHDRAWAL,"생활비 출금","2025-04-19T01:55:50.160Z",
3287,880334455004,2617266,DEPOSIT,"보너스 입금","2025-04-19T03:00:47.160Z",
3288,880334455004,70140,DEPOSIT,"부업 수입","2025-04-19T03:01:40.160Z",
3289,941566778003,12100,WITHDRAWAL,"의료비 출금","2025-04-19T05:24:03.160Z",
3290,210123987002,416142,WITHDRAWAL,"교육비 출금","2025-04-19T05:26:03.160Z",
3291,110456789001,586207,WITHDRAWAL,"ATM 출금","2025-04-19T06:15:51.160Z",
3292,210123987002,428508,WITHDRAWAL,"ATM 출금","2025-04-19T06:27:57.160Z",
3293,110456789001,596851,TRANSFER,"대출이자 납부","2025-04-19T07:08:14.160Z",770123456789
3294,110456789001,134866,PAYMENT,"온라인 쇼핑","2025-04-19T07:42:03.160Z",
3295,880334455004,2921004,DEPOSIT,"자금 이체","2025-04-19T08:05:00.160Z",
3296,880334455004,1019344,DEPOSIT,"자금 이체","2025-04-19T09:29:08.160Z",
3297,210123987002,577021,TRANSFER,"대출이자 납부","2025-04-19T09:48:41.160Z",660555444333
3298,210123987002,478366,WITHDRAWAL,"의료비 출금","2025-04-19T10:44:44.160Z",
3299,941566778003,12100,WITHDRAWAL,"ATM 출금","2025-04-19T10:56:24.160Z",
3300,210123987002,691794,TRANSFER,"적금 이체","2025-04-19T11:46:06.160Z",550987654321
3301,210123987002,263322,DEPOSIT,"월급 입금","2025-04-19T13:24:29.160Z",
3302,210123987002,387466,TRANSFER,"적금 이체","2025-04-19T13:42:22.160Z",770123456789
3303,210123987002,347162,TRANSFER,"대출이자 납부","2025-04-20T01:52:14.160Z",550987654321
3304,880334455004,614750,DEPOSIT,"배당금 입금","2025-04-20T02:16:39.160Z",
3305,110456789001,153291,TRANSFER,"대출이자 납부","2025-04-20T02:22:50.160Z",770123456789
3306,941566778003,7700,WITHDRAWAL,"경조사비","2025-04-20T02:41:24.160Z",
3307,880334455004,1831747,DEPOSIT,"보너스 입금","2025-04-20T02:57:30.160Z",
3308,210123987002,1174352,DEPOSIT,"배당금 입금","2025-04-20T03:24:08.160Z",
3309,880334455004,89216,DEPOSIT,"배당금 입금","2025-04-20T03:35:00.160Z",
3310,110456789001,99169,TRANSFER,"가족 송금","2025-04-20T03:36:08.160Z",660555444333
3311,210123987002,698767,DEPOSIT,"부업 수입","2025-04-20T03:38:30.160Z",
3312,941566778003,2695,PAYMENT,"카드대금 결제","2025-04-20T04:17:33.160Z",
3313,210123987002,1564702,DEPOSIT,"부업 수입","2025-04-20T08:14:58.160Z",
3314,941566778003,2695,PAYMENT,"카드대금 결제","2025-04-20T08:59:33.160Z",
3315,941566778003,2695,PAYMENT,"공과금 납부","2025-04-20T09:03:46.160Z",
3316,880334455004,388462,DEPOSIT,"월급 입금","2025-04-20T10:27:08.160Z",
3317,210123987002,144458,WITHDRAWAL,"생활비 출금","2025-04-20T11:06:43.160Z",
3318,941566778003,7700,WITHDRAWAL,"교육비 출금","2025-04-20T11:46:37.160Z",
3319,880334455004,2191848,DEPOSIT,"부업 수입","2025-04-20T12:08:40.160Z",
3320,880334455004,1319291,DEPOSIT,"배당금 입금","2025-04-20T12:14:44.160Z",
3321,110456789001,1999088,DEPOSIT,"보너스 입금","2025-04-20T12:28:49.160Z",
3322,880334455004,564973,DEPOSIT,"월급 입금","2025-04-20T13:38:55.160Z",
3323,210123987002,279558,WITHDRAWAL,"ATM 출금","2025-04-21T00:13:03.160Z",
3324,880334455004,1412751,DEPOSIT,"월급 입금","2025-04-21T00:15:54.160Z",
3325,880334455004,2700321,DEPOSIT,"보너스 입금","2025-04-21T00:38:37.160Z",
3326,110456789001,529259,TRANSFER,"적금 이체","2025-04-21T01:36:40.160Z",550987654321
3327,210123987002,3012285,DEPOSIT,"자금 이체","2025-04-21T02:01:14.160Z",
3328,210123987002,1461004,DEPOSIT,"보너스 입금","2025-04-21T03:48:12.160Z",
3329,110456789001,153881,PAYMENT,"식비 결제","2025-04-21T04:00:04.160Z",
3330,210123987002,812721,DEPOSIT,"배당금 입금","2025-04-21T04:18:55.160Z",
3331,880334455004,1133319,DEPOSIT,"보너스 입금","2025-04-21T04:46:48.160Z",
3332,110456789001,9460,PAYMENT,"식비 결제","2025-04-21T06:49:39.160Z",
3333,880334455004,3064992,DEPOSIT,"월급 입금","2025-04-21T07:01:45.160Z",
3334,880334455004,1180580,DEPOSIT,"월급 입금","2025-04-21T07:05:53.160Z",
3335,210123987002,834832,TRANSFER,"가족 송금","2025-04-21T07:20:11.160Z",770123456789
3336,880334455004,1597023,DEPOSIT,"월급 입금","2025-04-21T08:02:03.160Z",
3337,941566778003,5500,PAYMENT,"교통비 결제","2025-04-21T08:06:11.160Z",
3338,110456789001,430406,TRANSFER,"월세 이체","2025-04-21T09:28:07.160Z",770123456789
3339,110456789001,200105,WITHDRAWAL,"교육비 출금","2025-04-21T09:44:01.160Z",
3340,110456789001,128539,WITHDRAWAL,"교육비 출금","2025-04-21T10:43:16.160Z",
3341,941566778003,11000,WITHDRAWAL,"의료비 출금","2025-04-21T11:35:55.160Z",
3342,110456789001,1791058,DEPOSIT,"배당금 입금","2025-04-21T12:03:57.160Z",
3343,110456789001,119060,PAYMENT,"교통비 결제","2025-04-22T00:00:07.160Z",
3344,210123987002,433402,WITHDRAWAL,"생활비 출금","2025-04-22T00:10:26.160Z",
3345,110456789001,35855,WITHDRAWAL,"생활비 출금","2025-04-22T00:28:18.160Z",
3346,880334455004,893081,DEPOSIT,"보너스 입금","2025-04-22T02:10:17.160Z",
3347,880334455004,2556092,DEPOSIT,"부업 수입","2025-04-22T02:18:06.160Z",
3348,110456789001,21321,WITHDRAWAL,"ATM 출금","2025-04-22T02:29:08.160Z",
3349,941566778003,5500,PAYMENT,"교통비 결제","2025-04-22T02:32:42.160Z",
3350,880334455004,2973912,DEPOSIT,"보너스 입금","2025-04-22T02:58:31.160Z",
3351,880334455004,2663756,DEPOSIT,"배당금 입금","2025-04-22T04:33:02.160Z",
3352,941566778003,11000,WITHDRAWAL,"경조사비","2025-04-22T05:39:35.160Z",
3353,110456789001,476577,WITHDRAWAL,"교육비 출금","2025-04-22T05:51:29.160Z",
3354,941566778003,5500,PAYMENT,"카드대금 결제","2025-04-22T09:14:29.160Z",
3355,210123987002,648918,DEPOSIT,"자금 이체","2025-04-22T09:15:27.160Z",
3356,880334455004,1119685,DEPOSIT,"자금 이체","2025-04-22T10:00:56.160Z",
3357,880334455004,436977,DEPOSIT,"월급 입금","2025-04-22T10:30:56.160Z",
3358,880334455004,1116594,DEPOSIT,"부업 수입","2025-04-22T11:12:02.160Z",
3359,941566778003,5500,PAYMENT,"교통비 결제","2025-04-22T12:16:17.160Z",
3360,880334455004,422161,DEPOSIT,"배당금 입금","2025-04-23T00:12:38.160Z",
3361,210123987002,28857,WITHDRAWAL,"생활비 출금","2025-04-23T01:17:35.160Z",
3362,210123987002,40973,WITHDRAWAL,"생활비 출금","2025-04-23T01:42:20.160Z",
3363,110456789001,281433,PAYMENT,"통신요금 납부","2025-04-23T01:51:20.160Z",
3364,941566778003,12100,WITHDRAWAL,"ATM 출금","2025-04-23T02:25:05.160Z",
3365,210123987002,83866,TRANSFER,"월세 이체","2025-04-23T02:32:21.160Z",550987654321
3366,941566778003,6050,PAYMENT,"카드대금 결제","2025-04-23T02:32:23.160Z",
3367,110456789001,107780,PAYMENT,"식비 결제","2025-04-23T03:56:20.160Z",
3368,941566778003,6050,PAYMENT,"통신요금 납부","2025-04-23T04:00:35.160Z",
3369,880334455004,3503749,DEPOSIT,"배당금 입금","2025-04-23T04:48:15.160Z",
3370,210123987002,234602,WITHDRAWAL,"교육비 출금","2025-04-23T05:07:04.160Z",
3371,210123987002,511458,WITHDRAWAL,"생활비 출금","2025-04-23T07:23:37.160Z",
3372,210123987002,480413,WITHDRAWAL,"교육비 출금","2025-04-23T07:50:20.160Z",
3373,110456789001,182215,TRANSFER,"적금 이체","2025-04-23T08:34:24.160Z",770123456789
3374,110456789001,21983,PAYMENT,"보험료 납부","2025-04-23T08:53:55.160Z",
3375,110456789001,1263913,DEPOSIT,"보너스 입금","2025-04-23T09:02:17.160Z",
3376,110456789001,695104,TRANSFER,"친구에게 송금","2025-04-23T09:30:06.160Z",330111222333
3377,110456789001,447791,WITHDRAWAL,"의료비 출금","2025-04-23T09:44:14.160Z",
3378,880334455004,2183623,DEPOSIT,"부업 수입","2025-04-23T09:52:00.160Z",
3379,941566778003,12100,WITHDRAWAL,"경조사비","2025-04-23T10:50:43.160Z",
3380,210123987002,3160612,DEPOSIT,"부업 수입","2025-04-23T10:57:13.160Z",
3381,110456789001,3480990,DEPOSIT,"보너스 입금","2025-04-23T11:07:07.160Z",
3382,880334455004,2370407,DEPOSIT,"보너스 입금","2025-04-23T12:21:23.160Z",
3383,941566778003,6050,PAYMENT,"카드대금 결제","2025-04-23T13:04:10.160Z",
3384,210123987002,347040,WITHDRAWAL,"의료비 출금","2025-04-23T13:12:27.160Z",
3385,880334455004,723918,DEPOSIT,"자금 이체","2025-04-23T13:40:35.160Z",
3386,110456789001,418609,WITHDRAWAL,"의료비 출금","2025-04-24T00:23:17.160Z",
3387,210123987002,513518,WITHDRAWAL,"경조사비","2025-04-24T00:36:27.160Z",
3388,210123987002,436749,TRANSFER,"대출이자 납부","2025-04-24T02:16:51.160Z",330111222333
3389,110456789001,445750,DEPOSIT,"보너스 입금","2025-04-24T03:03:04.160Z",
3390,110456789001,564596,WITHDRAWAL,"의료비 출금","2025-04-24T03:16:10.160Z",
3391,210123987002,732310,DEPOSIT,"보너스 입금","2025-04-24T03:28:23.160Z",
3392,110456789001,58994,WITHDRAWAL,"교육비 출금","2025-04-24T03:32:43.160Z",
3393,941566778003,6600,PAYMENT,"보험료 납부","2025-04-24T03:33:09.160Z",
3394,941566778003,13200,WITHDRAWAL,"교육비 출금","2025-04-24T03:53:23.160Z",
3395,941566778003,6600,PAYMENT,"보험료 납부","2025-04-24T05:30:54.160Z",
3396,210123987002,2564619,DEPOSIT,"자금 이체","2025-04-24T06:15:03.160Z",
3397,210123987002,378502,DEPOSIT,"자금 이체","2025-04-24T06:58:21.160Z",
3398,880334455004,1001687,DEPOSIT,"배당금 입금","2025-04-24T08:17:49.160Z",
3399,880334455004,2779571,DEPOSIT,"월급 입금","2025-04-24T09:41:44.160Z",
3400,941566778003,13200,WITHDRAWAL,"교육비 출금","2025-04-24T09:53:28.160Z",
3401,941566778003,13200,WITHDRAWAL,"경조사비","2025-04-24T10:13:54.160Z",
3402,110456789001,1288395,TRANSFER,"가족 송금","2025-04-24T11:57:02.160Z",550987654321
3403,880334455004,2295535,DEPOSIT,"부업 수입","2025-04-24T12:05:09.160Z",
3404,210123987002,463743,DEPOSIT,"월급 입금","2025-04-24T12:28:53.160Z",
3405,210123987002,1036102,DEPOSIT,"배당금 입금","2025-04-24T13:51:18.160Z",
3406,880334455004,919450,DEPOSIT,"월급 입금","2025-04-25T00:49:12.160Z",
3407,110456789001,876717,TRANSFER,"적금 이체","2025-04-25T01:18:01.160Z",770123456789
3408,880334455004,381852,DEPOSIT,"월급 입금","2025-04-25T02:34:52.160Z",
3409,110456789001,3266214,DEPOSIT,"월급 입금","2025-04-25T02:35:04.160Z",
3410,941566778003,14300,WITHDRAWAL,"생활비 출금","2025-04-25T03:01:25.160Z",
3411,941566778003,14300,WITHDRAWAL,"교육비 출금","2025-04-25T04:00:30.160Z",
3412,210123987002,2859875,DEPOSIT,"월급 입금","2025-04-25T04:21:39.160Z",
3413,941566778003,14300,WITHDRAWAL,"교육비 출금","2025-04-25T06:17:26.160Z",
3414,110456789001,327669,WITHDRAWAL,"생활비 출금","2025-04-25T07:20:54.160Z",
3415,941566778003,7150,PAYMENT,"공과금 납부","2025-04-25T07:23:37.160Z",
3416,880334455004,2610986,DEPOSIT,"자금 이체","2025-04-25T07:40:14.160Z",
3417,880334455004,1730463,DEPOSIT,"부업 수입","2025-04-25T08:29:03.160Z",
3418,880334455004,679047,DEPOSIT,"배당금 입금","2025-04-25T08:58:02.160Z",
3419,880334455004,3091060,DEPOSIT,"보너스 입금","2025-04-25T10:12:10.160Z",
3420,880334455004,922380,DEPOSIT,"자금 이체","2025-04-25T11:33:43.160Z",
3421,941566778003,7150,PAYMENT,"식비 결제","2025-04-25T13:55:52.160Z",
3422,880334455004,1461270,DEPOSIT,"보너스 입금","2025-04-26T00:39:30.160Z",
3423,880334455004,3170594,DEPOSIT,"보너스 입금","2025-04-26T00:57:09.160Z",
3424,210123987002,1014075,TRANSFER,"월세 이체","2025-04-26T01:34:50.160Z",770123456789
3425,880334455004,3525719,DEPOSIT,"배당금 입금","2025-04-26T02:11:57.160Z",
3426,941566778003,4235,PAYMENT,"식비 결제","2025-04-26T04:14:04.160Z",
3427,880334455004,2200880,DEPOSIT,"배당금 입금","2025-04-26T04:33:58.160Z",
3428,110456789001,1137956,TRANSFER,"월세 이체","2025-04-26T04:50:36.160Z",770123456789
3429,110456789001,455534,WITHDRAWAL,"경조사비","2025-04-26T04:59:34.160Z",
3430,110456789001,223891,PAYMENT,"식비 결제","2025-04-26T05:58:52.160Z",
3431,880334455004,2605470,DEPOSIT,"부업 수입","2025-04-26T06:44:59.160Z",
3432,941566778003,4235,PAYMENT,"카드대금 결제","2025-04-26T08:03:40.160Z",
3433,210123987002,574438,WITHDRAWAL,"ATM 출금","2025-04-26T09:08:19.160Z",
3434,210123987002,1495672,DEPOSIT,"배당금 입금","2025-04-26T09:52:01.160Z",
3435,880334455004,404390,DEPOSIT,"자금 이체","2025-04-26T10:08:43.160Z",
3436,880334455004,2519503,DEPOSIT,"보너스 입금","2025-04-26T10:25:59.160Z",
3437,941566778003,12100,WITHDRAWAL,"교육비 출금","2025-04-26T10:57:01.160Z",
3438,880334455004,2194352,DEPOSIT,"부업 수입","2025-04-26T11:17:20.160Z",
3439,880334455004,2889870,DEPOSIT,"자금 이체","2025-04-26T12:28:00.160Z",
3440,880334455004,2230920,DEPOSIT,"월급 입금","2025-04-26T12:57:23.160Z",
3441,941566778003,4235,PAYMENT,"통신요금 납부","2025-04-26T13:03:26.160Z",
3442,880334455004,1186746,DEPOSIT,"부업 수입","2025-04-26T13:09:54.160Z",
3443,941566778003,4235,PAYMENT,"카드대금 결제","2025-04-26T13:10:38.160Z",
3444,941566778003,12100,WITHDRAWAL,"ATM 출금","2025-04-26T13:19:33.160Z",
3445,941566778003,12100,WITHDRAWAL,"ATM 출금","2025-04-26T13:25:47.160Z",
3446,210123987002,234159,WITHDRAWAL,"경조사비","2025-04-26T13:54:37.160Z",
3447,941566778003,12100,WITHDRAWAL,"교육비 출금","2025-04-26T13:58:57.160Z",
3448,110456789001,177971,WITHDRAWAL,"경조사비","2025-04-27T00:54:50.160Z",
3449,110456789001,52911,TRANSFER,"가족 송금","2025-04-27T01:07:59.160Z",550987654321
3450,110456789001,118490,WITHDRAWAL,"생활비 출금","2025-04-27T04:10:37.160Z",
3451,941566778003,7700,WITHDRAWAL,"교육비 출금","2025-04-27T05:59:08.160Z",
3452,110456789001,1035240,DEPOSIT,"월급 입금","2025-04-27T06:44:07.160Z",
3453,110456789001,1145177,DEPOSIT,"보너스 입금","2025-04-27T08:04:50.160Z",
3454,210123987002,670015,TRANSFER,"가족 송금","2025-04-27T08:10:58.160Z",770123456789
3455,880334455004,866248,DEPOSIT,"보너스 입금","2025-04-27T08:10:59.160Z",
3456,941566778003,2695,PAYMENT,"카드대금 결제","2025-04-27T09:00:28.160Z",
3457,880334455004,1045784,DEPOSIT,"부업 수입","2025-04-27T09:12:52.160Z",
3458,880334455004,563666,DEPOSIT,"배당금 입금","2025-04-27T10:10:55.160Z",
3459,880334455004,2058268,DEPOSIT,"자금 이체","2025-04-27T10:47:13.160Z",
3460,210123987002,590027,TRANSFER,"가족 송금","2025-04-27T11:41:50.160Z",770123456789
3461,110456789001,129837,PAYMENT,"공과금 납부","2025-04-27T11:58:59.160Z",
3462,941566778003,7700,WITHDRAWAL,"의료비 출금","2025-04-27T12:16:11.160Z",
3463,110456789001,446246,WITHDRAWAL,"ATM 출금","2025-04-28T00:09:26.160Z",
3464,110456789001,782586,TRANSFER,"대출이자 납부","2025-04-28T00:15:04.160Z",660555444333
3465,110456789001,2643014,DEPOSIT,"부업 수입","2025-04-28T01:44:24.160Z",
3466,880334455004,1046946,DEPOSIT,"자금 이체","2025-04-28T01:54:32.160Z",
3467,941566778003,11000,WITHDRAWAL,"경조사비","2025-04-28T02:34:04.160Z",
3468,210123987002,1075147,TRANSFER,"대출이자 납부","2025-04-28T03:38:14.160Z",330111222333
3469,210123987002,411887,WITHDRAWAL,"ATM 출금","2025-04-28T03:56:24.160Z",
3470,941566778003,11000,WITHDRAWAL,"교육비 출금","2025-04-28T04:33:59.160Z",
3471,210123987002,2360308,DEPOSIT,"월급 입금","2025-04-28T05:59:16.160Z",
3472,210123987002,1008395,TRANSFER,"친구에게 송금","2025-04-28T06:44:23.160Z",330111222333
3473,941566778003,11000,WITHDRAWAL,"생활비 출금","2025-04-28T07:00:53.160Z",
3474,880334455004,3192141,DEPOSIT,"월급 입금","2025-04-28T07:31:03.160Z",
3475,941566778003,5500,PAYMENT,"보험료 납부","2025-04-28T09:37:55.160Z",
3476,880334455004,2039602,DEPOSIT,"월급 입금","2025-04-28T09:49:52.160Z",
3477,110456789001,290554,TRANSFER,"월세 이체","2025-04-28T10:41:38.160Z",770123456789
3478,941566778003,5500,PAYMENT,"카드대금 결제","2025-04-28T11:17:15.160Z",
3479,110456789001,2775525,DEPOSIT,"월급 입금","2025-04-28T11:19:46.160Z",
3480,880334455004,1898550,DEPOSIT,"보너스 입금","2025-04-28T12:13:38.160Z",
3481,110456789001,1015082,DEPOSIT,"배당금 입금","2025-04-29T01:02:25.160Z",
3482,880334455004,720849,DEPOSIT,"보너스 입금","2025-04-29T01:20:07.160Z",
3483,880334455004,2158354,DEPOSIT,"보너스 입금","2025-04-29T01:44:10.160Z",
3484,941566778003,11000,WITHDRAWAL,"교육비 출금","2025-04-29T02:17:15.160Z",
3485,110456789001,310765,TRANSFER,"가족 송금","2025-04-29T03:12:37.160Z",550987654321
3486,880334455004,2523062,DEPOSIT,"부업 수입","2025-04-29T03:35:54.160Z",
3487,880334455004,1940160,DEPOSIT,"배당금 입금","2025-04-29T04:36:14.160Z",
3488,941566778003,11000,WITHDRAWAL,"의료비 출금","2025-04-29T08:09:55.160Z",
3489,880334455004,2427953,DEPOSIT,"보너스 입금","2025-04-29T08:22:32.160Z",
3490,941566778003,11000,WITHDRAWAL,"경조사비","2025-04-29T10:16:07.160Z",
3491,110456789001,3142667,DEPOSIT,"부업 수입","2025-04-29T10:56:45.160Z",
3492,210123987002,354012,WITHDRAWAL,"의료비 출금","2025-04-29T11:16:05.160Z",
3493,941566778003,11000,WITHDRAWAL,"교육비 출금","2025-04-29T11:43:50.160Z",
3494,880334455004,2672704,DEPOSIT,"자금 이체","2025-04-29T12:08:36.160Z",
3495,110456789001,282336,PAYMENT,"식비 결제","2025-04-29T12:41:07.160Z",
3496,941566778003,5500,PAYMENT,"카드대금 결제","2025-04-29T13:32:03.160Z",
3497,110456789001,565560,TRANSFER,"월세 이체","2025-04-29T13:32:31.160Z",550987654321
3498,941566778003,5500,PAYMENT,"통신요금 납부","2025-04-29T13:45:57.160Z",
3499,210123987002,553277,TRANSFER,"대출이자 납부","2025-04-30T00:07:25.160Z",550987654321
3500,880334455004,1976150,DEPOSIT,"보너스 입금","2025-04-30T02:02:34.160Z",
3501,880334455004,2166005,DEPOSIT,"월급 입금","2025-04-30T02:22:49.160Z",
3502,941566778003,6050,PAYMENT,"식비 결제","2025-04-30T02:44:35.160Z",
3503,110456789001,238737,PAYMENT,"통신요금 납부","2025-04-30T02:58:59.160Z",
3504,210123987002,854899,DEPOSIT,"배당금 입금","2025-04-30T03:22:11.160Z",
3505,880334455004,2073444,DEPOSIT,"자금 이체","2025-04-30T05:04:20.160Z",
3506,210123987002,3610200,DEPOSIT,"부업 수입","2025-04-30T05:27:51.160Z",
3507,110456789001,2222646,DEPOSIT,"배당금 입금","2025-04-30T06:11:41.160Z",
3508,880334455004,2378820,DEPOSIT,"자금 이체","2025-04-30T07:31:31.160Z",
3509,210123987002,344236,TRANSFER,"대출이자 납부","2025-04-30T08:51:35.160Z",550987654321
3510,210123987002,775347,TRANSFER,"가족 송금","2025-04-30T10:08:26.160Z",330111222333
3511,941566778003,12100,WITHDRAWAL,"경조사비","2025-04-30T10:33:37.160Z",
3512,941566778003,6050,PAYMENT,"온라인 쇼핑","2025-04-30T10:53:50.160Z",
3513,110456789001,243201,PAYMENT,"온라인 쇼핑","2025-04-30T11:16:04.160Z",
3514,210123987002,246312,WITHDRAWAL,"의료비 출금","2025-04-30T11:45:29.160Z",
3515,110456789001,294747,PAYMENT,"온라인 쇼핑","2025-04-30T13:46:57.160Z",
3516,880334455004,2448045,DEPOSIT,"배당금 입금","2025-05-01T00:47:17.160Z",
3517,110456789001,146726,PAYMENT,"교통비 결제","2025-05-01T00:57:30.160Z",
3518,880334455004,4205774,DEPOSIT,"월급 입금","2025-05-01T01:30:07.160Z",
3519,941566778003,7200,PAYMENT,"공과금 납부","2025-05-01T01:59:24.160Z",
3520,941566778003,7200,PAYMENT,"온라인 쇼핑","2025-05-01T02:02:49.160Z",
3521,941566778003,14400,WITHDRAWAL,"교육비 출금","2025-05-01T03:56:12.160Z",
3522,110456789001,23714,PAYMENT,"교통비 결제","2025-05-01T06:02:45.160Z",
3523,210123987002,3621747,DEPOSIT,"배당금 입금","2025-05-01T07:01:01.160Z",
3524,880334455004,3325453,DEPOSIT,"부업 수입","2025-05-01T07:06:28.160Z",
3525,110456789001,815738,TRANSFER,"가족 송금","2025-05-01T09:21:58.160Z",660555444333
3526,941566778003,7200,PAYMENT,"통신요금 납부","2025-05-01T10:04:29.160Z",
3527,941566778003,7200,PAYMENT,"카드대금 결제","2025-05-01T10:32:02.160Z",
3528,941566778003,7200,PAYMENT,"공과금 납부","2025-05-01T10:57:13.160Z",
3529,210123987002,4074738,DEPOSIT,"보너스 입금","2025-05-01T11:22:11.160Z",
3530,110456789001,40650,PAYMENT,"온라인 쇼핑","2025-05-01T11:56:42.160Z",
3531,110456789001,378401,PAYMENT,"보험료 납부","2025-05-01T12:19:19.160Z",
3532,941566778003,14400,WITHDRAWAL,"생활비 출금","2025-05-01T12:45:32.160Z",
3533,880334455004,2635712,DEPOSIT,"부업 수입","2025-05-01T13:26:03.160Z",
3534,210123987002,272981,WITHDRAWAL,"생활비 출금","2025-05-01T13:31:34.160Z",
3535,210123987002,91032,WITHDRAWAL,"경조사비","2025-05-02T01:10:04.160Z",
3536,110456789001,441468,PAYMENT,"공과금 납부","2025-05-02T02:11:41.160Z",
3537,880334455004,2349892,DEPOSIT,"월급 입금","2025-05-02T02:36:12.160Z",
3538,941566778003,15600,WITHDRAWAL,"의료비 출금","2025-05-02T03:15:58.160Z",
3539,941566778003,7800,PAYMENT,"온라인 쇼핑","2025-05-02T04:35:47.160Z",
3540,941566778003,7800,PAYMENT,"식비 결제","2025-05-02T04:41:30.160Z",
3541,210123987002,1299205,DEPOSIT,"자금 이체","2025-05-02T05:10:42.160Z",
3542,210123987002,4063919,DEPOSIT,"보너스 입금","2025-05-02T06:50:10.160Z",
3543,941566778003,7800,PAYMENT,"카드대금 결제","2025-05-02T07:43:28.160Z",
3544,210123987002,229349,WITHDRAWAL,"의료비 출금","2025-05-02T08:14:24.160Z",
3545,110456789001,689244,WITHDRAWAL,"경조사비","2025-05-02T10:50:29.160Z",
3546,880334455004,192386,DEPOSIT,"월급 입금","2025-05-02T11:16:07.160Z",
3547,210123987002,626249,WITHDRAWAL,"경조사비","2025-05-02T11:21:37.160Z",
3548,941566778003,15600,WITHDRAWAL,"경조사비","2025-05-02T11:49:06.160Z",
3549,941566778003,15600,WITHDRAWAL,"ATM 출금","2025-05-02T12:08:32.160Z",
3550,110456789001,359722,PAYMENT,"통신요금 납부","2025-05-02T12:09:16.160Z",
3551,880334455004,1812547,DEPOSIT,"부업 수입","2025-05-03T00:21:20.160Z",
3552,880334455004,2067462,DEPOSIT,"보너스 입금","2025-05-03T00:21:23.160Z",
3553,210123987002,206059,WITHDRAWAL,"의료비 출금","2025-05-03T00:32:40.160Z",
3554,110456789001,181235,PAYMENT,"식비 결제","2025-05-03T01:45:18.160Z",
3555,880334455004,1066163,DEPOSIT,"부업 수입","2025-05-03T02:47:13.160Z",
3556,210123987002,202470,WITHDRAWAL,"생활비 출금","2025-05-03T02:58:10.160Z",
3557,210123987002,1798842,DEPOSIT,"보너스 입금","2025-05-03T03:18:11.160Z",
3558,210123987002,307807,DEPOSIT,"배당금 입금","2025-05-03T03:59:48.160Z",
3559,110456789001,3630495,DEPOSIT,"자금 이체","2025-05-03T04:07:57.160Z",
3560,941566778003,13200,WITHDRAWAL,"생활비 출금","2025-05-03T05:23:54.160Z",
3561,210123987002,967953,DEPOSIT,"배당금 입금","2025-05-03T05:58:39.160Z",
3562,110456789001,474117,TRANSFER,"적금 이체","2025-05-03T06:53:52.160Z",660555444333
3563,110456789001,1125328,DEPOSIT,"자금 이체","2025-05-03T07:06:56.160Z",
3564,110456789001,138975,PAYMENT,"보험료 납부","2025-05-03T07:21:07.160Z",
3565,110456789001,1168151,DEPOSIT,"배당금 입금","2025-05-03T09:19:27.160Z",
3566,880334455004,954564,DEPOSIT,"배당금 입금","2025-05-03T09:27:52.160Z",
3567,210123987002,89512,TRANSFER,"적금 이체","2025-05-03T09:51:34.160Z",770123456789
3568,880334455004,1231671,DEPOSIT,"자금 이체","2025-05-03T09:51:57.160Z",
3569,210123987002,413400,WITHDRAWAL,"교육비 출금","2025-05-03T10:08:15.160Z",
3570,941566778003,4620,PAYMENT,"교통비 결제","2025-05-03T10:54:05.160Z",
3571,110456789001,138626,PAYMENT,"교통비 결제","2025-05-03T11:33:00.160Z",
3572,210123987002,2660802,DEPOSIT,"월급 입금","2025-05-03T12:21:16.160Z",
3573,941566778003,4620,PAYMENT,"카드대금 결제","2025-05-03T13:29:33.160Z",
3574,941566778003,13200,WITHDRAWAL,"ATM 출금","2025-05-03T13:37:20.160Z",
3575,880334455004,913413,DEPOSIT,"부업 수입","2025-05-04T00:34:22.160Z",
3576,210123987002,1261791,DEPOSIT,"월급 입금","2025-05-04T00:58:01.160Z",
3577,210123987002,622172,TRANSFER,"대출이자 납부","2025-05-04T01:23:47.160Z",660555444333
3578,880334455004,1729907,DEPOSIT,"배당금 입금","2025-05-04T02:35:59.160Z",
3579,210123987002,984387,DEPOSIT,"보너스 입금","2025-05-04T02:42:00.160Z",
3580,110456789001,511683,TRANSFER,"적금 이체","2025-05-04T03:12:43.160Z",330111222333
3581,880334455004,1437680,DEPOSIT,"배당금 입금","2025-05-04T03:47:40.160Z",
3582,110456789001,70066,PAYMENT,"식비 결제","2025-05-04T03:53:48.160Z",
3583,880334455004,947553,DEPOSIT,"월급 입금","2025-05-04T04:58:35.160Z",
3584,880334455004,1163655,DEPOSIT,"부업 수입","2025-05-04T05:33:02.160Z",
3585,110456789001,161086,PAYMENT,"온라인 쇼핑","2025-05-04T06:28:22.160Z",
3586,941566778003,2940,PAYMENT,"식비 결제","2025-05-04T06:55:09.160Z",
3587,880334455004,1255405,DEPOSIT,"자금 이체","2025-05-04T10:34:31.160Z",
3588,880334455004,1939430,DEPOSIT,"자금 이체","2025-05-04T10:57:46.160Z",
3589,880334455004,1056439,DEPOSIT,"배당금 입금","2025-05-04T11:51:51.160Z",
3590,110456789001,1253215,DEPOSIT,"월급 입금","2025-05-04T11:53:51.160Z",
3591,880334455004,1764888,DEPOSIT,"배당금 입금","2025-05-04T12:28:37.160Z",
3592,941566778003,2940,PAYMENT,"통신요금 납부","2025-05-04T12:43:34.160Z",
3593,210123987002,23074,TRANSFER,"대출이자 납부","2025-05-04T12:51:59.160Z",550987654321
3594,880334455004,2429677,DEPOSIT,"자금 이체","2025-05-04T12:55:26.160Z",
3595,880334455004,692748,DEPOSIT,"자금 이체","2025-05-04T12:55:50.160Z",
3596,110456789001,604895,TRANSFER,"적금 이체","2025-05-04T13:14:26.160Z",550987654321
3597,110456789001,464701,TRANSFER,"대출이자 납부","2025-05-04T13:22:43.160Z",660555444333
3598,941566778003,12000,WITHDRAWAL,"ATM 출금","2025-05-05T00:14:23.160Z",
3599,880334455004,2088535,DEPOSIT,"부업 수입","2025-05-05T00:50:28.160Z",
3600,110456789001,267183,DEPOSIT,"보너스 입금","2025-05-05T01:57:39.160Z",
3601,210123987002,2096692,DEPOSIT,"자금 이체","2025-05-05T02:06:50.160Z",
3602,880334455004,1418869,DEPOSIT,"월급 입금","2025-05-05T02:26:46.160Z",
3603,110456789001,198913,PAYMENT,"공과금 납부","2025-05-05T02:31:57.160Z",
3604,210123987002,3304948,DEPOSIT,"보너스 입금","2025-05-05T02:34:51.160Z",
3605,941566778003,12000,WITHDRAWAL,"ATM 출금","2025-05-05T07:26:51.160Z",
3606,880334455004,980336,DEPOSIT,"보너스 입금","2025-05-05T07:36:38.160Z",
3607,210123987002,185491,WITHDRAWAL,"생활비 출금","2025-05-05T07:51:14.160Z",
3608,210123987002,2835555,DEPOSIT,"자금 이체","2025-05-05T07:58:01.160Z",
3609,110456789001,76537,WITHDRAWAL,"의료비 출금","2025-05-05T08:58:52.160Z",
3610,110456789001,346587,TRANSFER,"친구에게 송금","2025-05-05T10:02:39.160Z",770123456789
3611,941566778003,12000,WITHDRAWAL,"경조사비","2025-05-05T10:35:11.160Z",
3612,210123987002,1202197,DEPOSIT,"자금 이체","2025-05-05T11:19:52.160Z",
3613,110456789001,264153,WITHDRAWAL,"경조사비","2025-05-05T12:47:10.160Z",
3614,110456789001,605312,DEPOSIT,"배당금 입금","2025-05-05T12:55:57.160Z",
3615,210123987002,510928,WITHDRAWAL,"ATM 출금","2025-05-05T13:16:45.160Z",
3616,880334455004,959968,DEPOSIT,"보너스 입금","2025-05-05T13:38:14.160Z",
3617,880334455004,1535964,DEPOSIT,"월급 입금","2025-05-06T00:39:55.160Z",
3618,110456789001,843163,TRANSFER,"친구에게 송금","2025-05-06T01:21:19.160Z",770123456789
3619,110456789001,203485,WITHDRAWAL,"교육비 출금","2025-05-06T01:24:08.160Z",
3620,210123987002,1408659,DEPOSIT,"배당금 입금","2025-05-06T02:29:48.160Z",
3621,941566778003,12000,WITHDRAWAL,"교육비 출금","2025-05-06T02:31:35.160Z",
3622,880334455004,150124,DEPOSIT,"배당금 입금","2025-05-06T03:35:18.160Z",
3623,110456789001,422431,TRANSFER,"적금 이체","2025-05-06T04:03:18.160Z",770123456789
3624,941566778003,12000,WITHDRAWAL,"경조사비","2025-05-06T05:38:25.160Z",
3625,941566778003,6000,PAYMENT,"온라인 쇼핑","2025-05-06T06:00:18.160Z",
3626,880334455004,1184715,DEPOSIT,"부업 수입","2025-05-06T06:29:14.160Z",
3627,110456789001,184819,TRANSFER,"대출이자 납부","2025-05-06T08:41:29.160Z",660555444333
3628,210123987002,3139635,DEPOSIT,"부업 수입","2025-05-06T09:02:16.160Z",
3629,880334455004,144437,DEPOSIT,"부업 수입","2025-05-06T09:15:41.160Z",
3630,210123987002,1141702,TRANSFER,"적금 이체","2025-05-06T11:12:30.160Z",770123456789
3631,880334455004,3026381,DEPOSIT,"월급 입금","2025-05-06T11:19:47.160Z",
3632,210123987002,1065163,TRANSFER,"적금 이체","2025-05-06T11:54:00.160Z",660555444333
3633,880334455004,2353307,DEPOSIT,"보너스 입금","2025-05-06T12:41:44.160Z",
3634,880334455004,3202734,DEPOSIT,"월급 입금","2025-05-06T12:50:34.160Z",
3635,880334455004,1643542,DEPOSIT,"배당금 입금","2025-05-06T13:34:01.160Z",
3636,210123987002,163551,WITHDRAWAL,"생활비 출금","2025-05-06T13:49:26.160Z",
3637,941566778003,6600,PAYMENT,"온라인 쇼핑","2025-05-07T00:31:08.160Z",
3638,941566778003,6600,PAYMENT,"교통비 결제","2025-05-07T00:59:58.160Z",
3639,941566778003,13200,WITHDRAWAL,"의료비 출금","2025-05-07T01:09:39.160Z",
3640,210123987002,533711,WITHDRAWAL,"생활비 출금","2025-05-07T01:12:45.160Z",
3641,880334455004,205403,DEPOSIT,"부업 수입","2025-05-07T02:23:57.160Z",
3642,110456789001,1100191,TRANSFER,"가족 송금","2025-05-07T02:58:53.160Z",330111222333
3643,210123987002,1990324,DEPOSIT,"월급 입금","2025-05-07T04:25:32.160Z",
3644,941566778003,13200,WITHDRAWAL,"경조사비","2025-05-07T04:33:51.160Z",
3645,110456789001,1170462,TRANSFER,"가족 송금","2025-05-07T04:43:00.160Z",550987654321
3646,880334455004,1907584,DEPOSIT,"월급 입금","2025-05-07T05:09:37.160Z",
3647,210123987002,839721,TRANSFER,"가족 송금","2025-05-07T06:10:31.160Z",770123456789
3648,110456789001,538599,WITHDRAWAL,"교육비 출금","2025-05-07T06:29:20.160Z",
3649,210123987002,117043,TRANSFER,"적금 이체","2025-05-07T07:02:14.160Z",330111222333
3650,941566778003,6600,PAYMENT,"식비 결제","2025-05-07T07:03:48.160Z",
3651,880334455004,2962000,DEPOSIT,"월급 입금","2025-05-07T07:29:32.160Z",
3652,880334455004,1737879,DEPOSIT,"보너스 입금","2025-05-07T07:34:13.160Z",
3653,941566778003,13200,WITHDRAWAL,"의료비 출금","2025-05-07T08:31:11.160Z",
3654,941566778003,6600,PAYMENT,"온라인 쇼핑","2025-05-07T08:52:40.160Z",
3655,110456789001,2295126,DEPOSIT,"배당금 입금","2025-05-07T09:17:06.160Z",
3656,880334455004,2395516,DEPOSIT,"부업 수입","2025-05-07T09:51:44.160Z",
3657,880334455004,1388566,DEPOSIT,"월급 입금","2025-05-07T10:34:34.160Z",
3658,210123987002,3532097,DEPOSIT,"자금 이체","2025-05-07T10:47:49.160Z",
3659,880334455004,2502712,DEPOSIT,"부업 수입","2025-05-07T11:22:24.160Z",
3660,110456789001,250783,WITHDRAWAL,"경조사비","2025-05-07T11:30:05.160Z",
3661,210123987002,1153100,TRANSFER,"적금 이체","2025-05-07T11:45:31.160Z",660555444333
3662,941566778003,6600,PAYMENT,"온라인 쇼핑","2025-05-07T12:04:16.160Z",
3663,880334455004,655034,DEPOSIT,"배당금 입금","2025-05-07T12:55:00.160Z",
3664,880334455004,149843,DEPOSIT,"자금 이체","2025-05-07T13:06:31.160Z",
3665,210123987002,3227710,DEPOSIT,"보너스 입금","2025-05-07T13:38:29.160Z",
3666,941566778003,7200,PAYMENT,"보험료 납부","2025-05-08T00:15:36.160Z",
3667,210123987002,366931,DEPOSIT,"배당금 입금","2025-05-08T00:45:02.160Z",
3668,941566778003,14400,WITHDRAWAL,"생활비 출금","2025-05-08T01:13:12.160Z",
3669,210123987002,1154992,DEPOSIT,"보너스 입금","2025-05-08T01:27:08.160Z",
3670,880334455004,1676559,DEPOSIT,"보너스 입금","2025-05-08T02:52:00.160Z",
3671,110456789001,421907,DEPOSIT,"배당금 입금","2025-05-08T03:57:24.160Z",
3672,210123987002,1216441,TRANSFER,"적금 이체","2025-05-08T04:39:56.160Z",660555444333
3673,941566778003,7200,PAYMENT,"공과금 납부","2025-05-08T05:54:24.160Z",
3674,110456789001,612650,TRANSFER,"월세 이체","2025-05-08T06:38:40.160Z",550987654321
3675,941566778003,7200,PAYMENT,"통신요금 납부","2025-05-08T07:32:30.160Z",
3676,941566778003,7200,PAYMENT,"식비 결제","2025-05-08T07:41:25.160Z",
3677,110456789001,496980,WITHDRAWAL,"ATM 출금","2025-05-08T08:04:40.160Z",
3678,210123987002,273750,WITHDRAWAL,"경조사비","2025-05-08T09:00:09.160Z",
3679,210123987002,316086,WITHDRAWAL,"ATM 출금","2025-05-08T11:14:28.160Z",
3680,880334455004,2211905,DEPOSIT,"자금 이체","2025-05-08T11:45:54.160Z",
3681,110456789001,433524,WITHDRAWAL,"경조사비","2025-05-08T13:00:30.160Z",
3682,941566778003,14400,WITHDRAWAL,"경조사비","2025-05-08T13:48:43.160Z",
3683,941566778003,15600,WITHDRAWAL,"경조사비","2025-05-09T00:23:21.160Z",
3684,210123987002,244221,TRANSFER,"적금 이체","2025-05-09T00:24:45.160Z",770123456789
3685,941566778003,15600,WITHDRAWAL,"의료비 출금","2025-05-09T00:26:10.160Z",
3686,941566778003,7800,PAYMENT,"공과금 납부","2025-05-09T01:09:19.160Z",
3687,210123987002,535969,WITHDRAWAL,"교육비 출금","2025-05-09T02:10:51.160Z",
3688,110456789001,253217,WITHDRAWAL,"교육비 출금","2025-05-09T02:49:07.160Z",
3689,941566778003,15600,WITHDRAWAL,"ATM 출금","2025-05-09T05:04:12.160Z",
3690,941566778003,7800,PAYMENT,"식비 결제","2025-05-09T06:13:22.160Z",
3691,941566778003,15600,WITHDRAWAL,"의료비 출금","2025-05-09T07:16:49.160Z",
3692,210123987002,355356,TRANSFER,"친구에게 송금","2025-05-09T07:42:54.160Z",770123456789
3693,110456789001,1468027,TRANSFER,"월세 이체","2025-05-09T07:47:03.160Z",550987654321
3694,941566778003,7800,PAYMENT,"식비 결제","2025-05-09T08:52:23.160Z",
3695,210123987002,689942,TRANSFER,"월세 이체","2025-05-09T09:19:50.160Z",330111222333
3696,110456789001,446122,PAYMENT,"온라인 쇼핑","2025-05-09T09:25:11.160Z",
3697,941566778003,15600,WITHDRAWAL,"생활비 출금","2025-05-09T10:24:14.160Z",
3698,210123987002,326243,WITHDRAWAL,"생활비 출금","2025-05-09T10:44:40.160Z",
3699,941566778003,7800,PAYMENT,"식비 결제","2025-05-09T11:16:21.160Z",
3700,110456789001,463177,PAYMENT,"식비 결제","2025-05-09T11:50:20.160Z",
3701,210123987002,476391,WITHDRAWAL,"교육비 출금","2025-05-09T11:57:09.160Z",
3702,880334455004,2057738,DEPOSIT,"보너스 입금","2025-05-09T12:27:25.160Z",
3703,210123987002,480195,WITHDRAWAL,"의료비 출금","2025-05-09T13:21:00.160Z",
3704,110456789001,457869,PAYMENT,"통신요금 납부","2025-05-09T13:21:25.160Z",
3705,210123987002,2737283,DEPOSIT,"배당금 입금","2025-05-10T02:51:18.160Z",
3706,110456789001,2250881,DEPOSIT,"월급 입금","2025-05-10T05:11:18.160Z",
3707,941566778003,13200,WITHDRAWAL,"생활비 출금","2025-05-10T06:21:20.160Z",
3708,941566778003,13200,WITHDRAWAL,"생활비 출금","2025-05-10T06:39:59.160Z",
3709,941566778003,4620,PAYMENT,"통신요금 납부","2025-05-10T06:56:22.160Z",
3710,880334455004,923118,DEPOSIT,"월급 입금","2025-05-10T08:44:23.160Z",
3711,110456789001,202008,TRANSFER,"친구에게 송금","2025-05-10T08:51:33.160Z",330111222333
3712,880334455004,2240097,DEPOSIT,"배당금 입금","2025-05-10T09:26:31.160Z",
3713,941566778003,4620,PAYMENT,"공과금 납부","2025-05-10T10:42:23.160Z",
3714,880334455004,2377614,DEPOSIT,"월급 입금","2025-05-10T10:49:45.160Z",
3715,210123987002,427162,WITHDRAWAL,"생활비 출금","2025-05-10T13:10:52.160Z",
3716,110456789001,537280,WITHDRAWAL,"교육비 출금","2025-05-10T13:52:34.160Z",
3717,110456789001,143416,PAYMENT,"식비 결제","2025-05-11T00:40:12.160Z",
3718,110456789001,476851,TRANSFER,"가족 송금","2025-05-11T02:28:15.160Z",770123456789
3719,210123987002,404087,TRANSFER,"가족 송금","2025-05-11T02:48:15.160Z",330111222333
3720,110456789001,1779937,DEPOSIT,"자금 이체","2025-05-11T03:15:36.160Z",
3721,880334455004,1887636,DEPOSIT,"부업 수입","2025-05-11T03:52:22.160Z",
3722,880334455004,2100930,DEPOSIT,"자금 이체","2025-05-11T03:58:19.160Z",
3723,880334455004,487497,DEPOSIT,"부업 수입","2025-05-11T05:43:45.160Z",
3724,210123987002,197021,TRANSFER,"친구에게 송금","2025-05-11T06:27:22.160Z",770123456789
3725,210123987002,763294,DEPOSIT,"보너스 입금","2025-05-11T09:29:08.160Z",
3726,110456789001,151102,TRANSFER,"적금 이체","2025-05-11T10:03:06.160Z",660555444333
3727,210123987002,295570,WITHDRAWAL,"교육비 출금","2025-05-11T10:03:30.160Z",
3728,110456789001,128720,WITHDRAWAL,"경조사비","2025-05-11T11:33:10.160Z",
3729,941566778003,8400,WITHDRAWAL,"경조사비","2025-05-11T13:44:26.160Z",
3730,941566778003,12000,WITHDRAWAL,"경조사비","2025-05-12T00:24:25.160Z",
3731,880334455004,2494326,DEPOSIT,"보너스 입금","2025-05-12T00:35:30.160Z",
3732,210123987002,562332,WITHDRAWAL,"생활비 출금","2025-05-12T01:37:57.160Z",
3733,110456789001,92482,PAYMENT,"보험료 납부","2025-05-12T03:09:38.160Z",
3734,110456789001,14158,PAYMENT,"보험료 납부","2025-05-12T03:52:42.160Z",
3735,941566778003,6000,PAYMENT,"보험료 납부","2025-05-12T04:22:04.160Z",
3736,880334455004,3121545,DEPOSIT,"부업 수입","2025-05-12T04:43:44.160Z",
3737,941566778003,6000,PAYMENT,"교통비 결제","2025-05-12T04:56:09.160Z",
3738,110456789001,459524,WITHDRAWAL,"의료비 출금","2025-05-12T05:20:05.160Z",
3739,210123987002,330288,WITHDRAWAL,"경조사비","2025-05-12T05:36:31.160Z",
3740,941566778003,12000,WITHDRAWAL,"ATM 출금","2025-05-12T06:26:48.160Z",
3741,210123987002,2254165,DEPOSIT,"부업 수입","2025-05-12T07:52:21.160Z",
3742,110456789001,224550,PAYMENT,"통신요금 납부","2025-05-12T09:12:40.160Z",
3743,880334455004,2733846,DEPOSIT,"자금 이체","2025-05-12T09:20:09.160Z",
3744,880334455004,1582817,DEPOSIT,"보너스 입금","2025-05-12T09:46:28.160Z",
3745,110456789001,148596,PAYMENT,"카드대금 결제","2025-05-12T10:09:08.160Z",
3746,880334455004,2051145,DEPOSIT,"자금 이체","2025-05-12T10:12:36.160Z",
3747,941566778003,12000,WITHDRAWAL,"의료비 출금","2025-05-12T11:05:42.160Z",
3748,210123987002,1875719,DEPOSIT,"부업 수입","2025-05-13T00:42:48.160Z",
3749,110456789001,213798,TRANSFER,"대출이자 납부","2025-05-13T00:45:05.160Z",660555444333
3750,210123987002,2116984,DEPOSIT,"월급 입금","2025-05-13T00:49:17.160Z",
3751,880334455004,3226703,DEPOSIT,"부업 수입","2025-05-13T01:03:02.160Z",
3752,110456789001,219634,PAYMENT,"온라인 쇼핑","2025-05-13T01:49:44.160Z",
3753,941566778003,12000,WITHDRAWAL,"생활비 출금","2025-05-13T02:12:07.160Z",
3754,210123987002,1006255,TRANSFER,"적금 이체","2025-05-13T02:27:32.160Z",330111222333
3755,941566778003,6000,PAYMENT,"카드대금 결제","2025-05-13T04:10:18.160Z",
3756,210123987002,197284,DEPOSIT,"부업 수입","2025-05-13T04:43:25.160Z",
3757,110456789001,96726,WITHDRAWAL,"생활비 출금","2025-05-13T05:06:20.160Z",
3758,210123987002,1156088,TRANSFER,"대출이자 납부","2025-05-13T05:59:27.160Z",770123456789
3759,110456789001,250967,PAYMENT,"식비 결제","2025-05-13T06:28:09.160Z",
3760,110456789001,1001174,DEPOSIT,"보너스 입금","2025-05-13T08:54:09.160Z",
3761,941566778003,12000,WITHDRAWAL,"의료비 출금","2025-05-13T09:39:00.160Z",
3762,880334455004,2338547,DEPOSIT,"보너스 입금","2025-05-13T11:40:15.160Z",
3763,880334455004,1296499,DEPOSIT,"자금 이체","2025-05-13T12:01:37.160Z",
3764,941566778003,12000,WITHDRAWAL,"생활비 출금","2025-05-13T12:46:13.160Z",
3765,941566778003,6000,PAYMENT,"보험료 납부","2025-05-13T13:04:26.160Z",
3766,880334455004,816180,DEPOSIT,"자금 이체","2025-05-13T13:13:21.160Z",
3767,210123987002,1089591,TRANSFER,"친구에게 송금","2025-05-13T13:20:50.160Z",330111222333
3768,210123987002,2287867,DEPOSIT,"부업 수입","2025-05-13T13:35:22.160Z",
3769,110456789001,64707,PAYMENT,"공과금 납부","2025-05-13T13:58:53.160Z",
3770,941566778003,13200,WITHDRAWAL,"경조사비","2025-05-14T00:10:27.160Z",
3771,941566778003,13200,WITHDRAWAL,"생활비 출금","2025-05-14T00:32:58.160Z",
3772,941566778003,6600,PAYMENT,"공과금 납부","2025-05-14T01:14:52.160Z",
3773,880334455004,323936,DEPOSIT,"월급 입금","2025-05-14T01:46:22.160Z",
3774,210123987002,451158,WITHDRAWAL,"경조사비","2025-05-14T01:54:48.160Z",
3775,880334455004,1340075,DEPOSIT,"월급 입금","2025-05-14T03:08:54.160Z",
3776,110456789001,113611,TRANSFER,"월세 이체","2025-05-14T03:35:28.160Z",550987654321
3777,210123987002,3817433,DEPOSIT,"보너스 입금","2025-05-14T04:14:28.160Z",
3778,880334455004,1668866,DEPOSIT,"보너스 입금","2025-05-14T04:47:06.160Z",
3779,880334455004,537873,DEPOSIT,"부업 수입","2025-05-14T05:22:02.160Z",
3780,210123987002,653156,TRANSFER,"대출이자 납부","2025-05-14T05:41:58.160Z",770123456789
3781,110456789001,175430,PAYMENT,"통신요금 납부","2025-05-14T05:49:56.160Z",
3782,941566778003,6600,PAYMENT,"교통비 결제","2025-05-14T06:16:00.160Z",
3783,210123987002,3728031,DEPOSIT,"자금 이체","2025-05-14T07:29:42.160Z",
3784,210123987002,3834812,DEPOSIT,"배당금 입금","2025-05-14T07:34:47.160Z",
3785,941566778003,13200,WITHDRAWAL,"의료비 출금","2025-05-14T07:35:42.160Z",
3786,110456789001,1213638,DEPOSIT,"월급 입금","2025-05-14T07:53:37.160Z",
3787,210123987002,1246467,DEPOSIT,"월급 입금","2025-05-14T08:11:35.160Z",
3788,941566778003,13200,WITHDRAWAL,"교육비 출금","2025-05-14T09:05:03.160Z",
3789,210123987002,214768,WITHDRAWAL,"경조사비","2025-05-14T10:47:12.160Z",
3790,110456789001,126206,PAYMENT,"공과금 납부","2025-05-14T11:30:17.160Z",
3791,210123987002,924632,DEPOSIT,"자금 이체","2025-05-14T12:11:56.160Z",
3792,110456789001,569896,TRANSFER,"대출이자 납부","2025-05-14T12:54:51.160Z",770123456789
3793,110456789001,605962,TRANSFER,"가족 송금","2025-05-14T13:58:41.160Z",330111222333
3794,880334455004,2456985,DEPOSIT,"보너스 입금","2025-05-15T00:42:59.160Z",
3795,941566778003,7200,PAYMENT,"통신요금 납부","2025-05-15T01:00:15.160Z",
3796,110456789001,684932,WITHDRAWAL,"교육비 출금","2025-05-15T01:34:31.160Z",
3797,880334455004,569291,DEPOSIT,"보너스 입금","2025-05-15T02:42:19.160Z",
3798,880334455004,3064959,DEPOSIT,"배당금 입금","2025-05-15T03:04:24.160Z",
3799,210123987002,4265697,DEPOSIT,"월급 입금","2025-05-15T03:06:31.160Z",
3800,210123987002,348015,WITHDRAWAL,"의료비 출금","2025-05-15T03:15:56.160Z",
3801,210123987002,3032507,DEPOSIT,"월급 입금","2025-05-15T03:24:34.160Z",
3802,941566778003,14400,WITHDRAWAL,"경조사비","2025-05-15T05:52:09.160Z",
3803,941566778003,14400,WITHDRAWAL,"ATM 출금","2025-05-15T06:06:29.160Z",
3804,941566778003,7200,PAYMENT,"통신요금 납부","2025-05-15T06:35:40.160Z",
3805,110456789001,330669,PAYMENT,"온라인 쇼핑","2025-05-15T08:16:25.160Z",
3806,210123987002,545629,TRANSFER,"가족 송금","2025-05-15T08:53:43.160Z",550987654321
3807,880334455004,3865799,DEPOSIT,"월급 입금","2025-05-15T09:20:21.160Z",
3808,880334455004,2364807,DEPOSIT,"자금 이체","2025-05-15T09:34:12.160Z",
3809,880334455004,1526234,DEPOSIT,"월급 입금","2025-05-15T10:13:47.160Z",
3810,941566778003,7200,PAYMENT,"온라인 쇼핑","2025-05-15T10:39:36.160Z",
3811,210123987002,717313,DEPOSIT,"보너스 입금","2025-05-15T11:16:58.160Z",
3812,941566778003,7200,PAYMENT,"카드대금 결제","2025-05-15T11:33:25.160Z",
3813,880334455004,4006407,DEPOSIT,"보너스 입금","2025-05-15T12:02:01.160Z",
3814,941566778003,14400,WITHDRAWAL,"ATM 출금","2025-05-15T12:11:07.160Z",
3815,880334455004,3471316,DEPOSIT,"배당금 입금","2025-05-15T12:13:05.160Z",
3816,210123987002,938707,TRANSFER,"가족 송금","2025-05-15T12:25:22.160Z",330111222333
3817,210123987002,276768,TRANSFER,"적금 이체","2025-05-15T12:57:09.160Z",770123456789
3818,210123987002,2515325,DEPOSIT,"배당금 입금","2025-05-16T00:19:30.160Z",
3819,210123987002,307388,WITHDRAWAL,"생활비 출금","2025-05-16T01:49:19.160Z",
3820,110456789001,1873146,DEPOSIT,"배당금 입금","2025-05-16T01:50:12.160Z",
3821,941566778003,7800,PAYMENT,"카드대금 결제","2025-05-16T02:24:59.160Z",
3822,210123987002,935936,TRANSFER,"월세 이체","2025-05-16T02:56:34.160Z",660555444333
3823,110456789001,1545510,TRANSFER,"월세 이체","2025-05-16T03:59:44.160Z",330111222333
3824,880334455004,329367,DEPOSIT,"자금 이체","2025-05-16T04:08:45.160Z",
3825,210123987002,287517,TRANSFER,"월세 이체","2025-05-16T04:14:16.160Z",550987654321
3826,880334455004,849269,DEPOSIT,"배당금 입금","2025-05-16T04:45:54.160Z",
3827,210123987002,1771174,DEPOSIT,"배당금 입금","2025-05-16T07:35:44.160Z",
3828,110456789001,420863,PAYMENT,"보험료 납부","2025-05-16T08:40:41.160Z",
3829,210123987002,116167,WITHDRAWAL,"ATM 출금","2025-05-16T10:20:35.160Z",
3830,210123987002,3600659,DEPOSIT,"배당금 입금","2025-05-16T11:14:37.160Z",
3831,880334455004,1571098,DEPOSIT,"부업 수입","2025-05-16T11:25:42.160Z",
3832,210123987002,1145491,TRANSFER,"가족 송금","2025-05-16T11:53:25.160Z",330111222333
3833,941566778003,15600,WITHDRAWAL,"경조사비","2025-05-16T12:12:21.160Z",
3834,941566778003,7800,PAYMENT,"통신요금 납부","2025-05-16T13:06:45.160Z",
3835,110456789001,221333,PAYMENT,"통신요금 납부","2025-05-16T13:07:21.160Z",
3836,110456789001,441568,PAYMENT,"통신요금 납부","2025-05-16T13:18:18.160Z",
3837,880334455004,2217070,DEPOSIT,"부업 수입","2025-05-16T13:54:34.160Z",
3838,880334455004,2692062,DEPOSIT,"보너스 입금","2025-05-17T00:16:35.160Z",
3839,941566778003,4620,PAYMENT,"온라인 쇼핑","2025-05-17T00:43:12.160Z",
3840,880334455004,2644984,DEPOSIT,"자금 이체","2025-05-17T00:52:39.160Z",
3841,880334455004,1513886,DEPOSIT,"부업 수입","2025-05-17T01:03:06.160Z",
3842,880334455004,2277576,DEPOSIT,"자금 이체","2025-05-17T02:04:28.160Z",
3843,941566778003,4620,PAYMENT,"온라인 쇼핑","2025-05-17T02:33:00.160Z",
3844,110456789001,718750,TRANSFER,"대출이자 납부","2025-05-17T02:43:47.160Z",330111222333
3845,941566778003,4620,PAYMENT,"보험료 납부","2025-05-17T03:31:59.160Z",
3846,880334455004,297242,DEPOSIT,"배당금 입금","2025-05-17T04:02:43.160Z",
3847,880334455004,3359643,DEPOSIT,"보너스 입금","2025-05-17T07:09:27.160Z",
3848,880334455004,2284054,DEPOSIT,"보너스 입금","2025-05-17T07:28:28.160Z",
3849,110456789001,571842,WITHDRAWAL,"교육비 출금","2025-05-17T08:27:54.160Z",
3850,110456789001,760456,DEPOSIT,"보너스 입금","2025-05-17T08:45:21.160Z",
3851,941566778003,13200,WITHDRAWAL,"의료비 출금","2025-05-17T08:50:54.160Z",
3852,210123987002,265423,TRANSFER,"대출이자 납부","2025-05-17T09:30:58.160Z",660555444333
3853,880334455004,2628638,DEPOSIT,"보너스 입금","2025-05-17T09:40:25.160Z",
3854,210123987002,53050,WITHDRAWAL,"의료비 출금","2025-05-17T10:22:14.160Z",
3855,210123987002,171664,WITHDRAWAL,"경조사비","2025-05-17T10:48:13.160Z",
3856,880334455004,995886,DEPOSIT,"배당금 입금","2025-05-17T10:57:21.160Z",
3857,110456789001,47339,PAYMENT,"보험료 납부","2025-05-17T11:28:23.160Z",
3858,941566778003,4620,PAYMENT,"식비 결제","2025-05-17T12:17:50.160Z",
3859,210123987002,225392,TRANSFER,"월세 이체","2025-05-17T13:00:57.160Z",330111222333
3860,110456789001,2383365,DEPOSIT,"월급 입금","2025-05-18T01:09:20.160Z",
3861,941566778003,2940,PAYMENT,"공과금 납부","2025-05-18T02:20:23.160Z",
3862,880334455004,631212,DEPOSIT,"자금 이체","2025-05-18T02:42:25.160Z",
3863,110456789001,176279,PAYMENT,"온라인 쇼핑","2025-05-18T03:32:02.160Z",
3864,210123987002,63023,WITHDRAWAL,"의료비 출금","2025-05-18T04:04:30.160Z",
3865,880334455004,1164599,DEPOSIT,"부업 수입","2025-05-18T05:31:08.160Z",
3866,941566778003,8400,WITHDRAWAL,"의료비 출금","2025-05-18T05:36:23.160Z",
3867,110456789001,378832,WITHDRAWAL,"의료비 출금","2025-05-18T06:12:08.160Z",
3868,941566778003,8400,WITHDRAWAL,"의료비 출금","2025-05-18T06:45:00.160Z",
3869,210123987002,407639,WITHDRAWAL,"경조사비","2025-05-18T08:16:02.160Z",
3870,210123987002,1733909,DEPOSIT,"배당금 입금","2025-05-18T09:04:31.160Z",
3871,941566778003,8400,WITHDRAWAL,"ATM 출금","2025-05-18T09:22:05.160Z",
3872,210123987002,1015301,DEPOSIT,"부업 수입","2025-05-18T09:23:21.160Z",
3873,880334455004,1410263,DEPOSIT,"배당금 입금","2025-05-18T09:30:32.160Z",
3874,110456789001,78466,PAYMENT,"교통비 결제","2025-05-18T09:31:23.160Z",
3875,941566778003,8400,WITHDRAWAL,"ATM 출금","2025-05-18T09:33:49.160Z",
3876,941566778003,2940,PAYMENT,"카드대금 결제","2025-05-18T09:42:26.160Z",
3877,210123987002,799709,TRANSFER,"친구에게 송금","2025-05-18T10:21:53.160Z",330111222333
3878,880334455004,1119981,DEPOSIT,"보너스 입금","2025-05-18T11:08:30.160Z",
3879,110456789001,116613,TRANSFER,"가족 송금","2025-05-18T13:05:20.160Z",660555444333
3880,110456789001,213263,TRANSFER,"월세 이체","2025-05-18T13:08:53.160Z",330111222333
3881,880334455004,1087042,DEPOSIT,"월급 입금","2025-05-18T13:30:30.160Z",
3882,880334455004,1288935,DEPOSIT,"부업 수입","2025-05-18T13:48:29.160Z",
3883,210123987002,328524,WITHDRAWAL,"ATM 출금","2025-05-18T13:50:38.160Z",
3884,110456789001,17265,TRANSFER,"친구에게 송금","2025-05-18T13:58:59.160Z",770123456789
3885,880334455004,2008231,DEPOSIT,"자금 이체","2025-05-19T00:32:28.160Z",
3886,110456789001,939361,TRANSFER,"가족 송금","2025-05-19T00:42:18.160Z",330111222333
3887,880334455004,546799,DEPOSIT,"부업 수입","2025-05-19T00:46:07.160Z",
3888,110456789001,191555,WITHDRAWAL,"교육비 출금","2025-05-19T02:47:57.160Z",
3889,880334455004,202371,DEPOSIT,"부업 수입","2025-05-19T03:23:10.160Z",
3890,110456789001,1370506,DEPOSIT,"보너스 입금","2025-05-19T03:26:07.160Z",
3891,210123987002,1903098,DEPOSIT,"보너스 입금","2025-05-19T05:27:23.160Z",
3892,941566778003,12000,WITHDRAWAL,"경조사비","2025-05-19T06:12:18.160Z",
3893,941566778003,6000,PAYMENT,"온라인 쇼핑","2025-05-19T07:13:06.160Z",
3894,941566778003,6000,PAYMENT,"교통비 결제","2025-05-19T07:31:21.160Z",
3895,210123987002,1042175,TRANSFER,"가족 송금","2025-05-19T07:44:54.160Z",330111222333
3896,110456789001,502149,WITHDRAWAL,"교육비 출금","2025-05-19T08:41:23.160Z",
3897,941566778003,6000,PAYMENT,"교통비 결제","2025-05-19T09:26:58.160Z",
3898,110456789001,331895,WITHDRAWAL,"의료비 출금","2025-05-19T09:50:22.160Z",
3899,941566778003,6000,PAYMENT,"온라인 쇼핑","2025-05-19T10:59:30.160Z",
3900,210123987002,502482,TRANSFER,"적금 이체","2025-05-19T11:15:17.160Z",660555444333
3901,210123987002,186397,WITHDRAWAL,"ATM 출금","2025-05-19T11:55:17.160Z",
3902,880334455004,2957431,DEPOSIT,"보너스 입금","2025-05-19T12:41:59.160Z",
3903,210123987002,101507,WITHDRAWAL,"교육비 출금","2025-05-19T12:55:43.160Z",
3904,210123987002,2737549,DEPOSIT,"배당금 입금","2025-05-19T13:28:01.160Z",
3905,941566778003,12000,WITHDRAWAL,"경조사비","2025-05-19T13:50:12.160Z",
3906,210123987002,431657,WITHDRAWAL,"경조사비","2025-05-20T00:05:36.160Z",
3907,880334455004,897919,DEPOSIT,"자금 이체","2025-05-20T00:12:02.160Z",
3908,941566778003,6000,PAYMENT,"카드대금 결제","2025-05-20T01:47:30.160Z",
3909,210123987002,458145,WITHDRAWAL,"교육비 출금","2025-05-20T02:15:13.160Z",
3910,941566778003,6000,PAYMENT,"공과금 납부","2025-05-20T02:52:15.160Z",
3911,880334455004,1798246,DEPOSIT,"자금 이체","2025-05-20T04:00:20.160Z",
3912,941566778003,6000,PAYMENT,"카드대금 결제","2025-05-20T06:51:55.160Z",
3913,210123987002,259045,WITHDRAWAL,"교육비 출금","2025-05-20T07:00:55.160Z",
3914,880334455004,600323,DEPOSIT,"월급 입금","2025-05-20T07:09:44.160Z",
3915,210123987002,64404,WITHDRAWAL,"경조사비","2025-05-20T08:05:01.160Z",
3916,880334455004,498856,DEPOSIT,"보너스 입금","2025-05-20T08:09:33.160Z",
3917,880334455004,1802658,DEPOSIT,"보너스 입금","2025-05-20T08:15:48.160Z",
3918,110456789001,344885,DEPOSIT,"배당금 입금","2025-05-20T09:18:24.160Z",
3919,880334455004,555212,DEPOSIT,"월급 입금","2025-05-20T09:53:05.160Z",
3920,880334455004,2091399,DEPOSIT,"배당금 입금","2025-05-20T10:16:53.160Z",
3921,210123987002,395689,WITHDRAWAL,"교육비 출금","2025-05-20T10:49:21.160Z",
3922,880334455004,3203274,DEPOSIT,"배당금 입금","2025-05-20T10:52:55.160Z",
3923,880334455004,3068194,DEPOSIT,"자금 이체","2025-05-20T10:56:48.160Z",
3924,210123987002,832023,TRANSFER,"적금 이체","2025-05-20T11:20:31.160Z",770123456789
3925,210123987002,287951,WITHDRAWAL,"경조사비","2025-05-20T12:21:41.160Z",
3926,210123987002,132076,TRANSFER,"월세 이체","2025-05-20T13:01:05.160Z",550987654321
3927,941566778003,6000,PAYMENT,"온라인 쇼핑","2025-05-20T13:54:33.160Z",
3928,210123987002,503221,TRANSFER,"월세 이체","2025-05-21T00:33:40.160Z",660555444333
3929,941566778003,13200,WITHDRAWAL,"경조사비","2025-05-21T00:53:58.160Z",
3930,210123987002,489178,TRANSFER,"친구에게 송금","2025-05-21T01:15:25.160Z",660555444333
3931,110456789001,574712,TRANSFER,"친구에게 송금","2025-05-21T01:27:31.160Z",550987654321
3932,110456789001,1140049,TRANSFER,"친구에게 송금","2025-05-21T01:32:33.160Z",550987654321
3933,210123987002,1364581,DEPOSIT,"배당금 입금","2025-05-21T01:50:31.160Z",
3934,210123987002,681861,TRANSFER,"친구에게 송금","2025-05-21T02:20:44.160Z",770123456789
3935,880334455004,2319649,DEPOSIT,"월급 입금","2025-05-21T02:45:50.160Z",
3936,880334455004,512510,DEPOSIT,"월급 입금","2025-05-21T02:49:15.160Z",
3937,941566778003,6600,PAYMENT,"교통비 결제","2025-05-21T03:30:17.160Z",
3938,110456789001,647281,TRANSFER,"적금 이체","2025-05-21T03:43:47.160Z",660555444333
3939,941566778003,13200,WITHDRAWAL,"ATM 출금","2025-05-21T04:12:03.160Z",
3940,941566778003,13200,WITHDRAWAL,"의료비 출금","2025-05-21T04:13:32.160Z",
3941,210123987002,594181,WITHDRAWAL,"의료비 출금","2025-05-21T04:42:06.160Z",
3942,210123987002,601327,TRANSFER,"적금 이체","2025-05-21T06:35:38.160Z",660555444333
3943,880334455004,2234262,DEPOSIT,"배당금 입금","2025-05-21T06:42:42.160Z",
3944,941566778003,6600,PAYMENT,"통신요금 납부","2025-05-21T06:54:52.160Z",
3945,210123987002,428072,TRANSFER,"적금 이체","2025-05-21T08:31:04.160Z",330111222333
3946,941566778003,13200,WITHDRAWAL,"의료비 출금","2025-05-21T08:59:13.160Z",
3947,210123987002,3189447,DEPOSIT,"자금 이체","2025-05-21T09:21:08.160Z",
3948,880334455004,940618,DEPOSIT,"월급 입금","2025-05-21T10:11:05.160Z",
3949,880334455004,2721842,DEPOSIT,"부업 수입","2025-05-21T10:38:25.160Z",
3950,880334455004,3139402,DEPOSIT,"월급 입금","2025-05-21T11:57:23.160Z",
3951,941566778003,13200,WITHDRAWAL,"생활비 출금","2025-05-21T12:42:02.160Z",
3952,210123987002,404463,WITHDRAWAL,"교육비 출금","2025-05-21T13:50:50.160Z",
3953,110456789001,42845,PAYMENT,"온라인 쇼핑","2025-05-22T00:14:10.160Z",
3954,110456789001,47834,WITHDRAWAL,"생활비 출금","2025-05-22T00:17:42.160Z",
3955,941566778003,7200,PAYMENT,"공과금 납부","2025-05-22T02:05:46.160Z",
3956,880334455004,1040432,DEPOSIT,"부업 수입","2025-05-22T02:34:22.160Z",
3957,941566778003,14400,WITHDRAWAL,"의료비 출금","2025-05-22T02:49:50.160Z",
3958,210123987002,110480,TRANSFER,"친구에게 송금","2025-05-22T03:47:02.160Z",550987654321
3959,110456789001,221298,TRANSFER,"친구에게 송금","2025-05-22T04:36:13.160Z",770123456789
3960,880334455004,3357368,DEPOSIT,"자금 이체","2025-05-22T04:38:10.160Z",
3961,210123987002,762331,TRANSFER,"가족 송금","2025-05-22T05:07:42.160Z",330111222333
3962,880334455004,260037,DEPOSIT,"월급 입금","2025-05-22T06:37:49.160Z",
3963,210123987002,530376,WITHDRAWAL,"의료비 출금","2025-05-22T07:20:34.160Z",
3964,110456789001,1035939,TRANSFER,"친구에게 송금","2025-05-22T08:40:35.160Z",550987654321
3965,880334455004,1573136,DEPOSIT,"월급 입금","2025-05-22T09:34:00.160Z",
3966,210123987002,407081,WITHDRAWAL,"교육비 출금","2025-05-22T10:25:34.160Z",
3967,210123987002,513739,WITHDRAWAL,"경조사비","2025-05-22T12:09:49.160Z",
3968,941566778003,7200,PAYMENT,"교통비 결제","2025-05-22T12:48:49.160Z",
3969,210123987002,661674,WITHDRAWAL,"교육비 출금","2025-05-22T12:49:39.160Z",
3970,110456789001,580697,WITHDRAWAL,"생활비 출금","2025-05-22T12:50:31.160Z",
3971,210123987002,123518,WITHDRAWAL,"의료비 출금","2025-05-22T12:52:51.160Z",
3972,880334455004,466275,DEPOSIT,"배당금 입금","2025-05-22T13:10:43.160Z",
3973,110456789001,260358,TRANSFER,"가족 송금","2025-05-22T13:52:52.160Z",330111222333
3974,110456789001,110923,DEPOSIT,"부업 수입","2025-05-23T00:14:01.160Z",
3975,210123987002,3578669,DEPOSIT,"월급 입금","2025-05-23T00:14:46.160Z",
3976,110456789001,180435,WITHDRAWAL,"의료비 출금","2025-05-23T00:53:04.160Z",
3977,110456789001,437556,WITHDRAWAL,"ATM 출금","2025-05-23T01:17:09.160Z",
3978,880334455004,2068935,DEPOSIT,"보너스 입금","2025-05-23T02:19:07.160Z",
3979,880334455004,2170954,DEPOSIT,"배당금 입금","2025-05-23T04:14:01.160Z",
3980,110456789001,3405087,DEPOSIT,"자금 이체","2025-05-23T06:24:53.160Z",
3981,110456789001,210047,WITHDRAWAL,"의료비 출금","2025-05-23T06:25:49.160Z",
3982,210123987002,167648,WITHDRAWAL,"교육비 출금","2025-05-23T07:40:51.160Z",
3983,110456789001,1399839,DEPOSIT,"배당금 입금","2025-05-23T08:04:04.160Z",
3984,110456789001,994662,TRANSFER,"친구에게 송금","2025-05-23T08:53:37.160Z",550987654321
3985,210123987002,887895,DEPOSIT,"배당금 입금","2025-05-23T09:39:14.160Z",
3986,941566778003,15600,WITHDRAWAL,"경조사비","2025-05-23T09:49:37.160Z",
3987,110456789001,353514,TRANSFER,"대출이자 납부","2025-05-23T10:04:42.160Z",770123456789
3988,880334455004,1963585,DEPOSIT,"배당금 입금","2025-05-23T10:07:22.160Z",
3989,941566778003,7800,PAYMENT,"공과금 납부","2025-05-23T10:14:42.160Z",
3990,110456789001,348109,PAYMENT,"교통비 결제","2025-05-23T10:25:19.160Z",
3991,210123987002,3579139,DEPOSIT,"자금 이체","2025-05-23T10:35:45.160Z",
3992,880334455004,843841,DEPOSIT,"부업 수입","2025-05-23T11:13:52.160Z",
3993,880334455004,965992,DEPOSIT,"부업 수입","2025-05-23T11:55:55.160Z",
3994,880334455004,1347706,DEPOSIT,"부업 수입","2025-05-23T12:00:04.160Z",
3995,110456789001,691045,WITHDRAWAL,"경조사비","2025-05-23T12:44:38.160Z",
3996,210123987002,364660,TRANSFER,"친구에게 송금","2025-05-23T13:04:56.160Z",330111222333
3997,880334455004,1547160,DEPOSIT,"월급 입금","2025-05-23T13:06:49.160Z",
3998,210123987002,1034672,DEPOSIT,"부업 수입","2025-05-24T00:04:39.160Z",
3999,110456789001,134659,PAYMENT,"보험료 납부","2025-05-24T00:10:33.160Z",
4000,110456789001,755371,TRANSFER,"적금 이체","2025-05-24T00:37:34.160Z",550987654321
4001,210123987002,678995,TRANSFER,"가족 송금","2025-05-24T01:18:21.160Z",660555444333
4002,941566778003,13200,WITHDRAWAL,"교육비 출금","2025-05-24T01:23:14.160Z",
4003,110456789001,251008,WITHDRAWAL,"의료비 출금","2025-05-24T01:56:25.160Z",
4004,941566778003,13200,WITHDRAWAL,"ATM 출금","2025-05-24T03:27:54.160Z",
4005,880334455004,2874216,DEPOSIT,"자금 이체","2025-05-24T04:17:23.160Z",
4006,880334455004,800878,DEPOSIT,"부업 수입","2025-05-24T04:22:11.160Z",
4007,210123987002,3393498,DEPOSIT,"자금 이체","2025-05-24T05:26:07.160Z",
4008,110456789001,38792,WITHDRAWAL,"경조사비","2025-05-24T05:28:31.160Z",
4009,110456789001,82414,TRANSFER,"가족 송금","2025-05-24T05:47:12.160Z",330111222333
4010,110456789001,120843,PAYMENT,"공과금 납부","2025-05-24T06:13:02.160Z",
4011,210123987002,800329,TRANSFER,"대출이자 납부","2025-05-24T06:43:36.160Z",550987654321
4012,110456789001,3709795,DEPOSIT,"배당금 입금","2025-05-24T08:09:01.160Z",
4013,880334455004,924665,DEPOSIT,"보너스 입금","2025-05-24T09:01:07.160Z",
4014,941566778003,13200,WITHDRAWAL,"교육비 출금","2025-05-24T10:29:07.160Z",
4015,880334455004,545575,DEPOSIT,"보너스 입금","2025-05-24T10:47:47.160Z",
4016,110456789001,152207,PAYMENT,"식비 결제","2025-05-24T11:19:22.160Z",
4017,210123987002,1983648,DEPOSIT,"월급 입금","2025-05-24T11:34:32.160Z",
4018,110456789001,269762,PAYMENT,"식비 결제","2025-05-24T11:44:36.160Z",
4019,210123987002,2951642,DEPOSIT,"자금 이체","2025-05-24T12:04:08.160Z",
4020,210123987002,1943525,DEPOSIT,"부업 수입","2025-05-24T12:19:18.160Z",
4021,880334455004,3018866,DEPOSIT,"보너스 입금","2025-05-24T12:49:11.160Z",
4022,941566778003,4620,PAYMENT,"카드대금 결제","2025-05-24T12:52:35.160Z",
4023,210123987002,197996,WITHDRAWAL,"경조사비","2025-05-24T13:15:19.160Z",
4024,880334455004,679505,DEPOSIT,"배당금 입금","2025-05-25T00:02:44.160Z",
4025,941566778003,2940,PAYMENT,"온라인 쇼핑","2025-05-25T00:28:53.160Z",
4026,941566778003,8400,WITHDRAWAL,"경조사비","2025-05-25T01:16:57.160Z",
4027,110456789001,670108,TRANSFER,"월세 이체","2025-05-25T03:29:37.160Z",550987654321
4028,941566778003,2940,PAYMENT,"보험료 납부","2025-05-25T03:32:41.160Z",
4029,880334455004,2392247,DEPOSIT,"자금 이체","2025-05-25T04:11:18.160Z",
4030,110456789001,96398,PAYMENT,"카드대금 결제","2025-05-25T04:52:53.160Z",
4031,941566778003,8400,WITHDRAWAL,"ATM 출금","2025-05-25T05:51:19.160Z",
4032,880334455004,2256503,DEPOSIT,"월급 입금","2025-05-25T05:54:15.160Z",
4033,941566778003,2940,PAYMENT,"온라인 쇼핑","2025-05-25T06:18:07.160Z",
4034,110456789001,74100,PAYMENT,"식비 결제","2025-05-25T06:21:46.160Z",
4035,210123987002,60253,WITHDRAWAL,"생활비 출금","2025-05-25T06:36:58.160Z",
4036,210123987002,179179,TRANSFER,"친구에게 송금","2025-05-25T08:03:22.160Z",330111222333
4037,941566778003,2940,PAYMENT,"공과금 납부","2025-05-25T09:31:12.160Z",
4038,880334455004,1166782,DEPOSIT,"월급 입금","2025-05-25T11:05:38.160Z",
4039,210123987002,341202,WITHDRAWAL,"생활비 출금","2025-05-25T11:39:23.160Z",
4040,880334455004,300231,DEPOSIT,"월급 입금","2025-05-25T11:53:53.160Z",
4041,941566778003,8400,WITHDRAWAL,"교육비 출금","2025-05-25T12:06:52.160Z",
4042,941566778003,2940,PAYMENT,"교통비 결제","2025-05-25T12:36:08.160Z",
4043,210123987002,1934687,DEPOSIT,"보너스 입금","2025-05-25T13:18:15.160Z",
4044,110456789001,565409,TRANSFER,"월세 이체","2025-05-26T00:17:54.160Z",330111222333
4045,210123987002,1191499,TRANSFER,"월세 이체","2025-05-26T00:30:03.160Z",550987654321
4046,110456789001,3481816,DEPOSIT,"배당금 입금","2025-05-26T01:13:27.160Z",
4047,941566778003,12000,WITHDRAWAL,"생활비 출금","2025-05-26T02:27:56.160Z",
4048,941566778003,12000,WITHDRAWAL,"ATM 출금","2025-05-26T03:17:09.160Z",
4049,210123987002,752235,TRANSFER,"대출이자 납부","2025-05-26T03:31:00.160Z",550987654321
4050,110456789001,492173,WITHDRAWAL,"경조사비","2025-05-26T04:33:25.160Z",
4051,941566778003,12000,WITHDRAWAL,"경조사비","2025-05-26T04:42:38.160Z",
4052,110456789001,2503770,DEPOSIT,"보너스 입금","2025-05-26T06:28:25.160Z",
4053,880334455004,458130,DEPOSIT,"보너스 입금","2025-05-26T07:30:57.160Z",
4054,110456789001,72460,TRANSFER,"적금 이체","2025-05-26T07:38:42.160Z",550987654321
4055,941566778003,12000,WITHDRAWAL,"의료비 출금","2025-05-26T08:09:30.160Z",
4056,110456789001,80642,PAYMENT,"식비 결제","2025-05-26T09:02:12.160Z",
4057,880334455004,1221966,DEPOSIT,"자금 이체","2025-05-26T09:41:34.160Z",
4058,880334455004,369398,DEPOSIT,"부업 수입","2025-05-26T10:29:08.160Z",
4059,110456789001,38239,PAYMENT,"교통비 결제","2025-05-26T10:41:40.160Z",
4060,880334455004,1347729,DEPOSIT,"자금 이체","2025-05-26T10:54:34.160Z",
4061,880334455004,2962179,DEPOSIT,"보너스 입금","2025-05-26T11:34:28.160Z",
4062,941566778003,6000,PAYMENT,"교통비 결제","2025-05-26T12:34:29.160Z",
4063,880334455004,1910739,DEPOSIT,"월급 입금","2025-05-26T12:46:14.160Z",
4064,880334455004,3084150,DEPOSIT,"월급 입금","2025-05-26T13:02:57.160Z",
4065,210123987002,702268,TRANSFER,"대출이자 납부","2025-05-26T13:59:25.160Z",660555444333
4066,880334455004,1542025,DEPOSIT,"배당금 입금","2025-05-27T00:29:42.160Z",
4067,941566778003,12000,WITHDRAWAL,"의료비 출금","2025-05-27T02:12:59.160Z",
4068,210123987002,92210,DEPOSIT,"자금 이체","2025-05-27T02:20:49.160Z",
4069,210123987002,1146612,TRANSFER,"친구에게 송금","2025-05-27T03:03:44.160Z",330111222333
4070,941566778003,12000,WITHDRAWAL,"경조사비","2025-05-27T03:23:36.160Z",
4071,110456789001,47069,PAYMENT,"온라인 쇼핑","2025-05-27T03:25:18.160Z",
4072,880334455004,1483173,DEPOSIT,"자금 이체","2025-05-27T03:48:46.160Z",
4073,110456789001,257399,WITHDRAWAL,"교육비 출금","2025-05-27T03:56:48.160Z",
4074,941566778003,6000,PAYMENT,"공과금 납부","2025-05-27T04:32:27.160Z",
4075,110456789001,285097,PAYMENT,"온라인 쇼핑","2025-05-27T04:41:09.160Z",
4076,941566778003,6000,PAYMENT,"통신요금 납부","2025-05-27T04:54:45.160Z",
4077,941566778003,6000,PAYMENT,"식비 결제","2025-05-27T06:35:39.160Z",
4078,110456789001,700436,TRANSFER,"가족 송금","2025-05-27T07:23:45.160Z",660555444333
4079,941566778003,6000,PAYMENT,"교통비 결제","2025-05-27T07:31:16.160Z",
4080,110456789001,43052,WITHDRAWAL,"교육비 출금","2025-05-27T08:00:24.160Z",
4081,110456789001,3369446,DEPOSIT,"배당금 입금","2025-05-27T08:08:11.160Z",
4082,110456789001,752687,TRANSFER,"친구에게 송금","2025-05-27T08:31:20.160Z",770123456789
4083,941566778003,6000,PAYMENT,"온라인 쇼핑","2025-05-27T08:41:56.160Z",
4084,210123987002,586506,TRANSFER,"친구에게 송금","2025-05-27T09:23:15.160Z",770123456789
4085,941566778003,6000,PAYMENT,"카드대금 결제","2025-05-27T09:30:00.160Z",
4086,110456789001,602189,DEPOSIT,"부업 수입","2025-05-27T09:34:14.160Z",
4087,941566778003,6000,PAYMENT,"공과금 납부","2025-05-27T09:51:44.160Z",
4088,941566778003,12000,WITHDRAWAL,"교육비 출금","2025-05-27T10:17:20.160Z",
4089,110456789001,329413,PAYMENT,"통신요금 납부","2025-05-27T11:31:21.160Z",
4090,110456789001,477723,TRANSFER,"가족 송금","2025-05-27T11:47:21.160Z",770123456789
4091,210123987002,865984,DEPOSIT,"보너스 입금","2025-05-27T12:34:06.160Z",
4092,110456789001,41011,TRANSFER,"친구에게 송금","2025-05-27T12:43:34.160Z",550987654321
4093,941566778003,6000,PAYMENT,"카드대금 결제","2025-05-27T12:59:57.160Z",
4094,210123987002,1089160,TRANSFER,"적금 이체","2025-05-27T13:01:12.160Z",550987654321
4095,110456789001,92983,PAYMENT,"공과금 납부","2025-05-27T13:27:37.160Z",
4096,110456789001,21478,WITHDRAWAL,"ATM 출금","2025-05-27T13:47:28.160Z",
4097,941566778003,12000,WITHDRAWAL,"의료비 출금","2025-05-27T13:54:27.160Z",
4098,110456789001,778728,DEPOSIT,"월급 입금","2025-05-28T01:41:35.160Z",
4099,110456789001,244698,PAYMENT,"교통비 결제","2025-05-28T02:02:31.160Z",
4100,110456789001,67163,TRANSFER,"친구에게 송금","2025-05-28T02:39:16.160Z",660555444333
4101,880334455004,2196635,DEPOSIT,"자금 이체","2025-05-28T03:25:55.160Z",
4102,110456789001,419660,TRANSFER,"가족 송금","2025-05-28T04:35:15.160Z",770123456789
4103,210123987002,170179,TRANSFER,"월세 이체","2025-05-28T04:43:32.160Z",550987654321
4104,210123987002,443910,WITHDRAWAL,"의료비 출금","2025-05-28T04:46:07.160Z",
4105,210123987002,3899432,DEPOSIT,"부업 수입","2025-05-28T05:50:40.160Z",
4106,210123987002,2566700,DEPOSIT,"부업 수입","2025-05-28T06:46:38.160Z",
4107,941566778003,13200,WITHDRAWAL,"ATM 출금","2025-05-28T07:41:51.160Z",
4108,110456789001,97451,WITHDRAWAL,"교육비 출금","2025-05-28T08:15:50.160Z",
4109,880334455004,2107597,DEPOSIT,"부업 수입","2025-05-28T09:14:36.160Z",
4110,110456789001,198666,PAYMENT,"교통비 결제","2025-05-28T09:40:59.160Z",
4111,110456789001,3016490,DEPOSIT,"월급 입금","2025-05-28T10:21:56.160Z",
4112,110456789001,371292,DEPOSIT,"월급 입금","2025-05-28T11:20:30.160Z",
4113,210123987002,2188637,DEPOSIT,"부업 수입","2025-05-28T11:25:04.160Z",
4114,110456789001,2541020,DEPOSIT,"부업 수입","2025-05-28T12:27:57.160Z",
4115,110456789001,249322,TRANSFER,"적금 이체","2025-05-28T12:33:52.160Z",660555444333
4116,880334455004,2520046,DEPOSIT,"배당금 입금","2025-05-28T12:38:20.160Z",
4117,210123987002,3075583,DEPOSIT,"배당금 입금","2025-05-29T00:55:28.160Z",
4118,210123987002,899907,TRANSFER,"월세 이체","2025-05-29T00:57:13.160Z",660555444333
4119,880334455004,712841,DEPOSIT,"부업 수입","2025-05-29T00:57:28.160Z",
4120,941566778003,7200,PAYMENT,"교통비 결제","2025-05-29T01:57:20.160Z",
4121,941566778003,14400,WITHDRAWAL,"ATM 출금","2025-05-29T03:37:23.160Z",
4122,210123987002,363921,WITHDRAWAL,"ATM 출금","2025-05-29T04:20:46.160Z",
4123,941566778003,7200,PAYMENT,"통신요금 납부","2025-05-29T04:26:26.160Z",
4124,210123987002,403290,TRANSFER,"적금 이체","2025-05-29T04:49:45.160Z",330111222333
4125,941566778003,7200,PAYMENT,"온라인 쇼핑","2025-05-29T05:03:49.160Z",
4126,941566778003,14400,WITHDRAWAL,"의료비 출금","2025-05-29T05:51:13.160Z",
4127,941566778003,7200,PAYMENT,"온라인 쇼핑","2025-05-29T07:01:40.160Z",
4128,210123987002,2454710,DEPOSIT,"부업 수입","2025-05-29T07:48:51.160Z",
4129,210123987002,78271,WITHDRAWAL,"교육비 출금","2025-05-29T08:00:01.160Z",
4130,880334455004,857167,DEPOSIT,"자금 이체","2025-05-29T08:25:07.160Z",
4131,880334455004,1106773,DEPOSIT,"보너스 입금","2025-05-29T08:33:09.160Z",
4132,941566778003,7200,PAYMENT,"온라인 쇼핑","2025-05-29T09:29:07.160Z",
4133,880334455004,1982766,DEPOSIT,"월급 입금","2025-05-29T09:32:42.160Z",
4134,880334455004,3510532,DEPOSIT,"자금 이체","2025-05-29T11:25:50.160Z",
4135,941566778003,7200,PAYMENT,"식비 결제","2025-05-29T12:44:31.160Z",
4136,110456789001,1446224,DEPOSIT,"자금 이체","2025-05-29T12:50:32.160Z",
4137,941566778003,7200,PAYMENT,"카드대금 결제","2025-05-29T13:03:27.160Z",
4138,880334455004,830219,DEPOSIT,"배당금 입금","2025-05-29T13:27:05.160Z",
4139,210123987002,510727,TRANSFER,"월세 이체","2025-05-30T00:58:38.160Z",330111222333
4140,210123987002,1470863,TRANSFER,"대출이자 납부","2025-05-30T01:13:50.160Z",770123456789
4141,880334455004,783115,DEPOSIT,"부업 수입","2025-05-30T04:14:44.160Z",
4142,941566778003,7800,PAYMENT,"교통비 결제","2025-05-30T05:10:36.160Z",
4143,941566778003,15600,WITHDRAWAL,"교육비 출금","2025-05-30T06:15:02.160Z",
4144,110456789001,1145211,TRANSFER,"대출이자 납부","2025-05-30T06:47:43.160Z",770123456789
4145,941566778003,15600,WITHDRAWAL,"교육비 출금","2025-05-30T07:00:17.160Z",
4146,880334455004,963962,DEPOSIT,"월급 입금","2025-05-30T08:10:08.160Z",
4147,941566778003,7800,PAYMENT,"식비 결제","2025-05-30T08:48:37.160Z",
4148,941566778003,7800,PAYMENT,"공과금 납부","2025-05-30T08:56:24.160Z",
4149,941566778003,15600,WITHDRAWAL,"생활비 출금","2025-05-30T09:33:50.160Z",
4150,880334455004,4678214,DEPOSIT,"배당금 입금","2025-05-30T10:15:56.160Z",
4151,110456789001,508592,TRANSFER,"적금 이체","2025-05-30T10:58:43.160Z",660555444333
4152,941566778003,15600,WITHDRAWAL,"ATM 출금","2025-05-30T10:58:58.160Z",
4153,941566778003,15600,WITHDRAWAL,"교육비 출금","2025-05-30T12:10:40.160Z",
4154,210123987002,177260,WITHDRAWAL,"ATM 출금","2025-05-30T12:49:52.160Z",
4155,110456789001,2714802,DEPOSIT,"보너스 입금","2025-05-30T13:01:52.160Z",
4156,941566778003,15600,WITHDRAWAL,"의료비 출금","2025-05-30T13:03:35.160Z",
4157,110456789001,1551153,TRANSFER,"월세 이체","2025-05-30T13:41:46.160Z",330111222333
4158,941566778003,13200,WITHDRAWAL,"교육비 출금","2025-05-31T00:10:16.160Z",
4159,880334455004,3905831,DEPOSIT,"월급 입금","2025-05-31T00:39:15.160Z",
4160,880334455004,3568428,DEPOSIT,"배당금 입금","2025-05-31T01:01:38.160Z",
4161,210123987002,615105,WITHDRAWAL,"교육비 출금","2025-05-31T01:15:10.160Z",
4162,941566778003,13200,WITHDRAWAL,"ATM 출금","2025-05-31T01:55:57.160Z",
4163,210123987002,448314,WITHDRAWAL,"ATM 출금","2025-05-31T01:58:49.160Z",
4164,941566778003,4620,PAYMENT,"보험료 납부","2025-05-31T02:15:45.160Z",
4165,880334455004,2443655,DEPOSIT,"배당금 입금","2025-05-31T02:22:49.160Z",
4166,880334455004,2971493,DEPOSIT,"보너스 입금","2025-05-31T03:21:09.160Z",
4167,210123987002,1217509,DEPOSIT,"배당금 입금","2025-05-31T03:43:08.160Z",
4168,210123987002,1465155,DEPOSIT,"자금 이체","2025-05-31T03:51:09.160Z",
4169,110456789001,490904,WITHDRAWAL,"의료비 출금","2025-05-31T04:08:48.160Z",
4170,110456789001,348644,WITHDRAWAL,"경조사비","2025-05-31T05:18:33.160Z",
4171,110456789001,329603,DEPOSIT,"보너스 입금","2025-05-31T05:30:01.160Z",
4172,880334455004,857934,DEPOSIT,"배당금 입금","2025-05-31T05:56:38.160Z",
4173,210123987002,207283,WITHDRAWAL,"교육비 출금","2025-05-31T06:12:20.160Z",
4174,110456789001,206213,PAYMENT,"온라인 쇼핑","2025-05-31T08:28:39.160Z",
4175,941566778003,4620,PAYMENT,"통신요금 납부","2025-05-31T09:55:11.160Z",
4176,210123987002,61211,TRANSFER,"친구에게 송금","2025-05-31T11:26:09.160Z",550987654321
4177,210123987002,2467481,DEPOSIT,"월급 입금","2025-05-31T11:38:23.160Z",
4178,941566778003,4620,PAYMENT,"공과금 납부","2025-05-31T11:45:14.160Z",
4179,110456789001,635243,WITHDRAWAL,"생활비 출금","2025-05-31T12:01:40.160Z",
4180,880334455004,431052,DEPOSIT,"월급 입금","2025-05-31T12:29:11.160Z",
4181,110456789001,888769,DEPOSIT,"월급 입금","2025-05-31T12:51:34.160Z",
4182,880334455004,170022,DEPOSIT,"월급 입금","2025-05-31T13:11:05.160Z",
4183,110456789001,417895,WITHDRAWAL,"교육비 출금","2025-05-31T13:22:55.160Z",
4184,941566778003,4620,PAYMENT,"교통비 결제","2025-05-31T13:52:10.160Z",
4185,210123987002,409100,TRANSFER,"적금 이체","2025-06-01T01:13:14.160Z",660555444333
4186,110456789001,12185,PAYMENT,"공과금 납부","2025-06-01T02:10:42.160Z",
4187,880334455004,1622185,DEPOSIT,"자금 이체","2025-06-01T02:26:28.160Z",
4188,941566778003,7000,WITHDRAWAL,"의료비 출금","2025-06-01T02:28:27.160Z",
4189,880334455004,1585951,DEPOSIT,"자금 이체","2025-06-01T02:32:58.160Z",
4190,941566778003,7000,WITHDRAWAL,"의료비 출금","2025-06-01T03:43:43.160Z",
4191,210123987002,621092,TRANSFER,"적금 이체","2025-06-01T04:45:09.160Z",660555444333
4192,210123987002,1760660,DEPOSIT,"자금 이체","2025-06-01T05:25:56.160Z",
4193,110456789001,749935,DEPOSIT,"배당금 입금","2025-06-01T05:31:18.160Z",
4194,941566778003,7000,WITHDRAWAL,"교육비 출금","2025-06-01T05:44:29.160Z",
4195,880334455004,1032583,DEPOSIT,"배당금 입금","2025-06-01T06:16:06.160Z",
4196,880334455004,1791305,DEPOSIT,"배당금 입금","2025-06-01T06:25:08.160Z",
4197,880334455004,1000004,DEPOSIT,"부업 수입","2025-06-01T07:25:31.160Z",
4198,210123987002,1718848,DEPOSIT,"월급 입금","2025-06-01T07:51:41.160Z",
4199,880334455004,2064753,DEPOSIT,"배당금 입금","2025-06-01T08:41:15.160Z",
4200,210123987002,567726,TRANSFER,"대출이자 납부","2025-06-01T09:33:40.160Z",660555444333
4201,210123987002,371941,TRANSFER,"가족 송금","2025-06-01T12:31:36.160Z",770123456789
4202,941566778003,7000,WITHDRAWAL,"의료비 출금","2025-06-01T13:11:20.160Z",
4203,210123987002,472411,WITHDRAWAL,"경조사비","2025-06-02T00:07:38.160Z",
4204,941566778003,5000,PAYMENT,"보험료 납부","2025-06-02T00:58:34.160Z",
4205,880334455004,654355,DEPOSIT,"부업 수입","2025-06-02T01:09:46.160Z",
4206,880334455004,782847,DEPOSIT,"월급 입금","2025-06-02T01:29:11.160Z",
4207,941566778003,5000,PAYMENT,"카드대금 결제","2025-06-02T03:24:58.160Z",
4208,880334455004,306137,DEPOSIT,"자금 이체","2025-06-02T03:58:31.160Z",
4209,880334455004,1639082,DEPOSIT,"배당금 입금","2025-06-02T05:05:17.160Z",
4210,880334455004,516937,DEPOSIT,"월급 입금","2025-06-02T05:10:11.160Z",
4211,880334455004,1009790,DEPOSIT,"보너스 입금","2025-06-02T05:30:44.160Z",
4212,941566778003,10000,WITHDRAWAL,"생활비 출금","2025-06-02T06:40:34.160Z",
4213,210123987002,491987,WITHDRAWAL,"ATM 출금","2025-06-02T06:45:06.160Z",
4214,210123987002,594743,TRANSFER,"월세 이체","2025-06-02T06:50:09.160Z",770123456789
4215,210123987002,888485,TRANSFER,"친구에게 송금","2025-06-02T07:11:13.160Z",770123456789
4216,880334455004,2501150,DEPOSIT,"부업 수입","2025-06-02T07:45:54.160Z",
4217,110456789001,1977113,DEPOSIT,"부업 수입","2025-06-02T08:35:25.160Z",
4218,110456789001,503024,TRANSFER,"대출이자 납부","2025-06-02T09:15:33.160Z",770123456789
4219,210123987002,329152,TRANSFER,"적금 이체","2025-06-02T10:20:53.160Z",550987654321
4220,941566778003,10000,WITHDRAWAL,"경조사비","2025-06-02T11:24:43.160Z",
4221,941566778003,10000,WITHDRAWAL,"생활비 출금","2025-06-02T11:31:12.160Z",
4222,110456789001,782528,TRANSFER,"월세 이체","2025-06-02T11:56:30.160Z",660555444333
4223,941566778003,10000,WITHDRAWAL,"경조사비","2025-06-02T12:48:22.160Z",
4224,110456789001,287685,PAYMENT,"통신요금 납부","2025-06-02T12:51:12.160Z",
4225,880334455004,707883,DEPOSIT,"부업 수입","2025-06-02T13:36:43.160Z",
4226,880334455004,303990,DEPOSIT,"월급 입금","2025-06-03T00:03:09.160Z",
4227,941566778003,10000,WITHDRAWAL,"교육비 출금","2025-06-03T00:09:05.160Z",
4228,110456789001,951129,DEPOSIT,"부업 수입","2025-06-03T01:28:23.160Z",
4229,880334455004,260082,DEPOSIT,"배당금 입금","2025-06-03T01:41:21.160Z",
4230,110456789001,33773,WITHDRAWAL,"생활비 출금","2025-06-03T01:42:24.160Z",
4231,210123987002,1401061,DEPOSIT,"보너스 입금","2025-06-03T02:32:20.160Z",
4232,210123987002,409763,WITHDRAWAL,"ATM 출금","2025-06-03T02:41:24.160Z",
4233,110456789001,1570353,DEPOSIT,"보너스 입금","2025-06-03T02:43:43.160Z",
4234,210123987002,121910,TRANSFER,"적금 이체","2025-06-03T03:41:01.160Z",770123456789
4235,880334455004,1891298,DEPOSIT,"보너스 입금","2025-06-03T03:42:25.160Z",
4236,110456789001,1324328,DEPOSIT,"월급 입금","2025-06-03T03:50:50.160Z",
4237,210123987002,2164466,DEPOSIT,"자금 이체","2025-06-03T03:54:16.160Z",
4238,210123987002,603937,TRANSFER,"월세 이체","2025-06-03T04:23:26.160Z",550987654321
4239,880334455004,871973,DEPOSIT,"월급 입금","2025-06-03T04:35:04.160Z",
4240,941566778003,10000,WITHDRAWAL,"의료비 출금","2025-06-03T05:46:36.160Z",
4241,110456789001,889552,TRANSFER,"적금 이체","2025-06-03T06:46:33.160Z",550987654321
4242,880334455004,1812499,DEPOSIT,"보너스 입금","2025-06-03T07:17:34.160Z",
4243,880334455004,2701566,DEPOSIT,"자금 이체","2025-06-03T07:34:05.160Z",
4244,210123987002,77095,TRANSFER,"친구에게 송금","2025-06-03T08:27:10.160Z",660555444333
4245,880334455004,2528498,DEPOSIT,"보너스 입금","2025-06-03T08:32:29.160Z",
4246,210123987002,60285,TRANSFER,"가족 송금","2025-06-03T09:02:03.160Z",550987654321
4247,941566778003,10000,WITHDRAWAL,"경조사비","2025-06-03T09:57:22.160Z",
4248,210123987002,1319571,DEPOSIT,"부업 수입","2025-06-03T13:13:01.160Z",
4249,880334455004,3116149,DEPOSIT,"배당금 입금","2025-06-04T00:32:22.160Z",
4250,941566778003,11000,WITHDRAWAL,"교육비 출금","2025-06-04T00:34:56.160Z",
4251,210123987002,126691,WITHDRAWAL,"교육비 출금","2025-06-04T03:57:23.160Z",
4252,210123987002,327827,WITHDRAWAL,"ATM 출금","2025-06-04T04:21:26.160Z",
4253,941566778003,11000,WITHDRAWAL,"ATM 출금","2025-06-04T04:37:18.160Z",
4254,941566778003,11000,WITHDRAWAL,"ATM 출금","2025-06-04T07:32:44.160Z",
4255,880334455004,2124615,DEPOSIT,"월급 입금","2025-06-04T08:10:12.160Z",
4256,880334455004,1434986,DEPOSIT,"배당금 입금","2025-06-04T08:14:34.160Z",
4257,941566778003,11000,WITHDRAWAL,"의료비 출금","2025-06-04T09:50:37.160Z",
4258,110456789001,799570,TRANSFER,"가족 송금","2025-06-04T10:13:09.160Z",660555444333
4259,941566778003,11000,WITHDRAWAL,"ATM 출금","2025-06-04T10:19:44.160Z",
4260,941566778003,11000,WITHDRAWAL,"생활비 출금","2025-06-04T11:48:55.160Z",
4261,110456789001,236802,PAYMENT,"보험료 납부","2025-06-04T11:59:18.160Z",
4262,880334455004,2185289,DEPOSIT,"보너스 입금","2025-06-04T12:06:00.160Z",
4263,941566778003,11000,WITHDRAWAL,"교육비 출금","2025-06-04T12:46:46.160Z",
4264,941566778003,5500,PAYMENT,"카드대금 결제","2025-06-04T12:55:26.160Z",
4265,880334455004,2014013,DEPOSIT,"월급 입금","2025-06-04T13:21:47.160Z",
4266,110456789001,414064,TRANSFER,"적금 이체","2025-06-04T13:30:47.160Z",770123456789
4267,110456789001,370016,WITHDRAWAL,"생활비 출금","2025-06-04T13:57:34.160Z",
4268,880334455004,1122182,DEPOSIT,"부업 수입","2025-06-05T00:36:38.160Z",
4269,880334455004,220013,DEPOSIT,"부업 수입","2025-06-05T00:39:14.160Z",
4270,210123987002,1592712,DEPOSIT,"부업 수입","2025-06-05T00:56:37.160Z",
4271,110456789001,1125966,DEPOSIT,"배당금 입금","2025-06-05T02:15:40.160Z",
4272,880334455004,1591755,DEPOSIT,"자금 이체","2025-06-05T02:56:41.160Z",
4273,880334455004,2614876,DEPOSIT,"자금 이체","2025-06-05T03:27:16.160Z",
4274,210123987002,423022,TRANSFER,"대출이자 납부","2025-06-05T04:01:30.160Z",330111222333
4275,880334455004,3389242,DEPOSIT,"배당금 입금","2025-06-05T04:34:06.160Z",
4276,110456789001,15134,WITHDRAWAL,"ATM 출금","2025-06-05T05:23:14.160Z",
4277,941566778003,12000,WITHDRAWAL,"의료비 출금","2025-06-05T05:27:50.160Z",
4278,210123987002,159968,WITHDRAWAL,"의료비 출금","2025-06-05T07:16:58.160Z",
4279,880334455004,3535734,DEPOSIT,"부업 수입","2025-06-05T07:34:36.160Z",
4280,880334455004,590388,DEPOSIT,"보너스 입금","2025-06-05T08:07:15.160Z",
4281,941566778003,12000,WITHDRAWAL,"경조사비","2025-06-05T08:10:04.160Z",
4282,880334455004,135767,DEPOSIT,"자금 이체","2025-06-05T09:08:51.160Z",
4283,941566778003,6000,PAYMENT,"교통비 결제","2025-06-05T09:43:40.160Z",
4284,941566778003,6000,PAYMENT,"공과금 납부","2025-06-05T10:31:55.160Z",
4285,941566778003,6000,PAYMENT,"보험료 납부","2025-06-05T10:39:15.160Z",
4286,880334455004,1631137,DEPOSIT,"자금 이체","2025-06-05T10:44:32.160Z",
4287,110456789001,1115489,DEPOSIT,"월급 입금","2025-06-05T11:05:14.160Z",
4288,110456789001,388597,WITHDRAWAL,"교육비 출금","2025-06-05T12:38:54.160Z",
4289,941566778003,6500,PAYMENT,"통신요금 납부","2025-06-06T00:36:54.160Z",
4290,210123987002,444536,WITHDRAWAL,"생활비 출금","2025-06-06T01:03:27.160Z",
4291,110456789001,493017,WITHDRAWAL,"ATM 출금","2025-06-06T01:41:39.160Z",
4292,110456789001,456392,WITHDRAWAL,"교육비 출금","2025-06-06T03:35:28.160Z",
4293,210123987002,724652,TRANSFER,"가족 송금","2025-06-06T04:27:44.160Z",330111222333
4294,210123987002,539351,WITHDRAWAL,"경조사비","2025-06-06T05:04:14.160Z",
4295,210123987002,580023,WITHDRAWAL,"ATM 출금","2025-06-06T06:16:43.160Z",
4296,110456789001,394947,TRANSFER,"가족 송금","2025-06-06T06:45:45.160Z",770123456789
4297,110456789001,1146965,TRANSFER,"대출이자 납부","2025-06-06T08:30:21.160Z",550987654321
4298,880334455004,1015365,DEPOSIT,"자금 이체","2025-06-06T09:00:31.160Z",
4299,880334455004,1185159,DEPOSIT,"보너스 입금","2025-06-06T11:20:55.160Z",
4300,941566778003,13000,WITHDRAWAL,"ATM 출금","2025-06-06T13:07:14.160Z",
4301,210123987002,1547229,DEPOSIT,"배당금 입금","2025-06-06T13:27:31.160Z",
4302,210123987002,595292,TRANSFER,"친구에게 송금","2025-06-06T13:28:07.160Z",550987654321
4303,880334455004,1806007,DEPOSIT,"자금 이체","2025-06-06T13:37:24.160Z",
4304,941566778003,6500,PAYMENT,"교통비 결제","2025-06-06T13:54:32.160Z",
4305,110456789001,154345,PAYMENT,"보험료 납부","2025-06-07T00:08:57.160Z",
4306,110456789001,220577,PAYMENT,"식비 결제","2025-06-07T00:28:52.160Z",
4307,880334455004,1564412,DEPOSIT,"자금 이체","2025-06-07T02:24:33.160Z",
4308,941566778003,11000,WITHDRAWAL,"의료비 출금","2025-06-07T02:58:52.160Z",
4309,110456789001,220793,WITHDRAWAL,"경조사비","2025-06-07T04:38:35.160Z",
4310,880334455004,1550638,DEPOSIT,"배당금 입금","2025-06-07T04:42:27.160Z",
4311,210123987002,971078,DEPOSIT,"부업 수입","2025-06-07T05:18:33.160Z",
4312,110456789001,881599,TRANSFER,"적금 이체","2025-06-07T05:34:32.160Z",770123456789
4313,941566778003,3849,PAYMENT,"식비 결제","2025-06-07T07:30:14.160Z",
4314,941566778003,3849,PAYMENT,"교통비 결제","2025-06-07T08:21:52.160Z",
4315,210123987002,343334,WITHDRAWAL,"경조사비","2025-06-07T08:49:00.160Z",
4316,210123987002,262195,TRANSFER,"적금 이체","2025-06-07T09:07:50.160Z",550987654321
4317,880334455004,2989120,DEPOSIT,"부업 수입","2025-06-07T09:12:16.160Z",
4318,110456789001,476781,WITHDRAWAL,"교육비 출금","2025-06-07T09:24:37.160Z",
4319,110456789001,1065673,TRANSFER,"적금 이체","2025-06-07T09:36:34.160Z",660555444333
4320,210123987002,495390,WITHDRAWAL,"ATM 출금","2025-06-07T09:50:38.160Z",
4321,210123987002,1058543,TRANSFER,"대출이자 납부","2025-06-07T10:06:08.160Z",330111222333
4322,210123987002,206397,TRANSFER,"대출이자 납부","2025-06-07T10:24:30.160Z",330111222333
4323,880334455004,278036,DEPOSIT,"보너스 입금","2025-06-07T10:39:02.160Z",
4324,880334455004,282808,DEPOSIT,"자금 이체","2025-06-07T13:00:39.160Z",
4325,110456789001,94805,TRANSFER,"가족 송금","2025-06-08T00:38:20.160Z",770123456789
4326,110456789001,302162,WITHDRAWAL,"교육비 출금","2025-06-08T01:11:15.160Z",
4327,210123987002,224905,TRANSFER,"친구에게 송금","2025-06-08T02:22:37.160Z",550987654321
4328,210123987002,320565,WITHDRAWAL,"생활비 출금","2025-06-08T03:20:04.160Z",
4329,941566778003,2450,PAYMENT,"교통비 결제","2025-06-08T05:25:20.160Z",
4330,210123987002,243057,WITHDRAWAL,"경조사비","2025-06-08T05:25:44.160Z",
4331,880334455004,953836,DEPOSIT,"부업 수입","2025-06-08T06:25:39.160Z",
4332,210123987002,814694,DEPOSIT,"배당금 입금","2025-06-08T06:51:07.160Z",
4333,880334455004,330977,DEPOSIT,"배당금 입금","2025-06-08T06:53:05.160Z",
4334,110456789001,127340,PAYMENT,"통신요금 납부","2025-06-08T07:43:32.160Z",
4335,941566778003,7000,WITHDRAWAL,"생활비 출금","2025-06-08T09:01:33.160Z",
4336,880334455004,628444,DEPOSIT,"보너스 입금","2025-06-08T09:16:09.160Z",
4337,880334455004,1185077,DEPOSIT,"보너스 입금","2025-06-08T10:27:25.160Z",
4338,110456789001,486406,DEPOSIT,"보너스 입금","2025-06-08T10:28:58.160Z",
4339,880334455004,686817,DEPOSIT,"부업 수입","2025-06-08T10:42:59.160Z",
4340,941566778003,2450,PAYMENT,"통신요금 납부","2025-06-08T10:46:28.160Z",
4341,110456789001,46579,PAYMENT,"보험료 납부","2025-06-08T10:47:52.160Z",
4342,880334455004,1808999,DEPOSIT,"보너스 입금","2025-06-08T11:11:29.160Z",
4343,941566778003,2450,PAYMENT,"보험료 납부","2025-06-08T11:21:28.160Z",
4344,880334455004,1191693,DEPOSIT,"배당금 입금","2025-06-08T12:34:27.160Z",
4345,210123987002,268713,WITHDRAWAL,"ATM 출금","2025-06-08T12:39:18.160Z",
4346,210123987002,173248,WITHDRAWAL,"교육비 출금","2025-06-08T13:24:52.160Z",
4347,941566778003,2450,PAYMENT,"식비 결제","2025-06-08T13:29:29.160Z",
4348,210123987002,360916,TRANSFER,"가족 송금","2025-06-08T13:44:06.160Z",550987654321
4349,880334455004,1002533,DEPOSIT,"자금 이체","2025-06-08T13:54:02.160Z",
4350,210123987002,159085,WITHDRAWAL,"의료비 출금","2025-06-09T00:25:15.160Z",
4351,880334455004,730087,DEPOSIT,"보너스 입금","2025-06-09T02:08:54.160Z",
4352,880334455004,680337,DEPOSIT,"배당금 입금","2025-06-09T02:42:40.160Z",
4353,880334455004,2050552,DEPOSIT,"자금 이체","2025-06-09T03:50:26.160Z",
4354,210123987002,432378,TRANSFER,"월세 이체","2025-06-09T03:51:17.160Z",660555444333
4355,880334455004,2032290,DEPOSIT,"월급 입금","2025-06-09T05:03:56.160Z",
4356,941566778003,10000,WITHDRAWAL,"ATM 출금","2025-06-09T08:19:37.160Z",
4357,880334455004,1709149,DEPOSIT,"월급 입금","2025-06-09T08:27:24.160Z",
4358,880334455004,2617733,DEPOSIT,"월급 입금","2025-06-09T10:09:07.160Z",
4359,880334455004,310726,DEPOSIT,"배당금 입금","2025-06-09T10:21:35.160Z",
4360,941566778003,5000,PAYMENT,"온라인 쇼핑","2025-06-09T10:32:20.160Z",
4361,210123987002,176922,TRANSFER,"대출이자 납부","2025-06-09T10:35:12.160Z",330111222333
4362,210123987002,2832780,DEPOSIT,"자금 이체","2025-06-09T11:21:54.160Z",
4363,880334455004,83788,DEPOSIT,"부업 수입","2025-06-09T11:35:23.160Z",
4364,880334455004,2400086,DEPOSIT,"자금 이체","2025-06-09T12:36:58.160Z",
4365,941566778003,10000,WITHDRAWAL,"의료비 출금","2025-06-09T12:37:38.160Z",
4366,110456789001,173916,TRANSFER,"친구에게 송금","2025-06-09T12:51:10.160Z",330111222333
4367,941566778003,5000,PAYMENT,"통신요금 납부","2025-06-09T13:21:19.160Z",
4368,941566778003,10000,WITHDRAWAL,"ATM 출금","2025-06-09T13:32:33.160Z",
4369,210123987002,1379894,DEPOSIT,"배당금 입금","2025-06-09T13:56:06.160Z",
4370,880334455004,2347220,DEPOSIT,"월급 입금","2025-06-10T01:39:43.160Z",
4371,941566778003,5000,PAYMENT,"카드대금 결제","2025-06-10T03:13:03.160Z",
4372,941566778003,5000,PAYMENT,"통신요금 납부","2025-06-10T03:19:44.160Z",
4373,210123987002,450768,WITHDRAWAL,"ATM 출금","2025-06-10T03:27:20.160Z",
4374,941566778003,10000,WITHDRAWAL,"ATM 출금","2025-06-10T03:48:33.160Z",
4375,880334455004,2320284,DEPOSIT,"자금 이체","2025-06-10T03:59:40.160Z",
4376,880334455004,841891,DEPOSIT,"자금 이체","2025-06-10T08:51:41.160Z",
4377,880334455004,2708593,DEPOSIT,"월급 입금","2025-06-10T09:07:05.160Z",
4378,210123987002,409372,WITHDRAWAL,"ATM 출금","2025-06-10T09:27:18.160Z",
4379,210123987002,442162,WITHDRAWAL,"교육비 출금","2025-06-10T10:52:43.160Z",
4380,110456789001,35715,WITHDRAWAL,"생활비 출금","2025-06-10T11:39:01.160Z",
4381,880334455004,660445,DEPOSIT,"월급 입금","2025-06-10T11:51:34.160Z",
4382,210123987002,260486,TRANSFER,"월세 이체","2025-06-10T13:33:03.160Z",770123456789
4383,110456789001,454363,DEPOSIT,"배당금 입금","2025-06-10T13:59:36.160Z",
4384,941566778003,11000,WITHDRAWAL,"경조사비","2025-06-11T00:42:05.160Z",
4385,941566778003,5500,PAYMENT,"식비 결제","2025-06-11T00:57:16.160Z",
4386,110456789001,228861,PAYMENT,"카드대금 결제","2025-06-11T01:31:06.160Z",
4387,210123987002,188751,WITHDRAWAL,"교육비 출금","2025-06-11T01:41:59.160Z",
4388,110456789001,47813,PAYMENT,"통신요금 납부","2025-06-11T02:06:25.160Z",
4389,210123987002,620336,DEPOSIT,"자금 이체","2025-06-11T02:16:14.160Z",
4390,941566778003,11000,WITHDRAWAL,"생활비 출금","2025-06-11T02:18:49.160Z",
4391,880334455004,785850,DEPOSIT,"보너스 입금","2025-06-11T02:36:59.160Z",
4392,941566778003,5500,PAYMENT,"카드대금 결제","2025-06-11T02:43:41.160Z",
4393,210123987002,1993564,DEPOSIT,"자금 이체","2025-06-11T02:53:02.160Z",
4394,210123987002,925974,TRANSFER,"월세 이체","2025-06-11T02:58:12.160Z",660555444333
4395,941566778003,5500,PAYMENT,"식비 결제","2025-06-11T04:05:18.160Z",
4396,110456789001,626749,TRANSFER,"친구에게 송금","2025-06-11T04:22:45.160Z",550987654321
4397,110456789001,238974,PAYMENT,"교통비 결제","2025-06-11T04:59:19.160Z",
4398,110456789001,1619466,DEPOSIT,"배당금 입금","2025-06-11T05:10:48.160Z",
4399,110456789001,34230,PAYMENT,"공과금 납부","2025-06-11T05:28:00.160Z",
4400,941566778003,5500,PAYMENT,"온라인 쇼핑","2025-06-11T07:22:36.160Z",
4401,880334455004,938586,DEPOSIT,"자금 이체","2025-06-11T07:25:37.160Z",
4402,210123987002,813802,TRANSFER,"가족 송금","2025-06-11T07:28:08.160Z",550987654321
4403,110456789001,831215,TRANSFER,"적금 이체","2025-06-11T07:35:48.160Z",550987654321
4404,880334455004,3202018,DEPOSIT,"배당금 입금","2025-06-11T07:49:33.160Z",
4405,210123987002,568439,TRANSFER,"적금 이체","2025-06-11T07:55:01.160Z",330111222333
4406,880334455004,1197335,DEPOSIT,"월급 입금","2025-06-11T08:13:14.160Z",
4407,110456789001,910683,TRANSFER,"친구에게 송금","2025-06-11T08:28:06.160Z",660555444333
4408,110456789001,1715822,DEPOSIT,"부업 수입","2025-06-11T08:30:38.160Z",
4409,941566778003,5500,PAYMENT,"카드대금 결제","2025-06-11T08:41:58.160Z",
4410,941566778003,5500,PAYMENT,"통신요금 납부","2025-06-11T09:39:50.160Z",
4411,110456789001,130725,WITHDRAWAL,"경조사비","2025-06-11T13:23:02.160Z",
4412,210123987002,3097472,DEPOSIT,"월급 입금","2025-06-12T00:12:28.160Z",
4413,210123987002,487974,WITHDRAWAL,"생활비 출금","2025-06-12T00:26:29.160Z",
4414,210123987002,720461,DEPOSIT,"배당금 입금","2025-06-12T00:49:40.160Z",
4415,941566778003,6000,PAYMENT,"식비 결제","2025-06-12T01:34:43.160Z",
4416,941566778003,12000,WITHDRAWAL,"생활비 출금","2025-06-12T03:18:54.160Z",
4417,941566778003,6000,PAYMENT,"통신요금 납부","2025-06-12T03:24:35.160Z",
4418,941566778003,12000,WITHDRAWAL,"생활비 출금","2025-06-12T03:28:42.160Z",
4419,880334455004,1993222,DEPOSIT,"월급 입금","2025-06-12T03:33:27.160Z",
4420,210123987002,292338,TRANSFER,"친구에게 송금","2025-06-12T03:40:34.160Z",660555444333
4421,941566778003,12000,WITHDRAWAL,"교육비 출금","2025-06-12T03:48:03.160Z",
4422,880334455004,3261744,DEPOSIT,"자금 이체","2025-06-12T04:14:36.160Z",
4423,210123987002,3492654,DEPOSIT,"자금 이체","2025-06-12T05:06:29.160Z",
4424,110456789001,312231,PAYMENT,"보험료 납부","2025-06-12T05:29:39.160Z",
4425,941566778003,12000,WITHDRAWAL,"ATM 출금","2025-06-12T05:33:38.160Z",
4426,210123987002,2504862,DEPOSIT,"월급 입금","2025-06-12T05:36:35.160Z",
4427,110456789001,436354,WITHDRAWAL,"의료비 출금","2025-06-12T06:02:17.160Z",
4428,110456789001,276742,PAYMENT,"식비 결제","2025-06-12T06:03:55.160Z",
4429,210123987002,1840391,DEPOSIT,"보너스 입금","2025-06-12T06:47:43.160Z",
4430,210123987002,816346,TRANSFER,"월세 이체","2025-06-12T08:19:22.160Z",770123456789
4431,210123987002,573699,WITHDRAWAL,"교육비 출금","2025-06-12T09:02:40.160Z",
4432,880334455004,402791,DEPOSIT,"자금 이체","2025-06-12T09:05:05.160Z",
4433,110456789001,1877956,DEPOSIT,"자금 이체","2025-06-12T10:11:27.160Z",
4434,110456789001,724889,TRANSFER,"적금 이체","2025-06-12T10:18:55.160Z",550987654321
4435,941566778003,12000,WITHDRAWAL,"교육비 출금","2025-06-12T11:33:49.160Z",
4436,880334455004,1675078,DEPOSIT,"월급 입금","2025-06-12T11:33:57.160Z",
4437,110456789001,164909,WITHDRAWAL,"의료비 출금","2025-06-12T11:41:44.160Z",
4438,210123987002,1750469,DEPOSIT,"보너스 입금","2025-06-12T11:52:16.160Z",
4439,110456789001,229550,WITHDRAWAL,"교육비 출금","2025-06-12T12:13:43.160Z",
4440,210123987002,187476,WITHDRAWAL,"의료비 출금","2025-06-12T12:34:33.160Z",
4441,880334455004,2048678,DEPOSIT,"부업 수입","2025-06-12T12:43:09.160Z",
4442,880334455004,1007260,DEPOSIT,"배당금 입금","2025-06-12T12:54:45.160Z",
4443,110456789001,1101307,DEPOSIT,"부업 수입","2025-06-12T12:58:17.160Z",
4444,210123987002,42844,TRANSFER,"월세 이체","2025-06-12T13:00:30.160Z",660555444333
4445,110456789001,189895,TRANSFER,"월세 이체","2025-06-12T13:12:35.160Z",330111222333
4446,110456789001,569815,WITHDRAWAL,"ATM 출금","2025-06-12T13:30:01.160Z",
4447,110456789001,98906,DEPOSIT,"보너스 입금","2025-06-12T13:49:45.160Z",
4448,941566778003,6000,PAYMENT,"식비 결제","2025-06-12T13:59:01.160Z",
4449,210123987002,570073,WITHDRAWAL,"생활비 출금","2025-06-13T01:56:54.160Z",
4450,941566778003,6500,PAYMENT,"카드대금 결제","2025-06-13T03:07:06.160Z",
4451,880334455004,2471760,DEPOSIT,"보너스 입금","2025-06-13T04:16:34.160Z",
4452,210123987002,607985,WITHDRAWAL,"ATM 출금","2025-06-13T04:52:20.160Z",
4453,880334455004,1497444,DEPOSIT,"월급 입금","2025-06-13T07:22:07.160Z",
4454,880334455004,2934114,DEPOSIT,"보너스 입금","2025-06-13T07:49:36.160Z",
4455,210123987002,460613,WITHDRAWAL,"경조사비","2025-06-13T09:22:32.160Z",
4456,880334455004,640079,DEPOSIT,"배당금 입금","2025-06-13T12:26:37.160Z",
4457,110456789001,3212459,DEPOSIT,"자금 이체","2025-06-13T12:41:51.160Z",
4458,880334455004,2241016,DEPOSIT,"배당금 입금","2025-06-14T00:06:58.160Z",
4459,941566778003,3849,PAYMENT,"통신요금 납부","2025-06-14T00:07:32.160Z",
4460,880334455004,1410003,DEPOSIT,"보너스 입금","2025-06-14T05:19:52.160Z",
4461,880334455004,2065658,DEPOSIT,"월급 입금","2025-06-14T05:56:43.160Z",
4462,880334455004,221365,DEPOSIT,"부업 수입","2025-06-14T06:06:22.160Z",
4463,941566778003,11000,WITHDRAWAL,"의료비 출금","2025-06-14T07:05:18.160Z",
4464,110456789001,142277,PAYMENT,"카드대금 결제","2025-06-14T07:53:14.160Z",
4465,941566778003,11000,WITHDRAWAL,"ATM 출금","2025-06-14T08:15:53.160Z",
4466,210123987002,2960057,DEPOSIT,"자금 이체","2025-06-14T08:45:08.160Z",
4467,210123987002,958897,TRANSFER,"대출이자 납부","2025-06-14T09:45:48.160Z",330111222333
4468,210123987002,669199,TRANSFER,"월세 이체","2025-06-14T10:11:30.160Z",660555444333
4469,941566778003,11000,WITHDRAWAL,"생활비 출금","2025-06-14T10:40:56.160Z",
4470,110456789001,528101,TRANSFER,"적금 이체","2025-06-14T10:56:29.160Z",330111222333
4471,210123987002,184613,WITHDRAWAL,"생활비 출금","2025-06-14T10:57:19.160Z",
4472,880334455004,2033635,DEPOSIT,"월급 입금","2025-06-14T11:09:12.160Z",
4473,880334455004,2256549,DEPOSIT,"월급 입금","2025-06-14T11:31:20.160Z",
4474,880334455004,1455161,DEPOSIT,"보너스 입금","2025-06-14T12:16:59.160Z",
4475,210123987002,995706,TRANSFER,"가족 송금","2025-06-14T12:42:05.160Z",330111222333
4476,110456789001,538578,WITHDRAWAL,"의료비 출금","2025-06-14T13:04:52.160Z",
4477,110456789001,528534,DEPOSIT,"보너스 입금","2025-06-14T13:44:01.160Z",
4478,880334455004,970758,DEPOSIT,"월급 입금","2025-06-15T00:04:29.160Z",
4479,880334455004,1704890,DEPOSIT,"보너스 입금","2025-06-15T00:07:51.160Z",
4480,210123987002,544397,TRANSFER,"월세 이체","2025-06-15T00:54:08.160Z",330111222333
4481,110456789001,340374,TRANSFER,"대출이자 납부","2025-06-15T02:44:33.160Z",330111222333
4482,210123987002,530544,TRANSFER,"가족 송금","2025-06-15T03:41:02.160Z",550987654321
4483,110456789001,221184,WITHDRAWAL,"의료비 출금","2025-06-15T04:35:40.160Z",
4484,880334455004,1731922,DEPOSIT,"부업 수입","2025-06-15T04:36:56.160Z",
4485,110456789001,562574,TRANSFER,"대출이자 납부","2025-06-15T04:55:38.160Z",550987654321
4486,880334455004,1468614,DEPOSIT,"자금 이체","2025-06-15T05:33:08.160Z",
4487,941566778003,7000,WITHDRAWAL,"ATM 출금","2025-06-15T06:33:10.160Z",
4488,880334455004,2024830,DEPOSIT,"보너스 입금","2025-06-15T06:46:12.160Z",
4489,941566778003,2450,PAYMENT,"공과금 납부","2025-06-15T07:13:43.160Z",
4490,210123987002,304671,WITHDRAWAL,"교육비 출금","2025-06-15T07:19:20.160Z",
4491,210123987002,462190,DEPOSIT,"배당금 입금","2025-06-15T07:52:16.160Z",
4492,941566778003,7000,WITHDRAWAL,"교육비 출금","2025-06-15T07:58:16.160Z",
4493,210123987002,687166,TRANSFER,"친구에게 송금","2025-06-15T09:44:07.160Z",550987654321
4494,210123987002,1071834,DEPOSIT,"부업 수입","2025-06-15T09:58:29.160Z",
4495,941566778003,2450,PAYMENT,"공과금 납부","2025-06-15T10:06:33.160Z",
4496,210123987002,484182,TRANSFER,"적금 이체","2025-06-15T11:17:29.160Z",550987654321
4497,210123987002,348473,TRANSFER,"적금 이체","2025-06-15T11:52:33.160Z",330111222333
4498,941566778003,2450,PAYMENT,"공과금 납부","2025-06-15T12:17:32.160Z",
4499,110456789001,320110,WITHDRAWAL,"교육비 출금","2025-06-15T12:22:29.160Z",
4500,941566778003,2450,PAYMENT,"온라인 쇼핑","2025-06-15T12:42:07.160Z",
4501,941566778003,2450,PAYMENT,"보험료 납부","2025-06-15T12:51:40.160Z",
4502,110456789001,387728,TRANSFER,"대출이자 납부","2025-06-15T12:58:22.160Z",550987654321
4503,880334455004,1633592,DEPOSIT,"보너스 입금","2025-06-15T13:29:33.160Z",
4504,941566778003,7000,WITHDRAWAL,"경조사비","2025-06-15T13:56:47.160Z",
4505,941566778003,10000,WITHDRAWAL,"경조사비","2025-06-16T00:18:33.160Z",
4506,880334455004,488964,DEPOSIT,"자금 이체","2025-06-16T00:21:07.160Z",
4507,880334455004,2929596,DEPOSIT,"보너스 입금","2025-06-16T00:35:32.160Z",
4508,110456789001,2249776,DEPOSIT,"배당금 입금","2025-06-16T01:20:04.160Z",
4509,880334455004,1792799,DEPOSIT,"자금 이체","2025-06-16T01:39:51.160Z",
4510,880334455004,2156220,DEPOSIT,"월급 입금","2025-06-16T02:08:37.160Z",
4511,110456789001,578823,DEPOSIT,"배당금 입금","2025-06-16T02:41:57.160Z",
4512,880334455004,2245067,DEPOSIT,"배당금 입금","2025-06-16T02:55:54.160Z",
4513,110456789001,2080390,DEPOSIT,"월급 입금","2025-06-16T03:29:15.160Z",
4514,941566778003,10000,WITHDRAWAL,"교육비 출금","2025-06-16T03:44:22.160Z",
4515,941566778003,5000,PAYMENT,"카드대금 결제","2025-06-16T04:24:20.160Z",
4516,110456789001,553411,TRANSFER,"대출이자 납부","2025-06-16T06:12:57.160Z",660555444333
4517,210123987002,436796,WITHDRAWAL,"ATM 출금","2025-06-16T07:16:03.160Z",
4518,110456789001,308628,WITHDRAWAL,"교육비 출금","2025-06-16T08:16:10.160Z",
4519,110456789001,2024039,DEPOSIT,"월급 입금","2025-06-16T09:17:44.160Z",
4520,110456789001,568847,DEPOSIT,"월급 입금","2025-06-16T09:46:03.160Z",
4521,941566778003,10000,WITHDRAWAL,"생활비 출금","2025-06-16T10:36:19.160Z",
4522,210123987002,560295,DEPOSIT,"부업 수입","2025-06-16T11:45:06.160Z",
4523,880334455004,1498480,DEPOSIT,"보너스 입금","2025-06-16T11:50:32.160Z",
4524,210123987002,115212,WITHDRAWAL,"ATM 출금","2025-06-16T12:12:50.160Z",
4525,210123987002,610411,TRANSFER,"적금 이체","2025-06-16T12:15:04.160Z",770123456789
4526,880334455004,121497,DEPOSIT,"월급 입금","2025-06-16T12:45:14.160Z",
4527,941566778003,10000,WITHDRAWAL,"생활비 출금","2025-06-17T00:36:04.160Z",
4528,941566778003,5000,PAYMENT,"통신요금 납부","2025-06-17T03:40:25.160Z",
4529,110456789001,278111,WITHDRAWAL,"경조사비","2025-06-17T03:41:05.160Z",
4530,880334455004,57397,DEPOSIT,"부업 수입","2025-06-17T04:37:13.160Z",
4531,880334455004,1236435,DEPOSIT,"배당금 입금","2025-06-17T04:44:44.160Z",
4532,941566778003,5000,PAYMENT,"온라인 쇼핑","2025-06-17T05:12:36.160Z",
4533,941566778003,10000,WITHDRAWAL,"의료비 출금","2025-06-17T05:30:21.160Z",
4534,941566778003,5000,PAYMENT,"식비 결제","2025-06-17T05:30:43.160Z",
4535,210123987002,86728,WITHDRAWAL,"교육비 출금","2025-06-17T05:30:49.160Z",
4536,110456789001,370866,WITHDRAWAL,"생활비 출금","2025-06-17T05:49:52.160Z",
4537,210123987002,2275649,DEPOSIT,"부업 수입","2025-06-17T06:01:32.160Z",
4538,880334455004,2446661,DEPOSIT,"자금 이체","2025-06-17T06:30:21.160Z",
4539,941566778003,10000,WITHDRAWAL,"생활비 출금","2025-06-17T07:41:31.160Z",
4540,210123987002,2622607,DEPOSIT,"월급 입금","2025-06-17T09:23:42.160Z",
4541,210123987002,395558,TRANSFER,"대출이자 납부","2025-06-17T10:06:10.160Z",770123456789
4542,941566778003,10000,WITHDRAWAL,"의료비 출금","2025-06-17T10:26:32.160Z",
4543,110456789001,303254,WITHDRAWAL,"ATM 출금","2025-06-17T10:30:18.160Z",
4544,210123987002,50518,TRANSFER,"적금 이체","2025-06-17T10:36:06.160Z",550987654321
4545,210123987002,977462,TRANSFER,"가족 송금","2025-06-17T10:53:45.160Z",330111222333
4546,880334455004,2961396,DEPOSIT,"자금 이체","2025-06-17T11:01:07.160Z",
4547,210123987002,389422,WITHDRAWAL,"의료비 출금","2025-06-17T11:31:56.160Z",
4548,110456789001,1276990,DEPOSIT,"부업 수입","2025-06-17T12:12:03.160Z",
4549,210123987002,999744,TRANSFER,"가족 송금","2025-06-17T12:30:56.160Z",550987654321
4550,941566778003,10000,WITHDRAWAL,"ATM 출금","2025-06-17T13:32:57.160Z",
4551,880334455004,2546673,DEPOSIT,"자금 이체","2025-06-17T13:43:04.160Z",
4552,941566778003,11000,WITHDRAWAL,"교육비 출금","2025-06-18T00:40:47.160Z",
4553,110456789001,368992,TRANSFER,"적금 이체","2025-06-18T00:48:04.160Z",660555444333
4554,880334455004,1127777,DEPOSIT,"보너스 입금","2025-06-18T01:18:15.160Z",
4555,941566778003,11000,WITHDRAWAL,"경조사비","2025-06-18T02:01:21.160Z",
4556,210123987002,89289,WITHDRAWAL,"생활비 출금","2025-06-18T02:08:27.160Z",
4557,110456789001,275000,PAYMENT,"식비 결제","2025-06-18T02:21:25.160Z",
4558,880334455004,3237280,DEPOSIT,"배당금 입금","2025-06-18T02:44:42.160Z",
4559,110456789001,781451,TRANSFER,"적금 이체","2025-06-18T03:08:37.160Z",550987654321
4560,110456789001,151139,PAYMENT,"교통비 결제","2025-06-18T04:08:30.160Z",
4561,210123987002,1089355,TRANSFER,"친구에게 송금","2025-06-18T06:44:01.160Z",330111222333
4562,110456789001,434566,TRANSFER,"적금 이체","2025-06-18T06:46:36.160Z",770123456789
4563,110456789001,803064,TRANSFER,"대출이자 납부","2025-06-18T06:51:09.160Z",660555444333
4564,880334455004,1867401,DEPOSIT,"월급 입금","2025-06-18T07:02:12.160Z",
4565,210123987002,505462,WITHDRAWAL,"생활비 출금","2025-06-18T07:16:17.160Z",
4566,210123987002,162833,TRANSFER,"월세 이체","2025-06-18T07:16:24.160Z",660555444333
4567,941566778003,5500,PAYMENT,"공과금 납부","2025-06-18T08:12:18.160Z",
4568,210123987002,83034,DEPOSIT,"자금 이체","2025-06-18T09:15:17.160Z",
4569,210123987002,1050845,TRANSFER,"적금 이체","2025-06-18T09:23:13.160Z",550987654321
4570,880334455004,1679608,DEPOSIT,"월급 입금","2025-06-18T10:01:24.160Z",
4571,880334455004,2892919,DEPOSIT,"부업 수입","2025-06-18T10:11:59.160Z",
4572,210123987002,342378,WITHDRAWAL,"교육비 출금","2025-06-18T11:11:52.160Z",
4573,110456789001,188928,PAYMENT,"교통비 결제","2025-06-18T12:13:33.160Z",
4574,110456789001,144414,PAYMENT,"공과금 납부","2025-06-18T13:14:31.160Z",
4575,110456789001,18472,WITHDRAWAL,"ATM 출금","2025-06-19T01:40:07.160Z",
4576,880334455004,208761,DEPOSIT,"배당금 입금","2025-06-19T02:30:10.160Z",
4577,210123987002,2241099,DEPOSIT,"배당금 입금","2025-06-19T03:59:49.160Z",
4578,941566778003,6000,PAYMENT,"카드대금 결제","2025-06-19T04:03:01.160Z",
4579,210123987002,2364275,DEPOSIT,"월급 입금","2025-06-19T04:12:26.160Z",
4580,880334455004,2395629,DEPOSIT,"부업 수입","2025-06-19T04:46:06.160Z",
4581,880334455004,2427245,DEPOSIT,"부업 수입","2025-06-19T05:23:22.160Z",
4582,210123987002,859303,TRANSFER,"대출이자 납부","2025-06-19T05:55:34.160Z",550987654321
4583,210123987002,705679,TRANSFER,"대출이자 납부","2025-06-19T05:56:35.160Z",770123456789
4584,941566778003,6000,PAYMENT,"교통비 결제","2025-06-19T06:43:24.160Z",
4585,210123987002,325556,TRANSFER,"대출이자 납부","2025-06-19T07:40:31.160Z",660555444333
4586,880334455004,2383123,DEPOSIT,"배당금 입금","2025-06-19T07:49:19.160Z",
4587,941566778003,12000,WITHDRAWAL,"생활비 출금","2025-06-19T09:16:47.160Z",
4588,880334455004,831162,DEPOSIT,"자금 이체","2025-06-19T10:38:12.160Z",
4589,880334455004,553132,DEPOSIT,"부업 수입","2025-06-19T10:39:05.160Z",
4590,941566778003,6000,PAYMENT,"공과금 납부","2025-06-19T10:51:42.160Z",
4591,210123987002,1309442,DEPOSIT,"배당금 입금","2025-06-19T10:54:51.160Z",
4592,880334455004,957307,DEPOSIT,"보너스 입금","2025-06-19T10:55:25.160Z",
4593,941566778003,12000,WITHDRAWAL,"ATM 출금","2025-06-19T11:31:50.160Z",
4594,880334455004,820641,DEPOSIT,"월급 입금","2025-06-19T11:44:45.160Z",
4595,880334455004,1388710,DEPOSIT,"자금 이체","2025-06-19T11:57:15.160Z",
4596,880334455004,2361267,DEPOSIT,"부업 수입","2025-06-19T13:07:44.160Z",
4597,110456789001,315505,PAYMENT,"카드대금 결제","2025-06-19T13:46:35.160Z",
4598,110456789001,287901,DEPOSIT,"자금 이체","2025-06-20T01:43:04.160Z",
4599,941566778003,6500,PAYMENT,"교통비 결제","2025-06-20T03:41:10.160Z",
4600,110456789001,1094308,DEPOSIT,"보너스 입금","2025-06-20T04:10:08.160Z",
4601,880334455004,654016,DEPOSIT,"월급 입금","2025-06-20T05:06:10.160Z",
4602,110456789001,106991,WITHDRAWAL,"생활비 출금","2025-06-20T06:01:21.160Z",
4603,110456789001,1122082,TRANSFER,"적금 이체","2025-06-20T06:56:05.160Z",550987654321
4604,880334455004,1530220,DEPOSIT,"월급 입금","2025-06-20T07:04:38.160Z",
4605,880334455004,2875212,DEPOSIT,"월급 입금","2025-06-20T07:17:33.160Z",
4606,110456789001,1174907,TRANSFER,"친구에게 송금","2025-06-20T08:23:59.160Z",770123456789
4607,941566778003,13000,WITHDRAWAL,"교육비 출금","2025-06-20T08:38:09.160Z",
4608,210123987002,1050829,TRANSFER,"가족 송금","2025-06-20T09:50:33.160Z",660555444333
4609,210123987002,75478,DEPOSIT,"월급 입금","2025-06-20T10:21:34.160Z",
4610,880334455004,1583532,DEPOSIT,"배당금 입금","2025-06-20T10:41:32.160Z",
4611,110456789001,1032725,TRANSFER,"적금 이체","2025-06-20T12:11:00.160Z",330111222333
4612,880334455004,736409,DEPOSIT,"월급 입금","2025-06-20T12:31:14.160Z",
4613,941566778003,13000,WITHDRAWAL,"경조사비","2025-06-20T13:01:43.160Z",
4614,941566778003,13000,WITHDRAWAL,"의료비 출금","2025-06-20T13:29:58.160Z",
4615,110456789001,1397005,DEPOSIT,"부업 수입","2025-06-21T00:01:52.160Z",
4616,941566778003,3849,PAYMENT,"온라인 쇼핑","2025-06-21T00:29:56.160Z",
4617,941566778003,3849,PAYMENT,"교통비 결제","2025-06-21T01:10:12.160Z",
4618,880334455004,2450759,DEPOSIT,"보너스 입금","2025-06-21T01:17:16.160Z",
4619,210123987002,2384539,DEPOSIT,"보너스 입금","2025-06-21T04:53:45.160Z",
4620,210123987002,135582,DEPOSIT,"부업 수입","2025-06-21T05:03:49.160Z",
4621,110456789001,2907045,DEPOSIT,"월급 입금","2025-06-21T05:54:47.160Z",
4622,110456789001,174967,PAYMENT,"온라인 쇼핑","2025-06-21T06:25:21.160Z",
4623,110456789001,512616,WITHDRAWAL,"생활비 출금","2025-06-21T09:38:34.160Z",
4624,880334455004,313835,DEPOSIT,"부업 수입","2025-06-21T09:56:29.160Z",
4625,210123987002,24451,WITHDRAWAL,"ATM 출금","2025-06-21T10:04:52.160Z",
4626,941566778003,11000,WITHDRAWAL,"교육비 출금","2025-06-21T11:04:37.160Z",
4627,880334455004,2898140,DEPOSIT,"자금 이체","2025-06-21T11:35:11.160Z",
4628,210123987002,922789,TRANSFER,"가족 송금","2025-06-21T11:36:35.160Z",550987654321
4629,941566778003,3849,PAYMENT,"온라인 쇼핑","2025-06-21T11:48:26.160Z",
4630,941566778003,11000,WITHDRAWAL,"생활비 출금","2025-06-21T11:52:34.160Z",
4631,941566778003,3849,PAYMENT,"통신요금 납부","2025-06-21T12:15:07.160Z",
4632,210123987002,1768489,DEPOSIT,"자금 이체","2025-06-21T12:19:20.160Z",
4633,941566778003,11000,WITHDRAWAL,"생활비 출금","2025-06-21T12:52:04.160Z",
4634,210123987002,910614,TRANSFER,"적금 이체","2025-06-21T13:03:40.160Z",660555444333
4635,880334455004,1149604,DEPOSIT,"부업 수입","2025-06-21T13:18:30.160Z",
4636,941566778003,7000,WITHDRAWAL,"의료비 출금","2025-06-22T00:42:55.160Z",
4637,880334455004,397895,DEPOSIT,"월급 입금","2025-06-22T01:25:06.160Z",
4638,880334455004,1661584,DEPOSIT,"보너스 입금","2025-06-22T01:43:19.160Z",
4639,210123987002,771582,DEPOSIT,"월급 입금","2025-06-22T01:49:01.160Z",
4640,110456789001,175478,TRANSFER,"가족 송금","2025-06-22T02:16:43.160Z",660555444333
4641,880334455004,913615,DEPOSIT,"부업 수입","2025-06-22T03:26:58.160Z",
4642,941566778003,2450,PAYMENT,"보험료 납부","2025-06-22T03:30:59.160Z",
4643,880334455004,1637866,DEPOSIT,"부업 수입","2025-06-22T03:55:27.160Z",
4644,110456789001,43381,PAYMENT,"식비 결제","2025-06-22T05:18:02.160Z",
4645,880334455004,1557483,DEPOSIT,"보너스 입금","2025-06-22T05:50:07.160Z",
4646,941566778003,7000,WITHDRAWAL,"의료비 출금","2025-06-22T06:31:09.160Z",
4647,210123987002,282579,WITHDRAWAL,"ATM 출금","2025-06-22T06:48:34.160Z",
4648,880334455004,1430902,DEPOSIT,"보너스 입금","2025-06-22T07:01:25.160Z",
4649,110456789001,308529,TRANSFER,"가족 송금","2025-06-22T07:05:08.160Z",550987654321
4650,110456789001,1751280,DEPOSIT,"배당금 입금","2025-06-22T07:23:06.160Z",
4651,880334455004,1800206,DEPOSIT,"월급 입금","2025-06-22T07:54:27.160Z",
4652,880334455004,1222046,DEPOSIT,"배당금 입금","2025-06-22T09:49:06.160Z",
4653,210123987002,187968,TRANSFER,"월세 이체","2025-06-22T09:56:49.160Z",550987654321
4654,110456789001,346956,TRANSFER,"적금 이체","2025-06-22T09:58:07.160Z",330111222333
4655,210123987002,190287,DEPOSIT,"배당금 입금","2025-06-22T10:03:45.160Z",
4656,210123987002,135353,TRANSFER,"대출이자 납부","2025-06-22T10:41:56.160Z",660555444333
4657,880334455004,1196044,DEPOSIT,"부업 수입","2025-06-22T11:22:50.160Z",
4658,941566778003,2450,PAYMENT,"보험료 납부","2025-06-22T11:25:18.160Z",
4659,110456789001,17149,WITHDRAWAL,"ATM 출금","2025-06-22T11:45:50.160Z",
4660,110456789001,1566636,DEPOSIT,"월급 입금","2025-06-22T12:36:27.160Z",
4661,941566778003,10000,WITHDRAWAL,"생활비 출금","2025-06-23T00:16:06.160Z",
4662,110456789001,2573250,DEPOSIT,"월급 입금","2025-06-23T00:18:39.160Z",
4663,941566778003,10000,WITHDRAWAL,"교육비 출금","2025-06-23T00:33:43.160Z",
4664,110456789001,786451,DEPOSIT,"월급 입금","2025-06-23T02:04:29.160Z",
4665,880334455004,1117263,DEPOSIT,"자금 이체","2025-06-23T02:58:02.160Z",
4666,941566778003,10000,WITHDRAWAL,"ATM 출금","2025-06-23T03:10:11.160Z",
4667,941566778003,5000,PAYMENT,"식비 결제","2025-06-23T04:43:06.160Z",
4668,880334455004,352364,DEPOSIT,"보너스 입금","2025-06-23T04:59:30.160Z",
4669,110456789001,2816760,DEPOSIT,"월급 입금","2025-06-23T05:32:09.160Z",
4670,110456789001,72938,PAYMENT,"교통비 결제","2025-06-23T05:59:12.160Z",
4671,210123987002,461960,TRANSFER,"가족 송금","2025-06-23T06:26:29.160Z",660555444333
4672,210123987002,1416661,DEPOSIT,"배당금 입금","2025-06-23T07:03:25.160Z",
4673,110456789001,353511,WITHDRAWAL,"교육비 출금","2025-06-23T07:34:27.160Z",
4674,880334455004,1830922,DEPOSIT,"부업 수입","2025-06-23T08:27:49.160Z",
4675,110456789001,313321,WITHDRAWAL,"ATM 출금","2025-06-23T09:06:58.160Z",
4676,880334455004,1885694,DEPOSIT,"부업 수입","2025-06-23T09:49:25.160Z",
4677,941566778003,10000,WITHDRAWAL,"의료비 출금","2025-06-23T10:21:08.160Z",
4678,110456789001,462558,WITHDRAWAL,"ATM 출금","2025-06-23T11:28:40.160Z",
4679,110456789001,469329,WITHDRAWAL,"생활비 출금","2025-06-23T11:55:22.160Z",
4680,210123987002,2225306,DEPOSIT,"배당금 입금","2025-06-23T13:09:34.160Z",
4681,880334455004,89481,DEPOSIT,"자금 이체","2025-06-23T13:11:41.160Z",
4682,110456789001,195939,WITHDRAWAL,"경조사비","2025-06-23T13:21:49.160Z",
4683,941566778003,10000,WITHDRAWAL,"의료비 출금","2025-06-23T13:34:46.160Z",
4684,210123987002,913843,TRANSFER,"적금 이체","2025-06-23T13:42:39.160Z",330111222333
4685,880334455004,1580210,DEPOSIT,"보너스 입금","2025-06-23T13:51:39.160Z",
4686,880334455004,197398,DEPOSIT,"월급 입금","2025-06-24T00:19:49.160Z",
4687,110456789001,271731,WITHDRAWAL,"교육비 출금","2025-06-24T01:56:42.160Z",
4688,210123987002,485158,WITHDRAWAL,"생활비 출금","2025-06-24T03:02:07.160Z",
4689,210123987002,482775,TRANSFER,"월세 이체","2025-06-24T03:36:05.160Z",330111222333
4690,941566778003,5000,PAYMENT,"보험료 납부","2025-06-24T03:37:11.160Z",
4691,110456789001,1682582,DEPOSIT,"부업 수입","2025-06-24T03:39:28.160Z",
4692,941566778003,5000,PAYMENT,"온라인 쇼핑","2025-06-24T03:43:33.160Z",
4693,941566778003,5000,PAYMENT,"교통비 결제","2025-06-24T04:29:31.160Z",
4694,880334455004,2741889,DEPOSIT,"월급 입금","2025-06-24T05:26:33.160Z",
4695,210123987002,1477749,DEPOSIT,"부업 수입","2025-06-24T07:08:20.160Z",
4696,941566778003,5000,PAYMENT,"식비 결제","2025-06-24T08:23:45.160Z",
4697,110456789001,1622277,DEPOSIT,"부업 수입","2025-06-24T08:28:48.160Z",
4698,110456789001,231130,WITHDRAWAL,"ATM 출금","2025-06-24T09:09:43.160Z",
4699,210123987002,571189,TRANSFER,"월세 이체","2025-06-24T09:14:28.160Z",770123456789
4700,880334455004,2686041,DEPOSIT,"배당금 입금","2025-06-24T09:30:19.160Z",
4701,880334455004,94481,DEPOSIT,"월급 입금","2025-06-24T09:32:46.160Z",
4702,941566778003,10000,WITHDRAWAL,"생활비 출금","2025-06-24T09:43:52.160Z",
4703,941566778003,10000,WITHDRAWAL,"경조사비","2025-06-24T10:57:39.160Z",
4704,110456789001,188146,PAYMENT,"통신요금 납부","2025-06-24T11:16:59.160Z",
4705,210123987002,2594775,DEPOSIT,"자금 이체","2025-06-24T11:27:31.160Z",
4706,210123987002,2834659,DEPOSIT,"보너스 입금","2025-06-24T11:31:33.160Z",
4707,941566778003,10000,WITHDRAWAL,"교육비 출금","2025-06-24T11:32:35.160Z",
4708,110456789001,261151,PAYMENT,"교통비 결제","2025-06-24T11:54:23.160Z",
4709,110456789001,146570,PAYMENT,"온라인 쇼핑","2025-06-24T12:31:35.160Z",
4710,210123987002,2501363,DEPOSIT,"월급 입금","2025-06-24T12:58:44.160Z",
4711,210123987002,2812772,DEPOSIT,"배당금 입금","2025-06-25T02:25:40.160Z",
4712,110456789001,948298,TRANSFER,"가족 송금","2025-06-25T02:37:06.160Z",550987654321
4713,941566778003,5500,PAYMENT,"통신요금 납부","2025-06-25T02:43:37.160Z",
4714,941566778003,5500,PAYMENT,"보험료 납부","2025-06-25T05:47:16.160Z",
4715,941566778003,5500,PAYMENT,"식비 결제","2025-06-25T06:14:37.160Z",
4716,880334455004,108611,DEPOSIT,"부업 수입","2025-06-25T09:27:16.160Z",
4717,880334455004,84314,DEPOSIT,"자금 이체","2025-06-25T10:18:58.160Z",
4718,941566778003,11000,WITHDRAWAL,"ATM 출금","2025-06-25T11:25:58.160Z",
4719,110456789001,191289,WITHDRAWAL,"의료비 출금","2025-06-25T11:32:01.160Z",
4720,210123987002,289827,WITHDRAWAL,"ATM 출금","2025-06-25T11:47:40.160Z",
4721,880334455004,2273762,DEPOSIT,"보너스 입금","2025-06-25T11:56:14.160Z",
4722,880334455004,2441010,DEPOSIT,"부업 수입","2025-06-25T12:38:53.160Z",
4723,110456789001,34373,PAYMENT,"카드대금 결제","2025-06-25T13:03:18.160Z",
4724,110456789001,761596,TRANSFER,"월세 이체","2025-06-25T13:55:01.160Z",660555444333
4725,210123987002,477388,WITHDRAWAL,"경조사비","2025-06-26T00:24:52.160Z",
4726,210123987002,293486,DEPOSIT,"배당금 입금","2025-06-26T03:03:45.160Z",
4727,210123987002,1126542,TRANSFER,"적금 이체","2025-06-26T04:17:46.160Z",330111222333
4728,210123987002,665699,TRANSFER,"가족 송금","2025-06-26T04:21:17.160Z",550987654321
4729,110456789001,207258,PAYMENT,"통신요금 납부","2025-06-26T04:48:36.160Z",
4730,110456789001,197329,PAYMENT,"식비 결제","2025-06-26T06:09:56.160Z",
4731,110456789001,353455,PAYMENT,"식비 결제","2025-06-26T06:14:29.160Z",
4732,880334455004,2074558,DEPOSIT,"보너스 입금","2025-06-26T09:23:48.160Z",
4733,880334455004,2071725,DEPOSIT,"보너스 입금","2025-06-26T09:34:39.160Z",
4734,941566778003,6000,PAYMENT,"교통비 결제","2025-06-26T09:52:53.160Z",
4735,880334455004,989255,DEPOSIT,"보너스 입금","2025-06-26T10:12:29.160Z",
4736,880334455004,2875967,DEPOSIT,"배당금 입금","2025-06-26T11:14:06.160Z",
4737,880334455004,2198931,DEPOSIT,"배당금 입금","2025-06-26T12:58:42.160Z",
4738,941566778003,12000,WITHDRAWAL,"교육비 출금","2025-06-26T13:12:26.160Z",
4739,110456789001,1077727,TRANSFER,"대출이자 납부","2025-06-26T13:22:41.160Z",770123456789
4740,110456789001,3222629,DEPOSIT,"자금 이체","2025-06-26T13:37:15.160Z",
4741,110456789001,192496,PAYMENT,"공과금 납부","2025-06-27T00:14:36.160Z",
4742,110456789001,518218,DEPOSIT,"부업 수입","2025-06-27T01:20:29.160Z",
4743,110456789001,1087348,TRANSFER,"친구에게 송금","2025-06-27T01:25:57.160Z",660555444333
4744,941566778003,13000,WITHDRAWAL,"의료비 출금","2025-06-27T02:31:47.160Z",
4745,210123987002,247130,TRANSFER,"월세 이체","2025-06-27T02:38:46.160Z",550987654321
4746,941566778003,13000,WITHDRAWAL,"교육비 출금","2025-06-27T02:48:55.160Z",
4747,210123987002,2099068,DEPOSIT,"보너스 입금","2025-06-27T02:55:04.160Z",
4748,880334455004,3198534,DEPOSIT,"월급 입금","2025-06-27T03:19:24.160Z",
4749,941566778003,13000,WITHDRAWAL,"ATM 출금","2025-06-27T03:54:21.160Z",
4750,880334455004,3636721,DEPOSIT,"부업 수입","2025-06-27T05:02:30.160Z",
4751,941566778003,13000,WITHDRAWAL,"생활비 출금","2025-06-27T05:12:31.160Z",
4752,210123987002,2057607,DEPOSIT,"보너스 입금","2025-06-27T05:18:10.160Z",
4753,210123987002,280043,WITHDRAWAL,"ATM 출금","2025-06-27T06:36:26.160Z",
4754,110456789001,2175189,DEPOSIT,"부업 수입","2025-06-27T07:24:41.160Z",
4755,110456789001,3015197,DEPOSIT,"자금 이체","2025-06-27T07:27:15.160Z",
4756,210123987002,1959570,DEPOSIT,"보너스 입금","2025-06-27T08:41:50.160Z",
4757,941566778003,6500,PAYMENT,"카드대금 결제","2025-06-27T10:27:40.160Z",
4758,880334455004,1235367,DEPOSIT,"배당금 입금","2025-06-27T11:52:35.160Z",
4759,880334455004,2380368,DEPOSIT,"배당금 입금","2025-06-27T12:04:20.160Z",
4760,880334455004,2364853,DEPOSIT,"배당금 입금","2025-06-27T12:06:07.160Z",
4761,941566778003,13000,WITHDRAWAL,"의료비 출금","2025-06-27T12:08:10.160Z",
4762,880334455004,2633905,DEPOSIT,"자금 이체","2025-06-27T12:35:39.160Z",
4763,880334455004,3564013,DEPOSIT,"월급 입금","2025-06-27T13:25:05.160Z",
4764,941566778003,6500,PAYMENT,"식비 결제","2025-06-27T13:56:15.160Z",
4765,210123987002,1976315,DEPOSIT,"월급 입금","2025-06-28T00:50:33.160Z",
4766,880334455004,375567,DEPOSIT,"월급 입금","2025-06-28T02:12:26.160Z",
4767,880334455004,846214,DEPOSIT,"배당금 입금","2025-06-28T02:33:28.160Z",
4768,210123987002,218664,WITHDRAWAL,"경조사비","2025-06-28T02:57:31.160Z",
4769,210123987002,830036,TRANSFER,"친구에게 송금","2025-06-28T03:30:22.160Z",770123456789
4770,210123987002,398699,TRANSFER,"월세 이체","2025-06-28T04:56:54.160Z",660555444333
4771,941566778003,3849,PAYMENT,"카드대금 결제","2025-06-28T05:01:05.160Z",
4772,210123987002,1224723,DEPOSIT,"보너스 입금","2025-06-28T06:39:39.160Z",
4773,880334455004,1263342,DEPOSIT,"배당금 입금","2025-06-28T07:00:38.160Z",
4774,880334455004,2865290,DEPOSIT,"부업 수입","2025-06-28T08:24:37.160Z",
4775,941566778003,3849,PAYMENT,"교통비 결제","2025-06-28T08:45:40.160Z",
4776,941566778003,3849,PAYMENT,"교통비 결제","2025-06-28T08:45:46.160Z",
4777,941566778003,3849,PAYMENT,"식비 결제","2025-06-28T09:07:52.160Z",
4778,941566778003,11000,WITHDRAWAL,"ATM 출금","2025-06-28T09:46:35.160Z",
4779,110456789001,589041,TRANSFER,"대출이자 납부","2025-06-28T10:09:04.160Z",550987654321
4780,110456789001,173847,WITHDRAWAL,"ATM 출금","2025-06-28T10:15:13.160Z",
4781,110456789001,208838,PAYMENT,"카드대금 결제","2025-06-28T10:19:21.160Z",
4782,110456789001,1008646,DEPOSIT,"보너스 입금","2025-06-28T12:22:56.160Z",
4783,941566778003,3849,PAYMENT,"카드대금 결제","2025-06-28T12:51:06.160Z",
4784,880334455004,88292,DEPOSIT,"부업 수입","2025-06-29T01:36:17.160Z",
4785,880334455004,593003,DEPOSIT,"자금 이체","2025-06-29T01:53:47.160Z",
4786,110456789001,40799,PAYMENT,"공과금 납부","2025-06-29T02:53:17.160Z",
4787,210123987002,466943,TRANSFER,"적금 이체","2025-06-29T03:26:39.160Z",770123456789
4788,941566778003,7000,WITHDRAWAL,"ATM 출금","2025-06-29T03:53:45.160Z",
4789,941566778003,7000,WITHDRAWAL,"교육비 출금","2025-06-29T04:18:14.160Z",
4790,210123987002,514512,TRANSFER,"월세 이체","2025-06-29T04:48:26.160Z",660555444333
4791,110456789001,763155,DEPOSIT,"월급 입금","2025-06-29T05:04:29.160Z",
4792,880334455004,1855044,DEPOSIT,"자금 이체","2025-06-29T05:18:04.160Z",
4793,210123987002,215834,WITHDRAWAL,"생활비 출금","2025-06-29T06:02:51.160Z",
4794,210123987002,105017,TRANSFER,"적금 이체","2025-06-29T06:14:31.160Z",770123456789
4795,110456789001,79956,PAYMENT,"카드대금 결제","2025-06-29T08:10:04.160Z",
4796,210123987002,80374,TRANSFER,"친구에게 송금","2025-06-29T09:14:32.160Z",330111222333
4797,110456789001,369886,TRANSFER,"월세 이체","2025-06-29T10:37:50.160Z",770123456789
4798,210123987002,298259,TRANSFER,"친구에게 송금","2025-06-29T10:44:10.160Z",770123456789
4799,941566778003,7000,WITHDRAWAL,"의료비 출금","2025-06-29T11:44:46.160Z",
4800,880334455004,1727686,DEPOSIT,"배당금 입금","2025-06-29T12:52:16.160Z",
4801,941566778003,7000,WITHDRAWAL,"ATM 출금","2025-06-29T13:34:47.160Z",
4802,210123987002,604861,TRANSFER,"월세 이체","2025-06-29T13:57:28.160Z",550987654321
4803,110456789001,1931739,DEPOSIT,"월급 입금","2025-06-29T13:57:51.160Z",
4804,210123987002,379705,TRANSFER,"가족 송금","2025-06-30T01:07:00.160Z",330111222333
4805,941566778003,10000,WITHDRAWAL,"교육비 출금","2025-06-30T04:17:35.160Z",
4806,941566778003,10000,WITHDRAWAL,"경조사비","2025-06-30T05:35:37.160Z",
4807,941566778003,10000,WITHDRAWAL,"경조사비","2025-06-30T06:11:03.160Z",
4808,210123987002,2379483,DEPOSIT,"부업 수입","2025-06-30T07:08:29.160Z",
4809,941566778003,5000,PAYMENT,"온라인 쇼핑","2025-06-30T07:08:44.160Z",
4810,210123987002,476311,DEPOSIT,"자금 이체","2025-06-30T09:09:37.160Z",
4811,110456789001,379984,DEPOSIT,"월급 입금","2025-06-30T09:40:32.160Z",
4812,880334455004,2202310,DEPOSIT,"월급 입금","2025-06-30T09:57:12.160Z",
4813,210123987002,1636376,DEPOSIT,"보너스 입금","2025-06-30T10:37:14.160Z",
4814,210123987002,1833335,DEPOSIT,"월급 입금","2025-06-30T11:01:26.160Z",
4815,110456789001,118453,PAYMENT,"공과금 납부","2025-06-30T11:04:20.160Z",
4816,210123987002,799278,TRANSFER,"친구에게 송금","2025-06-30T12:13:37.160Z",660555444333
4817,110456789001,101275,TRANSFER,"적금 이체","2025-06-30T12:32:02.160Z",770123456789
4818,941566778003,5000,PAYMENT,"교통비 결제","2025-06-30T12:42:08.160Z",
4819,110456789001,643327,TRANSFER,"적금 이체","2025-06-30T13:03:34.160Z",330111222333
4820,210123987002,2423979,DEPOSIT,"부업 수입","2025-06-30T13:49:17.160Z",
4821,941566778003,5000,PAYMENT,"보험료 납부","2025-06-30T13:53:45.160Z",
4822,941566778003,10000,WITHDRAWAL,"의료비 출금","2025-06-30T13:55:34.160Z",
4823,880334455004,452861,DEPOSIT,"보너스 입금","2025-07-01T00:08:58.160Z",
4824,110456789001,849229,TRANSFER,"적금 이체","2025-07-01T00:27:51.160Z",330111222333
4825,941566778003,5500,PAYMENT,"보험료 납부","2025-07-01T01:54:18.160Z",
4826,941566778003,11000,WITHDRAWAL,"생활비 출금","2025-07-01T02:09:12.160Z",
4827,110456789001,423987,TRANSFER,"대출이자 납부","2025-07-01T03:24:45.160Z",770123456789
4828,210123987002,2123177,DEPOSIT,"월급 입금","2025-07-01T03:31:07.160Z",
4829,880334455004,3195755,DEPOSIT,"부업 수입","2025-07-01T04:25:58.160Z",
4830,941566778003,5500,PAYMENT,"공과금 납부","2025-07-01T04:39:17.160Z",
4831,110456789001,17570,PAYMENT,"식비 결제","2025-07-01T04:45:08.160Z",
4832,110456789001,117809,PAYMENT,"공과금 납부","2025-07-01T06:43:43.160Z",
4833,880334455004,3037480,DEPOSIT,"월급 입금","2025-07-01T08:50:06.160Z",
4834,941566778003,11000,WITHDRAWAL,"경조사비","2025-07-01T09:19:46.160Z",
4835,210123987002,380869,WITHDRAWAL,"생활비 출금","2025-07-01T09:42:10.160Z",
4836,110456789001,306328,WITHDRAWAL,"경조사비","2025-07-01T10:07:56.160Z",
4837,941566778003,5500,PAYMENT,"온라인 쇼핑","2025-07-01T12:14:22.160Z",
4838,110456789001,479355,WITHDRAWAL,"ATM 출금","2025-07-01T13:17:31.160Z",
4839,880334455004,792258,DEPOSIT,"자금 이체","2025-07-01T13:22:09.160Z",
4840,210123987002,389305,TRANSFER,"대출이자 납부","2025-07-01T13:45:51.160Z",330111222333
4841,941566778003,5500,PAYMENT,"보험료 납부","2025-07-01T13:52:58.160Z",
4842,880334455004,1535514,DEPOSIT,"월급 입금","2025-07-02T00:26:58.160Z",
4843,110456789001,308586,TRANSFER,"대출이자 납부","2025-07-02T00:54:23.160Z",770123456789
4844,880334455004,2518855,DEPOSIT,"보너스 입금","2025-07-02T01:03:12.160Z",
4845,210123987002,553474,WITHDRAWAL,"의료비 출금","2025-07-02T01:33:49.160Z",
4846,880334455004,1852523,DEPOSIT,"부업 수입","2025-07-02T01:42:06.160Z",
4847,941566778003,6050,PAYMENT,"식비 결제","2025-07-02T02:37:46.160Z",
4848,210123987002,665293,TRANSFER,"친구에게 송금","2025-07-02T05:42:02.160Z",660555444333
4849,941566778003,12100,WITHDRAWAL,"ATM 출금","2025-07-02T06:53:47.160Z",
4850,941566778003,6050,PAYMENT,"공과금 납부","2025-07-02T06:54:34.160Z",
4851,110456789001,218352,PAYMENT,"카드대금 결제","2025-07-02T07:26:50.160Z",
4852,210123987002,275516,WITHDRAWAL,"생활비 출금","2025-07-02T07:34:59.160Z",
4853,880334455004,178908,DEPOSIT,"보너스 입금","2025-07-02T07:52:51.160Z",
4854,110456789001,122413,PAYMENT,"카드대금 결제","2025-07-02T08:58:27.160Z",
4855,210123987002,3328541,DEPOSIT,"월급 입금","2025-07-02T09:19:56.160Z",
4856,210123987002,288257,WITHDRAWAL,"교육비 출금","2025-07-02T09:21:06.160Z",
4857,210123987002,3520564,DEPOSIT,"월급 입금","2025-07-02T11:20:38.160Z",
4858,880334455004,667213,DEPOSIT,"부업 수입","2025-07-02T12:32:00.160Z",
4859,110456789001,428903,DEPOSIT,"자금 이체","2025-07-02T13:32:34.160Z",
4860,941566778003,13200,WITHDRAWAL,"의료비 출금","2025-07-03T00:17:00.160Z",
4861,941566778003,6600,PAYMENT,"교통비 결제","2025-07-03T01:39:24.160Z",
4862,880334455004,1796134,DEPOSIT,"배당금 입금","2025-07-03T02:38:12.160Z",
4863,880334455004,1977796,DEPOSIT,"자금 이체","2025-07-03T04:20:38.160Z",
4864,880334455004,492301,DEPOSIT,"월급 입금","2025-07-03T05:18:36.160Z",
4865,941566778003,6600,PAYMENT,"보험료 납부","2025-07-03T05:50:25.160Z",
4866,880334455004,2324639,DEPOSIT,"자금 이체","2025-07-03T05:58:47.160Z",
4867,880334455004,3505301,DEPOSIT,"보너스 입금","2025-07-03T07:34:07.160Z",
4868,941566778003,6600,PAYMENT,"온라인 쇼핑","2025-07-03T08:35:02.160Z",
4869,880334455004,2710307,DEPOSIT,"월급 입금","2025-07-03T10:06:49.160Z",
4870,210123987002,441797,WITHDRAWAL,"교육비 출금","2025-07-03T11:39:44.160Z",
4871,210123987002,646576,DEPOSIT,"부업 수입","2025-07-03T12:13:21.160Z",
4872,110456789001,443669,WITHDRAWAL,"생활비 출금","2025-07-03T12:34:54.160Z",
4873,941566778003,13200,WITHDRAWAL,"의료비 출금","2025-07-03T12:55:07.160Z",
4874,941566778003,13200,WITHDRAWAL,"ATM 출금","2025-07-03T13:03:23.160Z",
4875,941566778003,13200,WITHDRAWAL,"ATM 출금","2025-07-03T13:03:35.160Z",
4876,210123987002,1131938,DEPOSIT,"월급 입금","2025-07-04T00:06:21.160Z",
4877,210123987002,1325808,DEPOSIT,"배당금 입금","2025-07-04T00:49:38.160Z",
4878,880334455004,956275,DEPOSIT,"월급 입금","2025-07-04T00:52:33.160Z",
4879,210123987002,37840,WITHDRAWAL,"교육비 출금","2025-07-04T01:52:16.160Z",
4880,941566778003,14300,WITHDRAWAL,"의료비 출금","2025-07-04T02:45:52.160Z",
4881,210123987002,974396,TRANSFER,"적금 이체","2025-07-04T02:48:22.160Z",550987654321
4882,210123987002,4134001,DEPOSIT,"부업 수입","2025-07-04T02:53:36.160Z",
4883,941566778003,14300,WITHDRAWAL,"생활비 출금","2025-07-04T03:36:43.160Z",
4884,110456789001,384358,TRANSFER,"대출이자 납부","2025-07-04T03:40:09.160Z",660555444333
4885,210123987002,716189,TRANSFER,"대출이자 납부","2025-07-04T03:50:30.160Z",330111222333
4886,880334455004,3559108,DEPOSIT,"부업 수입","2025-07-04T04:20:49.160Z",
4887,880334455004,1961629,DEPOSIT,"배당금 입금","2025-07-04T04:45:59.160Z",
4888,110456789001,29058,PAYMENT,"통신요금 납부","2025-07-04T05:18:28.160Z",
4889,110456789001,845107,DEPOSIT,"배당금 입금","2025-07-04T05:21:41.160Z",
4890,210123987002,58388,WITHDRAWAL,"ATM 출금","2025-07-04T05:32:46.160Z",
4891,110456789001,810983,TRANSFER,"친구에게 송금","2025-07-04T05:48:35.160Z",330111222333
4892,941566778003,7150,PAYMENT,"공과금 납부","2025-07-04T06:52:54.160Z",
4893,880334455004,3871788,DEPOSIT,"자금 이체","2025-07-04T07:39:04.160Z",
4894,941566778003,14300,WITHDRAWAL,"경조사비","2025-07-04T07:45:50.160Z",
4895,941566778003,7150,PAYMENT,"식비 결제","2025-07-04T09:01:16.160Z",
4896,110456789001,1262141,TRANSFER,"대출이자 납부","2025-07-04T09:14:23.160Z",770123456789
4897,110456789001,1659585,DEPOSIT,"배당금 입금","2025-07-04T10:34:06.160Z",
4898,941566778003,14300,WITHDRAWAL,"생활비 출금","2025-07-04T11:15:16.160Z",
4899,941566778003,7150,PAYMENT,"보험료 납부","2025-07-04T12:40:38.160Z",
4900,210123987002,312927,WITHDRAWAL,"ATM 출금","2025-07-05T00:11:32.160Z",
4901,880334455004,3467654,DEPOSIT,"배당금 입금","2025-07-05T00:38:46.160Z",
4902,110456789001,10154,PAYMENT,"카드대금 결제","2025-07-05T00:54:15.160Z",
4903,880334455004,3299036,DEPOSIT,"자금 이체","2025-07-05T00:55:01.160Z",
4904,110456789001,182034,DEPOSIT,"배당금 입금","2025-07-05T01:26:47.160Z",
4905,110456789001,284616,WITHDRAWAL,"ATM 출금","2025-07-05T01:36:52.160Z",
4906,210123987002,594861,WITHDRAWAL,"의료비 출금","2025-07-05T03:47:38.160Z",
4907,210123987002,1615041,DEPOSIT,"보너스 입금","2025-07-05T03:56:20.160Z",
4908,110456789001,159046,WITHDRAWAL,"ATM 출금","2025-07-05T04:24:31.160Z",
4909,880334455004,2550352,DEPOSIT,"배당금 입금","2025-07-05T04:44:15.160Z",
4910,941566778003,4235,PAYMENT,"통신요금 납부","2025-07-05T06:19:37.160Z",
4911,941566778003,12100,WITHDRAWAL,"ATM 출금","2025-07-05T07:07:13.160Z",
4912,880334455004,3549340,DEPOSIT,"자금 이체","2025-07-05T07:21:18.160Z",
4913,210123987002,2547378,DEPOSIT,"자금 이체","2025-07-05T08:35:04.160Z",
4914,880334455004,1248776,DEPOSIT,"부업 수입","2025-07-05T08:57:52.160Z",
4915,880334455004,2329302,DEPOSIT,"자금 이체","2025-07-05T09:07:38.160Z",
4916,941566778003,4235,PAYMENT,"온라인 쇼핑","2025-07-05T09:16:41.160Z",
4917,941566778003,4235,PAYMENT,"온라인 쇼핑","2025-07-05T09:42:30.160Z",
4918,210123987002,246509,WITHDRAWAL,"ATM 출금","2025-07-05T09:42:34.160Z",
4919,941566778003,12100,WITHDRAWAL,"의료비 출금","2025-07-05T12:41:43.160Z",
4920,210123987002,3222636,DEPOSIT,"월급 입금","2025-07-05T13:31:13.160Z",
4921,880334455004,3431138,DEPOSIT,"자금 이체","2025-07-05T13:36:52.160Z",
4922,110456789001,7641,PAYMENT,"온라인 쇼핑","2025-07-05T13:47:01.160Z",
4923,941566778003,4235,PAYMENT,"카드대금 결제","2025-07-05T13:48:52.160Z",
4924,880334455004,1793785,DEPOSIT,"월급 입금","2025-07-06T00:34:38.160Z",
4925,941566778003,2695,PAYMENT,"카드대금 결제","2025-07-06T01:41:47.160Z",
4926,941566778003,7700,WITHDRAWAL,"교육비 출금","2025-07-06T02:02:56.160Z",
4927,941566778003,7700,WITHDRAWAL,"ATM 출금","2025-07-06T02:50:23.160Z",
4928,880334455004,1035715,DEPOSIT,"보너스 입금","2025-07-06T02:53:49.160Z",
4929,110456789001,30709,PAYMENT,"보험료 납부","2025-07-06T03:01:27.160Z",
4930,210123987002,67201,TRANSFER,"적금 이체","2025-07-06T03:26:33.160Z",770123456789
4931,880334455004,235600,DEPOSIT,"배당금 입금","2025-07-06T04:43:23.160Z",
4932,210123987002,2061815,DEPOSIT,"월급 입금","2025-07-06T08:09:11.160Z",
4933,941566778003,7700,WITHDRAWAL,"ATM 출금","2025-07-06T08:43:35.160Z",
4934,110456789001,379584,TRANSFER,"대출이자 납부","2025-07-06T09:27:18.160Z",660555444333
4935,941566778003,7700,WITHDRAWAL,"교육비 출금","2025-07-06T10:01:01.160Z",
4936,880334455004,2079821,DEPOSIT,"보너스 입금","2025-07-06T10:18:58.160Z",
4937,210123987002,460959,DEPOSIT,"배당금 입금","2025-07-06T10:25:33.160Z",
4938,880334455004,1298997,DEPOSIT,"배당금 입금","2025-07-06T10:28:47.160Z",
4939,880334455004,1899173,DEPOSIT,"배당금 입금","2025-07-06T11:42:12.160Z",
4940,880334455004,62489,DEPOSIT,"월급 입금","2025-07-06T12:05:32.160Z",
4941,880334455004,165145,DEPOSIT,"자금 이체","2025-07-06T12:23:01.160Z",
4942,941566778003,2695,PAYMENT,"교통비 결제","2025-07-06T13:05:56.160Z",
4943,880334455004,2131797,DEPOSIT,"자금 이체","2025-07-06T13:31:11.160Z",
4944,210123987002,728314,TRANSFER,"월세 이체","2025-07-07T01:57:35.160Z",770123456789
4945,110456789001,366532,WITHDRAWAL,"의료비 출금","2025-07-07T02:06:35.160Z",
4946,880334455004,1440308,DEPOSIT,"자금 이체","2025-07-07T03:44:13.160Z",
4947,880334455004,3200542,DEPOSIT,"월급 입금","2025-07-07T03:49:42.160Z",
4948,110456789001,3144674,DEPOSIT,"배당금 입금","2025-07-07T05:27:27.160Z",
4949,941566778003,11000,WITHDRAWAL,"의료비 출금","2025-07-07T05:40:37.160Z",
4950,880334455004,508066,DEPOSIT,"월급 입금","2025-07-07T05:48:28.160Z",
4951,880334455004,2718836,DEPOSIT,"자금 이체","2025-07-07T06:13:14.160Z",
4952,941566778003,11000,WITHDRAWAL,"생활비 출금","2025-07-07T06:25:26.160Z",
4953,210123987002,1091119,TRANSFER,"친구에게 송금","2025-07-07T06:43:27.160Z",550987654321
4954,110456789001,578881,DEPOSIT,"배당금 입금","2025-07-07T07:17:13.160Z",
4955,941566778003,5500,PAYMENT,"식비 결제","2025-07-07T07:27:25.160Z",
4956,210123987002,831920,TRANSFER,"대출이자 납부","2025-07-07T07:36:00.160Z",330111222333
4957,941566778003,5500,PAYMENT,"공과금 납부","2025-07-07T07:59:05.160Z",
4958,880334455004,3286759,DEPOSIT,"부업 수입","2025-07-07T08:34:40.160Z",
4959,210123987002,2677949,DEPOSIT,"배당금 입금","2025-07-07T08:44:28.160Z",
4960,941566778003,11000,WITHDRAWAL,"생활비 출금","2025-07-07T09:04:08.160Z",
4961,110456789001,1050487,DEPOSIT,"자금 이체","2025-07-07T09:20:58.160Z",
4962,880334455004,2686067,DEPOSIT,"월급 입금","2025-07-07T09:34:42.160Z",
4963,210123987002,752129,TRANSFER,"대출이자 납부","2025-07-07T11:13:40.160Z",660555444333
4964,880334455004,2600395,DEPOSIT,"월급 입금","2025-07-07T11:35:50.160Z",
4965,210123987002,1081011,TRANSFER,"친구에게 송금","2025-07-07T11:44:20.160Z",330111222333
4966,210123987002,169182,WITHDRAWAL,"의료비 출금","2025-07-07T12:05:26.160Z",
4967,880334455004,2028916,DEPOSIT,"월급 입금","2025-07-07T12:08:32.160Z",
4968,880334455004,1811711,DEPOSIT,"자금 이체","2025-07-07T12:50:27.160Z",
4969,210123987002,2185392,DEPOSIT,"부업 수입","2025-07-07T13:59:25.160Z",
4970,110456789001,2620643,DEPOSIT,"자금 이체","2025-07-08T00:43:22.160Z",
4971,110456789001,297445,TRANSFER,"적금 이체","2025-07-08T01:16:05.160Z",330111222333
4972,941566778003,11000,WITHDRAWAL,"교육비 출금","2025-07-08T02:30:06.160Z",
4973,110456789001,678181,DEPOSIT,"보너스 입금","2025-07-08T03:02:14.160Z",
4974,210123987002,455809,WITHDRAWAL,"의료비 출금","2025-07-08T08:21:25.160Z",
4975,941566778003,5500,PAYMENT,"식비 결제","2025-07-08T09:13:11.160Z",
4976,941566778003,11000,WITHDRAWAL,"ATM 출금","2025-07-08T09:46:17.160Z",
4977,941566778003,11000,WITHDRAWAL,"교육비 출금","2025-07-08T10:20:30.160Z",
4978,880334455004,2653326,DEPOSIT,"배당금 입금","2025-07-08T11:37:29.160Z",
4979,110456789001,290597,PAYMENT,"식비 결제","2025-07-08T13:33:47.160Z",
4980,880334455004,660137,DEPOSIT,"부업 수입","2025-07-08T13:36:51.160Z",
4981,110456789001,2137483,DEPOSIT,"부업 수입","2025-07-09T00:12:16.160Z",
4982,210123987002,444522,WITHDRAWAL,"생활비 출금","2025-07-09T01:58:46.160Z",
4983,941566778003,12100,WITHDRAWAL,"ATM 출금","2025-07-09T02:24:52.160Z",
4984,880334455004,3232019,DEPOSIT,"배당금 입금","2025-07-09T03:38:58.160Z",
4985,210123987002,43442,TRANSFER,"대출이자 납부","2025-07-09T04:01:43.160Z",660555444333
4986,210123987002,1291865,DEPOSIT,"월급 입금","2025-07-09T04:13:20.160Z",
4987,110456789001,334606,PAYMENT,"식비 결제","2025-07-09T04:13:47.160Z",
4988,941566778003,12100,WITHDRAWAL,"의료비 출금","2025-07-09T05:13:20.160Z",
4989,880334455004,1527599,DEPOSIT,"자금 이체","2025-07-09T06:36:22.160Z",
4990,210123987002,71530,WITHDRAWAL,"ATM 출금","2025-07-09T07:20:25.160Z",
4991,941566778003,6050,PAYMENT,"식비 결제","2025-07-09T07:20:41.160Z",
4992,210123987002,783176,TRANSFER,"가족 송금","2025-07-09T07:26:47.160Z",330111222333
4993,941566778003,12100,WITHDRAWAL,"경조사비","2025-07-09T08:02:14.160Z",
4994,941566778003,12100,WITHDRAWAL,"경조사비","2025-07-09T09:49:58.160Z",
4995,941566778003,6050,PAYMENT,"통신요금 납부","2025-07-09T11:02:01.160Z",
4996,880334455004,1982376,DEPOSIT,"배당금 입금","2025-07-09T12:17:41.160Z",
4997,941566778003,6050,PAYMENT,"온라인 쇼핑","2025-07-09T13:05:15.160Z",
4998,110456789001,170981,PAYMENT,"공과금 납부","2025-07-09T13:34:08.160Z",
4999,110456789001,102346,TRANSFER,"적금 이체","2025-07-09T13:37:21.160Z",660555444333
5000,880334455004,2078325,DEPOSIT,"보너스 입금","2025-07-09T13:39:57.160Z",